-0.0248957,0.02919496,-0
-0.0248702,0.02921203,-0
-0.02484275,0.02923036,-0
-0.02481452,0.02924917,-0
-0.02478821,0.02926666,-0
-0.02475956,0.02928567,-0
-0.02473226,0.02930374,-0
-0.02470554,0.0293214,-0
-0.02467686,0.02934031,-0
-0.02465012,0.02935791,-0
-0.02462298,0.02937573,-0
-0.02459446,0.02939441,-0
-0.02456867,0.02941128,-0
-0.02453911,0.02943056,-0
-0.02451196,0.02944825,-0
-0.02448494,0.02946581,-0
-0.02445714,0.02948383,-0
-0.02442949,0.02950172,-0
-0.02440328,0.02951865,-0
-0.02437303,0.02953812,-0
-0.02434877,0.02955374,-0
-0.02431753,0.02957377,-0
-0.0242911,0.02959069,-0
-0.0242646,0.02960762,-0
-0.02423597,0.02962587,-0
-0.02420828,0.02964348,-0
-0.02418113,0.02966072,-0
-0.02415174,0.02967934,-0
-0.02412477,0.02969639,-0
-0.02409851,0.02971296,-0
-0.02406875,0.02973169,-0
-0.02404241,0.02974823,-0
-0.02401269,0.02976686,-0
-0.02398756,0.02978258,-0
-0.02395774,0.02980118,-0
-0.02392996,0.02981848,-0
-0.02390274,0.0298354,-0
-0.02387479,0.02985274,-0
-0.02384736,0.02986971,-0
-0.02381827,0.02988767,-0
-0.0237927,0.02990343,-0
-0.02376391,0.02992112,-0
-0.0237338,0.02993959,-0
-0.02370693,0.02995604,-0
-0.02367892,0.02997315,-0
-0.02365185,0.02998966,-0
-0.02362464,0.03000621,-0
-0.02359366,0.030025,-0
-0.0235681,0.03004049,-0
-0.02354052,0.03005716,-0
-0.02351085,0.03007504,-0
-0.02348312,0.03009173,-0
-0.02345537,0.03010839,-0
-0.02342768,0.03012498,-0
-0.02339904,0.0301421,-0
-0.0233707,0.030159,-0
-0.02334493,0.03017435,-0
-0.02331519,0.030192,-0
-0.02328682,0.03020881,-0
-0.02325838,0.03022562,-0
-0.02323011,0.03024231,-0
-0.02320297,0.03025829,-0
-0.0231749,0.03027477,-0
-0.0231449,0.03029235,-0
-0.02311767,0.03030828,-0
-0.02308895,0.03032504,-0
-0.02306362,0.0303398,-0
-0.02303238,0.03035794,-0
-0.02300585,0.03037333,-0
-0.02297585,0.03039068,-0
-0.02294876,0.03040632,-0
-0.02292109,0.03042225,-0
-0.02289217,0.03043887,-0
-0.02286479,0.03045457,-0
-0.02283529,0.03047144,-0
-0.02280734,0.0304874,-0
-0.02277836,0.0305039,-0
-0.02274975,0.03052016,-0
-0.02272195,0.03053593,-0
-0.0226935,0.03055203,-0
-0.02266625,0.03056742,-0
-0.02263705,0.03058386,-0
-0.0226082,0.03060007,-0
-0.02258093,0.03061537,-0
-0.02255087,0.03063218,-0
-0.02252553,0.03064633,-0
-0.02249435,0.03066369,-0
-0.02246648,0.03067918,-0
-0.02243845,0.03069472,-0
-0.02241067,0.03071009,-0
-0.02238041,0.03072679,-0
-0.02235259,0.03074212,-0
-0.02232581,0.03075683,-0
-0.02229301,0.03077481,-0
-0.02226804,0.03078848,-0
-0.02224023,0.03080366,-0
-0.02220965,0.0308203,-0
-0.02218157,0.03083556,-0
-0.02215361,0.03085072,-0
-0.02212395,0.03086676,-0
-0.02209705,0.03088127,-0
-0.02206654,0.0308977,-0
-0.02203879,0.03091261,-0
-0.02201127,0.03092736,-0
-0.02198081,0.03094364,-0
-0.02195364,0.03095814,-0
-0.02192454,0.03097362,-0
-0.02189482,0.0309894,-0
-0.02186739,0.03100394,-0
-0.02183948,0.03101869,-0
-0.02180884,0.03103484,-0
-0.02178074,0.03104964,-0
-0.02175114,0.03106517,-0
-0.02172451,0.03107913,-0
-0.0216954,0.03109434,-0
-0.02166729,0.03110898,-0
-0.02163743,0.03112451,-0
-0.02160864,0.03113945,-0
-0.02157913,0.03115472,-0
-0.02155097,0.03116927,-0
-0.02152348,0.03118344,-0
-0.02149378,0.0311987,-0
-0.02146475,0.03121359,-0
-0.02143471,0.03122896,-0
-0.02140805,0.03124257,-0
-0.02137815,0.0312578,-0
-0.02134892,0.03127265,-0
-0.02132208,0.03128625,-0
-0.02129081,0.03130206,-0
-0.02126276,0.03131621,-0
-0.02123589,0.03132974,-0
-0.02120358,0.03134596,-0
-0.02117842,0.03135857,-0
-0.02114641,0.03137455,-0
-0.02111833,0.03138856,-0
-0.02109025,0.03140252,-0
-0.02106113,0.03141697,-0
-0.02103218,0.03143129,-0
-0.02100252,0.03144594,-0
-0.02097512,0.03145944,-0
-0.02094251,0.03147545,-0
-0.02091855,0.03148722,-0
-0.02088663,0.03150282,-0
-0.02085642,0.03151755,-0
-0.02082897,0.03153092,-0
-0.0208019,0.03154407,-0
-0.02076906,0.03155996,-0
-0.02074212,0.03157299,-0
-0.02071223,0.0315874,-0
-0.02068426,0.03160085,-0
-0.02065612,0.03161435,-0
-0.02062602,0.03162874,-0
-0.02059611,0.03164302,-0
-0.02056879,0.03165603,-0
-0.02053712,0.03167107,-0
-0.0205102,0.03168383,-0
-0.02048217,0.03169708,-0
-0.02044862,0.03171289,-0
-0.02042404,0.03172447,-0
-0.02039226,0.03173937,-0
-0.02036407,0.03175256,-0
-0.02033393,0.03176663,-0
-0.02030695,0.03177921,-0
-0.02027679,0.03179321,-0
-0.020248,0.03180655,-0
-0.02021674,0.031821,-0
-0.02018985,0.03183341,-0
-0.02016034,0.03184698,-0
-0.02012993,0.03186093,-0
-0.02010133,0.03187402,-0
-0.02007234,0.03188726,-0
-0.02004275,0.03190073,-0
-0.02001375,0.0319139,-0
-0.01998601,0.03192647,-0
-0.01995365,0.03194109,-0
-0.01992765,0.03195282,-0
-0.01989654,0.0319668,-0
-0.01986686,0.03198011,-0
-0.01983831,0.03199289,-0
-0.01980941,0.03200578,-0
-0.01978036,0.03201871,-0
-0.01974898,0.03203264,-0
-0.01972216,0.03204452,-0
-0.01969093,0.03205831,-0
-0.01966379,0.03207027,-0
-0.01963189,0.03208428,-0
-0.01960338,0.03209678,-0
-0.01957397,0.03210964,-0
-0.01954504,0.03212226,-0
-0.01951732,0.03213432,-0
-0.01948484,0.03214839,-0
-0.01945806,0.03215999,-0
-0.019428,0.03217296,-0
-0.01939727,0.03218618,-0
-0.01936975,0.032198,-0
-0.01933821,0.0322115,-0
-0.01931049,0.03222334,-0
-0.01928134,0.03223575,-0
-0.01924869,0.03224962,-0
-0.01922341,0.03226034,-0
-0.01919294,0.03227321,-0
-0.019163,0.03228582,-0
-0.01913251,0.03229864,-0
-0.01910504,0.03231016,-0
-0.0190731,0.03232351,-0
-0.01904516,0.03233517,-0
-0.01901461,0.03234787,-0
-0.01898766,0.03235905,-0
-0.01895707,0.0323717,-0
-0.01892787,0.03238374,-0
-0.01889493,0.03239729,-0
-0.01886911,0.03240789,-0
-0.01883959,0.03241997,-0
-0.01880664,0.03243341,-0
-0.01878035,0.03244413,-0
-0.01875157,0.03245581,-0
-0.01871889,0.03246902,-0
-0.01869142,0.03248012,-0
-0.01866126,0.03249226,-0
-0.01863171,0.03250413,-0
-0.01860334,0.03251548,-0
-0.01857123,0.0325283,-0
-0.0185433,0.03253943,-0
-0.01851282,0.03255153,-0
-0.01848309,0.03256331,-0
-0.01845531,0.03257428,-0
-0.01842437,0.03258646,-0
-0.01839296,0.03259879,-0
-0.01836744,0.0326088,-0
-0.0183371,0.03262064,-0
-0.01830431,0.0326334,-0
-0.01827622,0.03264432,-0
-0.01824646,0.03265584,-0
-0.01821821,0.03266675,-0
-0.0181889,0.03267803,-0
-0.01815914,0.03268946,-0
-0.01812493,0.03270255,-0
-0.01809773,0.03271295,-0
-0.01807315,0.03272232,-0
-0.01803603,0.03273638,-0
-0.01801036,0.03274612,-0
-0.01797799,0.03275833,-0
-0.01795171,0.03276823,-0
-0.01792096,0.03277976,-0
-0.01789134,0.03279085,-0
-0.01786058,0.03280232,-0
-0.01783019,0.03281363,-0
-0.01780239,0.03282395,-0
-0.01777209,0.03283516,-0
-0.01774164,0.03284638,-0
-0.01771215,0.03285723,-0
-0.01768016,0.03286896,-0
-0.01765639,0.03287767,-0
-0.0176209,0.03289058,-0
-0.01759469,0.03290012,-0
-0.01756218,0.03291189,-0
-0.01753422,0.032922,-0
-0.01750487,0.03293258,-0
-0.01747347,0.03294385,-0
-0.01744544,0.03295389,-0
-0.01741579,0.03296448,-0
-0.01738184,0.03297655,-0
-0.01735528,0.03298599,-0
-0.01732655,0.03299616,-0
-0.01729732,0.03300646,-0
-0.01726375,0.03301826,-0
-0.01723391,0.03302873,-0
-0.01720911,0.03303741,-0
-0.01717469,0.03304939,-0
-0.017147,0.03305902,-0
-0.01711619,0.03306969,-0
-0.01708537,0.03308032,-0
-0.01705649,0.03309027,-0
-0.01702765,0.03310018,-0
-0.01699669,0.03311076,-0
-0.01696743,0.03312074,-0
-0.01693804,0.03313074,-0
-0.01690604,0.03314158,-0
-0.0168786,0.03315086,-0
-0.01684723,0.03316142,-0
-0.01681835,0.03317112,-0
-0.01678948,0.03318078,-0
-0.01675575,0.03319203,-0
-0.01672844,0.03320112,-0
-0.01669995,0.03321057,-0
-0.01666686,0.0332215,-0
-0.01663956,0.0332305,-0
-0.01660909,0.0332405,-0
-0.01657664,0.03325112,-0
-0.01655026,0.03325974,-0
-0.01651661,0.03327068,-0
-0.01648917,0.03327958,-0
-0.01645843,0.03328951,-0
-0.01643087,0.0332984,-0
-0.01639997,0.03330831,-0
-0.0163695,0.03331806,-0
-0.01633915,0.03332773,-0
-0.01630781,0.0333377,-0
-0.01628016,0.03334646,-0
-0.0162499,0.03335602,-0
-0.01621888,0.03336578,-0
-0.01618798,0.03337548,-0
-0.01616148,0.03338376,-0
-0.01612911,0.03339385,-0
-0.01610004,0.03340288,-0
-0.01606851,0.03341264,-0
-0.01603981,0.0334215,-0
-0.01601055,0.03343049,-0
-0.01597908,0.03344013,-0
-0.0159492,0.03344926,-0
-0.01591858,0.03345858,-0
-0.01589094,0.03346697,-0
-0.01585883,0.03347667,-0
-0.0158323,0.03348467,-0
-0.01579763,0.03349506,-0
-0.01576951,0.03350349,-0
-0.0157401,0.03351226,-0
-0.01570924,0.03352142,-0
-0.01568129,0.0335297,-0
-0.01564658,0.03353993,-0
-0.01562032,0.03354766,-0
-0.01559179,0.03355602,-0
-0.01555691,0.03356619,-0
-0.01553081,0.0335738,-0
-0.0154996,0.03358284,-0
-0.01546889,0.03359171,-0
-0.01544104,0.03359973,-0
-0.01541009,0.0336086,-0
-0.01537668,0.03361814,-0
-0.0153514,0.03362535,-0
-0.01531706,0.03363508,-0
-0.01529132,0.03364237,-0
-0.01525847,0.03365161,-0
-0.01523065,0.03365942,-0
-0.01519862,0.03366837,-0
-0.01516645,0.03367732,-0
-0.01514203,0.03368412,-0
-0.01510694,0.0336938,-0
-0.01507877,0.03370157,-0
-0.01504919,0.03370969,-0
-0.01501843,0.0337181,-0
-0.01499048,0.03372571,-0
-0.01495751,0.03373465,-0
-0.01492849,0.0337425,-0
-0.01489786,0.03375075,-0
-0.01486828,0.03375868,-0
-0.01484034,0.03376615,-0
-0.01480769,0.03377484,-0
-0.0147774,0.03378287,-0
-0.01474996,0.03379013,-0
-0.01471653,0.03379892,-0
-0.01468783,0.03380645,-0
-0.01466134,0.03381337,-0
-0.01462591,0.03382257,-0
-0.01459654,0.03383018,-0
-0.01456767,0.03383764,-0
-0.01453983,0.0338448,-0
-0.01450603,0.03385343,-0
-0.01447717,0.0338608,-0
-0.01444812,0.03386818,-0
-0.01441583,0.03387634,-0
-0.01438791,0.03388339,-0
-0.01435906,0.03389063,-0
-0.01432636,0.03389879,-0
-0.01429585,0.03390638,-0
-0.01426657,0.03391364,-0
-0.01423815,0.03392066,-0
-0.01420596,0.03392857,-0
-0.01417836,0.03393533,-0
-0.01414273,0.033944,-0
-0.01411984,0.03394958,-0
-0.01408273,0.03395853,-0
-0.01405816,0.03396447,-0
-0.01402557,0.03397227,-0
-0.01399586,0.03397936,-0
-0.01396686,0.03398626,-0
-0.01393745,0.03399322,-0
-0.0139022,0.03400151,-0
-0.0138778,0.03400726,-0
-0.01384462,0.034015,-0
-0.01381559,0.03402176,-0
-0.01378779,0.03402819,-0
-0.01375412,0.03403595,-0
-0.01372286,0.03404313,-0
-0.01369571,0.03404935,-0
-0.01366371,0.03405662,-0
-0.01363582,0.03406295,-0
-0.01360605,0.03406966,-0
-0.01357494,0.03407664,-0
-0.01354308,0.03408376,-0
-0.01351472,0.03409007,-0
-0.01348436,0.0340968,-0
-0.01345587,0.03410308,-0
-0.01342217,0.03411046,-0
-0.01339561,0.03411628,-0
-0.01336241,0.03412349,-0
-0.01333318,0.03412982,-0
-0.01330687,0.0341355,-0
-0.01327334,0.03414267,-0
-0.01324293,0.03414916,-0
-0.0132147,0.03415516,-0
-0.01318322,0.03416181,-0
-0.01315218,0.03416834,-0
-0.01312504,0.03417403,-0
-0.01309414,0.03418046,-0
-0.01306225,0.03418707,-0
-0.01303188,0.03419334,-0
-0.01300345,0.03419918,-0
-0.01297551,0.03420489,-0
-0.01294073,0.03421195,-0
-0.0129135,0.03421747,-0
-0.01288234,0.03422374,-0
-0.01285542,0.03422913,-0
-0.01281981,0.03423622,-0
-0.0127929,0.03424156,-0
-0.01276413,0.03424723,-0
-0.01273081,0.03425376,-0
-0.01270142,0.03425951,-0
-0.01267486,0.03426468,-0
-0.01264057,0.03427128,-0
-0.01261228,0.03427673,-0
-0.01258195,0.03428253,-0
-0.0125522,0.03428819,-0
-0.01252307,0.0342937,-0
-0.01249382,0.0342992,-0
-0.01246326,0.03430491,-0
-0.01242901,0.03431128,-0
-0.0124034,0.03431604,-0
-0.01237257,0.0343217,-0
-0.01233941,0.03432778,-0
-0.01231358,0.03433249,-0
-0.01228013,0.03433854,-0
-0.012252,0.03434361,-0
-0.01222389,0.03434865,-0
-0.01218972,0.03435472,-0
-0.01216176,0.03435968,-0
-0.01213316,0.03436472,-0
-0.01210015,0.03437049,-0
-0.01207483,0.0343749,-0
-0.01204012,0.03438089,-0
-0.01201244,0.03438566,-0
-0.01198419,0.03439049,-0
-0.01195019,0.03439626,-0
-0.01192204,0.03440102,-0
-0.01189122,0.0344062,-0
-0.01186278,0.03441095,-0
-0.01183273,0.03441593,-0
-0.01180144,0.03442109,-0
-0.01177175,0.03442596,-0
-0.01174296,0.03443065,-0
-0.01171251,0.03443558,-0
-0.01168061,0.0344407,-0
-0.01165332,0.03444508,-0
-0.01162128,0.03445016,-0
-0.0115926,0.03445469,-0
-0.01156139,0.03445958,-0
-0.01153556,0.03446361,-0
-0.01150309,0.03446863,-0
-0.0114708,0.03447359,-0
-0.01144211,0.03447798,-0
-0.01141335,0.03448235,-0
-0.01138376,0.03448681,-0
-0.0113531,0.0344914,-0
-0.01132144,0.0344961,-0
-0.01129667,0.03449977,-0
-0.01126126,0.03450495,-0
-0.01123261,0.03450913,-0
-0.01120602,0.03451299,-0
-0.01117586,0.03451731,-0
-0.01114146,0.0345222,-0
-0.0111157,0.03452586,-0
-0.01108218,0.03453057,-0
-0.01105647,0.03453416,-0
-0.01102238,0.03453888,-0
-0.01099504,0.03454265,-0
-0.01096717,0.03454645,-0
-0.01093498,0.0345508,-0
-0.01090405,0.03455496,-0
-0.01087654,0.03455864,-0
-0.01084822,0.03456239,-0
-0.01081441,0.03456682,-0
-0.01078571,0.03457057,-0
-0.01075757,0.03457421,-0
-0.01072411,0.03457849,-0
-0.01069929,0.03458167,-0
-0.01066733,0.03458569,-0
-0.010637,0.03458949,-0
-0.01060832,0.03459306,-0
-0.01057734,0.03459687,-0
-0.0105482,0.03460044,-0
-0.01051881,0.034604,-0
-0.01048923,0.03460755,-0
-0.01045815,0.03461125,-0
-0.01043255,0.03461428,-0
-0.01039588,0.03461855,-0
-0.01037437,0.03462107,-0
-0.01034073,0.03462492,-0
-0.0103096,0.03462847,-0
-0.01028013,0.0346318,-0
-0.01025388,0.03463474,-0
-0.01022089,0.03463839,-0
-0.01019397,0.03464135,-0
-0.01016271,0.03464475,-0
-0.01013168,0.03464809,-0
-0.01010457,0.03465099,-0
-0.01007513,0.0346541,-0
-0.01004391,0.03465736,-0
-0.01001599,0.03466025,-0
-0.009984918,0.03466344,-0
-0.009957096,0.03466626,-0
-0.009925041,0.03466948,-0
-0.009898894,0.03467209,-0
-0.009865286,0.03467538,-0
-0.009838361,0.03467801,-0
-0.009807002,0.03468103,-0
-0.009779206,0.03468368,-0
-0.009751401,0.0346863,-0
-0.009719728,0.03468925,-0
-0.009691485,0.03469185,-0
-0.00966058,0.03469466,-0
-0.00963187,0.03469725,-0
-0.009602516,0.03469986,-0
-0.009572092,0.03470253,-0
-0.009546054,0.0347048,-0
-0.009513863,0.03470755,-0
-0.009485488,0.03470996,-0
-0.009454298,0.03471257,-0
-0.00942651,0.03471487,-0
-0.00939877,0.03471714,-0
-0.009367485,0.03471965,-0
-0.009335681,0.03472217,-0
-0.009311252,0.0347241,-0
-0.009280116,0.0347265,-0
-0.009248098,0.03472894,-0
-0.009223025,0.03473084,-0
-0.00919356,0.03473302,-0
-0.009164101,0.03473517,-0
-0.009132183,0.03473746,-0
-0.009106014,0.03473933,-0
-0.009075832,0.03474143,-0
-0.00904652,0.03474345,-0
-0.009017814,0.03474539,-0
-0.008988479,0.03474735,-0
-0.008959126,0.03474927,-0
-0.008929642,0.03475117,-0
-0.008901132,0.03475298,-0
-0.008870832,0.03475487,-0
-0.008846649,0.03475636,-0
-0.008811183,0.03475848,-0
-0.008787007,0.03475992,-0
-0.008755108,0.03476176,-0
-0.00872997,0.0347632,-0
-0.00869624,0.03476506,-0
-0.008669484,0.03476654,-0
-0.008640044,0.03476812,-0
-0.008611615,0.03476962,-0
-0.008585708,0.03477095,-0
-0.008551998,0.03477263,-0
-0.008526151,0.03477392,-0
-0.008495875,0.03477537,-0
-0.008468308,0.03477667,-0
-0.008438895,0.03477801,-0
-0.00841128,0.03477925,-0
-0.008379349,0.03478064,-0
-0.00835611,0.03478165,-0
-0.00832332,0.03478299,-0
-0.008294822,0.03478414,-0
-0.008269007,0.03478516,-0
-0.008235313,0.03478643,-0
-0.008210338,0.03478737,-0
-0.008182749,0.03478836,-0
-0.008155187,0.03478932,-0
-0.008120632,0.03479046,-0
-0.008097407,0.03479123,-0
-0.008068142,0.03479214,-0
-0.008037945,0.03479305,-0
-0.008011311,0.03479383,-0
-0.00798193,0.03479465,-0
-0.007956211,0.03479534,-0
-0.007923382,0.03479617,-0
-0.007898526,0.03479679,-0
-0.007868319,0.03479749,-0
-0.007841736,0.03479809,-0
-0.007811514,0.03479871,-0
-0.007787584,0.0347992,-0
-0.007756505,0.03479977,-0
-0.007726302,0.03480029,-0
-0.007704115,0.03480067,-0
-0.007670382,0.03480116,-0
-0.007643773,0.03480154,-0
-0.007617095,0.03480189,-0
-0.007590526,0.03480219,-0
-0.007561221,0.03480249,-0
-0.007531058,0.03480276,-0
-0.007505352,0.03480298,-0
-0.007477883,0.03480317,-0
-0.007449529,0.03480332,-0
-0.007422987,0.03480344,-0
-0.007392852,0.03480354,-0
-0.00736724,0.03480359,-0
-0.007340751,0.03480361,-0
-0.007310653,0.03480359,-0
-0.007285089,0.03480355,-0
-0.007254085,0.03480346,-0
-0.007228523,0.03480336,-0
-0.007201169,0.03480322,-0
-0.007172917,0.03480304,-0
-0.007148315,0.03480285,-0
-0.007116459,0.03480256,-0
-0.007092783,0.03480233,-0
-0.007064577,0.034802,-0
-0.007037336,0.03480165,-0
-0.007008243,0.03480125,-0
-0.006981938,0.03480085,-0
-0.006956546,0.03480044,-0
-0.00692846,0.03479994,-0
-0.006899467,0.03479939,-0
-0.006870476,0.03479881,-0
-0.006848896,0.03479836,-0
-0.006819052,0.03479768,-0
-0.00679295,0.03479706,-0
-0.006764047,0.03479633,-0
-0.006739839,0.0347957,-0
-0.006710021,0.03479486,-0
-0.006683959,0.03479411,-0
-0.006658023,0.03479334,-0
-0.006629205,0.03479243,-0
-0.006604163,0.03479162,-0
-0.006578202,0.03479074,-0
-0.006547627,0.03478965,-0
-0.00652078,0.03478868,-0
-0.006500564,0.03478793,-0
-0.006464326,0.0347865,-0
-0.006445105,0.03478575,-0
-0.006417402,0.03478459,-0
-0.006390673,0.03478345,-0
-0.006362038,0.03478218,-0
-0.00633824,0.03478111,-0
-0.006307675,0.03477967,-0
-0.00628109,0.0347784,-0
-0.00625911,0.03477734,-0
-0.006232675,0.03477599,-0
-0.006201299,0.03477436,-0
-0.006178618,0.03477317,-0
-0.006150262,0.03477162,-0
-0.006127477,0.03477036,-0
-0.00609726,0.03476863,-0
-0.006073633,0.03476726,-0
-0.006044416,0.03476551,-0
-0.006021754,0.03476414,-0
-0.005994532,0.03476245,-0
-0.005967258,0.03476071,-0
-0.005943676,0.03475919,-0
-0.005920351,0.03475765,-0
-0.005888276,0.03475547,-0
-0.005866907,0.03475401,-0
-0.00583754,0.03475194,-0
-0.005810573,0.03475002,-0
-0.005789981,0.03474854,-0
-0.005760062,0.0347463,-0
-0.005735815,0.03474448,-0
-0.005713571,0.03474278,-0
-0.005686606,0.03474066,-0
-0.00565763,0.03473835,-0
-0.00563545,0.03473657,-0
-0.005608565,0.03473435,-0
-0.005585616,0.03473243,-0
-0.005556715,0.03472997,-0
-0.005534599,0.03472807,-0
-0.005506781,0.03472562,-0
-0.005484781,0.03472367,-0
-0.005457012,0.03472114,-0
-0.005433237,0.03471896,-0
-0.005405124,0.03471633,-0
-0.005386456,0.03471459,-0
-0.005358688,0.0347119,-0
-0.0053359,0.03470968,-0
-0.005309143,0.03470702,-0
-0.005284303,0.03470453,-0
-0.005260598,0.03470212,-0
-0.005234908,0.03469947,-0
-0.005213517,0.03469723,-0
-0.005187658,0.03469448,-0
-0.005164164,0.03469195,-0
-0.005137674,0.03468905,-0
-0.005113423,0.03468638,-0
-0.005093503,0.03468416,-0
-0.005067236,0.03468116,-0
-0.005044915,0.0346786,-0
-0.005019223,0.0346756,-0
-0.004995733,0.03467283,-0
-0.004972679,0.03467007,-0
-0.004949982,0.03466733,-0
-0.004926853,0.03466449,-0
-0.004905446,0.03466183,-0
-0.00487894,0.03465849,-0
-0.004858523,0.0346559,-0
-0.004831301,0.03465237,-0
-0.004813076,0.03465001,-0
-0.004790702,0.03464705,-0
-0.004766274,0.03464378,-0
-0.004744412,0.03464082,-0
-0.004723361,0.03463794,-0
-0.004699772,0.03463466,-0
-0.004677841,0.03463159,-0
-0.004657045,0.03462864,-0
-0.004636509,0.03462569,-0
-0.004612574,0.03462221,-0
-0.004592573,0.03461927,-0
-0.004572408,0.03461627,-0
-0.004551633,0.03461314,-0
-0.004528305,0.03460957,-0
-0.004511137,0.03460694,-0
-0.004491151,0.03460382,-0
-0.00446908,0.03460032,-0
-0.004450155,0.03459731,-0
-0.004426803,0.03459352,-0
-0.004415471,0.0345917,-0
-0.004389839,0.03458743,-0
-0.004372277,0.0345845,-0
-0.004357661,0.03458204,-0
-0.004334487,0.03457804,-0
-0.004322772,0.03457604,-0
-0.004306517,0.03457318,-0
-0.00429061,0.03457035,-0
-0.004271466,0.03456689,-0
-0.004262067,0.03456521,-0
-0.004248738,0.03456274,-0
-0.004238109,0.03456077,-0
-0.004221627,0.03455762,-0
-0.004209595,0.03455531,-0
-0.004197827,0.03455302,-0
-0.004183822,0.03455024,-0
-0.004179242,0.03454937,-0
-0.004161412,0.0345457,-0
-0.004151872,0.03454375,-0
-0.00413409,0.03453999,-0
-0.004126748,0.03453847,-0
-0.004115563,0.03453607,-0
-0.004094603,0.03453147,-0
-0.004080928,0.03452846,-0
-0.004059211,0.0345236,-0
-0.004029314,0.03451684,-0
-0.00399948,0.03451009,-0
-0.003953705,0.03449972,-0
-0.003915402,0.03449108,-0
-0.00386579,0.03447996,-0
-0.003811016,0.03446781,-0
-0.003754189,0.03445535,-0
-0.003690298,0.03444156,-0
-0.003628947,0.03442855,-0
-0.003560241,0.03441424,-0
-0.003487588,0.03439943,-0
-0.003423732,0.0343867,-0
-0.0033524,0.03437277,-0
-0.003280203,0.03435901,-0
-0.003213242,0.03434654,-0
-0.003148028,0.03433464,-0
-0.003087254,0.03432377,-0
-0.003029896,0.03431369,-0
-0.00297607,0.03430437,-0
-0.002930334,0.03429654,-0
-0.002878549,0.03428775,-0
-0.002833935,0.03428026,-0
-0.002786661,0.03427239,-0
-0.002743232,0.03426521,-0
-0.002692795,0.03425692,-0
-0.002651526,0.03425021,-0
-0.002601668,0.03424215,-0
-0.00256468,0.03423622,-0
-0.002513854,0.03422809,-0
-0.002471133,0.03422134,-0
-0.0024244,0.03421398,-0
-0.002379407,0.03420696,-0
-0.002328795,0.03419912,-0
-0.00227609,0.03419105,-0
-0.002227885,0.03418376,-0
-0.002172637,0.0341755,-0
-0.002110933,0.03416642,-0
-0.002053519,0.03415813,-0
-0.001987356,0.03414876,-0
-0.001915802,0.0341389,-0
-0.001845384,0.03412947,-0
-0.001776871,0.03412055,-0
-0.001702324,0.03411114,-0
-0.001622884,0.03410148,-0
-0.001541692,0.034092,-0
-0.001462565,0.03408315,-0
-0.001374824,0.0340738,-0
-0.00127918,0.03406418,-0
-0.001185766,0.03405538,-0
-0.001082941,0.0340464,-0
-0.0009771266,0.03403794,-0
-0.0008666848,0.03402998,-0
-0.0007531064,0.03402273,-0
-0.000625987,0.03401578,-0
-0.0005042154,0.03401029,-0
-0.0003673527,0.0340055,-0
-0.0002307402,0.0340022,-0
-8.778206e-05,0.03400036,-0
5.818013e-05,0.03400018,0
0.0002086528,0.03400183,0
0.0003659874,0.03400556,0
0.0005181387,0.03401114,0
0.0006795755,0.03401917,0
0.000831424,0.03402873,0
0.0009916564,0.03404093,0
0.001139366,0.0340541,0
0.00128828,0.03406923,0
0.001428768,0.03408521,0
0.001565261,0.03410232,0
0.001693998,0.03411987,0
0.001819834,0.03413834,0
0.001935399,0.03415643,0
0.00204697,0.03417491,0
0.002148103,0.0341925,0
0.002247071,0.03421047,0
0.002336554,0.03422736,0
0.0024174,0.0342431,0
0.00249991,0.03425963,0
0.002567404,0.03427349,0
0.002635316,0.03428772,0
0.002698358,0.03430118,0
0.002753062,0.03431303,0
0.002811252,0.0343258,0
0.002861959,0.03433707,0
0.00291197,0.03434828,0
0.002960709,0.03435932,0
0.00300497,0.03436942,0
0.003049135,0.03437956,0
0.003097739,0.0343908,0
0.003136893,0.03439992,0
0.003182882,0.03441068,0
0.003224636,0.03442052,0
0.003266121,0.03443034,0
0.003311704,0.03444119,0
0.003355467,0.03445167,0
0.003395041,0.03446122,0
0.003442539,0.03447272,0
0.00348912,0.03448409,0
0.003534513,0.03449526,0
0.003582182,0.03450707,0
0.003630569,0.03451916,0
0.003685139,0.03453292,0
0.003736723,0.03454608,0
0.003786878,0.034559,0
0.003840283,0.03457289,0
0.003892706,0.03458668,0
0.003946127,0.03460088,0
0.003995393,0.03461411,0
0.004045769,0.03462777,0
0.004092112,0.03464044,0
0.004140837,0.03465386,0
0.004183944,0.03466585,0
0.00422434,0.03467713,0
0.004269459,0.03468981,0
0.004305137,0.0346999,0
0.004342324,0.03471044,0
0.004371462,0.03471873,0
0.004405665,0.03472845,0
0.004434885,0.03473678,0
0.004457606,0.03474326,0
0.00448754,0.03475176,0
0.00450827,0.03475765,0
0.004535558,0.03476537,0
0.004556932,0.03477141,0
0.004580321,0.03477799,0
0.004602255,0.03478415,0
0.004623574,0.03479011,0
0.004645442,0.03479621,0
0.004668428,0.03480259,0
0.004686481,0.03480759,0
0.004710712,0.03481425,0
0.004730898,0.03481979,0
0.00475205,0.03482556,0
0.004774996,0.0348318,0
0.004796522,0.03483763,0
0.004818037,0.03484343,0
0.004841376,0.0348497,0
0.004866357,0.03485638,0
0.004888581,0.03486231,0
0.004910881,0.03486824,0
0.004935026,0.03487464,0
0.004961549,0.03488164,0
0.004986919,0.03488832,0
0.005011172,0.0348947,0
0.00503752,0.03490161,0
0.00506182,0.03490797,0
0.005087136,0.03491457,0
0.005113543,0.03492144,0
0.005135737,0.03492721,0
0.005161024,0.03493375,0
0.005185886,0.03494017,0
0.005207212,0.03494567,0
0.005233893,0.0349525,0
0.00525326,0.03495746,0
0.005274168,0.03496279,0
0.0052964,0.03496842,0
0.005317103,0.03497364,0
0.00533608,0.03497841,0
0.005355869,0.03498335,0
0.005371247,0.03498717,0
0.005390546,0.03499193,0
0.005408297,0.03499627,0
0.005426434,0.03500069,0
0.005441271,0.03500428,0
0.005458507,0.0350084,0
0.005477641,0.03501295,0
0.005490665,0.03501603,0
0.005509791,0.0350205,0
0.005527189,0.03502453,0
0.005545015,0.03502864,0
0.005559965,0.03503206,0
0.005578388,0.03503622,0
0.005595285,0.03504001,0
0.005615409,0.03504448,0
0.005632048,0.03504816,0
0.005653149,0.03505278,0
0.005671357,0.03505673,0
0.005690588,0.03506088,0
0.005709965,0.03506503,0
0.005730388,0.03506936,0
0.005750068,0.0350735,0
0.005771613,0.03507801,0
0.005790141,0.03508186,0
0.005812344,0.03508643,0
0.005829867,0.03509003,0
0.005853675,0.03509485,0
0.005870598,0.03509827,0
0.005893605,0.03510286,0
0.005913629,0.03510684,0
0.005936705,0.03511138,0
0.005958026,0.03511555,0
0.005976923,0.03511923,0
0.00600101,0.03512386,0
0.006026627,0.03512876,0
0.006046273,0.03513251,0
0.006068949,0.03513679,0
0.006094825,0.03514165,0
0.006120255,0.03514639,0
0.006143071,0.03515064,0
0.006167499,0.03515515,0
0.006195923,0.03516037,0
0.0062193,0.03516465,0
0.006248106,0.0351699,0
0.006273535,0.03517452,0
0.006299598,0.03517924,0
0.006328166,0.03518438,0
0.006355868,0.03518936,0
0.006383722,0.03519436,0
0.006409201,0.03519892,0
0.006440747,0.03520453,0
0.006466432,0.0352091,0
0.00649459,0.0352141,0
0.006522614,0.03521905,0
0.006549629,0.03522382,0
0.006579184,0.03522902,0
0.006604197,0.03523342,0
0.006634,0.03523863,0
0.006662002,0.03524352,0
0.006688181,0.03524808,0
0.006716881,0.03525306,0
0.006742632,0.03525752,0
0.00677044,0.03526232,0
0.006795771,0.03526668,0
0.006827714,0.03527214,0
0.0068539,0.03527663,0
0.006879264,0.03528096,0
0.00690826,0.03528588,0
0.006936453,0.03529066,0
0.006963302,0.0352952,0
0.006989526,0.03529962,0
0.007019499,0.03530465,0
0.007044937,0.03530891,0
0.007073045,0.03531361,0
0.007100712,0.03531821,0
0.007127542,0.03532267,0
0.007156367,0.03532743,0
0.007182396,0.03533173,0
0.007208036,0.03533595,0
0.007236837,0.03534066,0
0.007266897,0.03534557,0
0.007290178,0.03534937,0
0.007319122,0.03535406,0
0.007345484,0.03535832,0
0.007372601,0.03536269,0
0.007401298,0.0353673,0
0.007427807,0.03537155,0
0.007453713,0.03537568,0
0.007482685,0.03538028,0
0.007507525,0.03538422,0
0.007535632,0.03538865,0
0.007563654,0.03539306,0
0.007589379,0.03539709,0
0.007618126,0.03540158,0
0.00764182,0.03540527,0
0.007671228,0.03540982,0
0.007698077,0.03541397,0
0.007726322,0.03541831,0
0.007749781,0.03542192,0
0.007778429,0.03542628,0
0.007805025,0.03543032,0
0.007831337,0.03543431,0
0.007860021,0.03543863,0
0.007887667,0.03544278,0
0.007911094,0.03544629,0
0.007938599,0.03545039,0
0.007964913,0.03545429,0
0.007994393,0.03545864,0
0.008018592,0.0354622,0
0.008046596,0.0354663,0
0.008071701,0.03546996,0
0.00810057,0.03547415,0
0.008125447,0.03547775,0
0.008151894,0.03548156,0
0.008181138,0.03548574,0
0.008206999,0.03548943,0
0.008229939,0.0354927,0
0.008259856,0.03549691,0
0.008286606,0.03550068,0
0.008310375,0.03550401,0
0.008340552,0.0355082,0
0.008364827,0.03551158,0
0.008391672,0.03551527,0
0.00841801,0.03551889,0
0.008445595,0.03552265,0
0.008471172,0.03552613,0
0.008497876,0.03552974,0
0.008523224,0.03553315,0
0.008551269,0.0355369,0
0.008576177,0.03554022,0
0.008605739,0.03554413,0
0.008627624,0.03554702,0
0.00865639,0.03555078,0
0.008683533,0.03555432,0
0.008710125,0.03555777,0
0.008735985,0.0355611,0
0.008761019,0.03556431,0
0.008787869,0.03556773,0
0.008813911,0.03557103,0
0.008842069,0.03557457,0
0.008867032,0.03557771,0
0.008893587,0.03558101,0
0.008920508,0.03558435,0
0.008945914,0.03558747,0
0.008973296,0.03559082,0
0.008997689,0.03559379,0
0.009023238,0.03559687,0
0.009053292,0.03560047,0
0.009077522,0.03560337,0
0.009104963,0.03560662,0
0.009129741,0.03560954,0
0.009155491,0.03561256,0
0.009183777,0.03561584,0
0.009209383,0.0356188,0
0.009235409,0.03562179,0
0.009263847,0.03562503,0
0.009287141,0.03562767,0
0.009314246,0.03563072,0
0.009340356,0.03563363,0
0.009366737,0.03563656,0
0.009392933,0.03563944,0
0.009417786,0.03564216,0
0.009448057,0.03564544,0
0.009470742,0.03564789,0
0.009498941,0.0356509,0
0.009524701,0.03565364,0
0.009549239,0.03565622,0
0.009576855,0.03565911,0
0.009604276,0.03566195,0
0.009629925,0.0356646,0
0.009655344,0.0356672,0
0.00968268,0.03566996,0
0.009707533,0.03567247,0
0.009734941,0.0356752,0
0.00976163,0.03567784,0
0.009787818,0.03568041,0
0.009812371,0.0356828,0
0.009839009,0.03568537,0
0.009867316,0.03568808,0
0.009892547,0.03569048,0
0.009918022,0.03569287,0
0.00994619,0.03569549,0
0.009971485,0.03569783,0
0.009998838,0.03570034,0
0.01002331,0.03570256,0
0.01005077,0.03570503,0
0.01007704,0.03570737,0
0.01010276,0.03570965,0
0.01012948,0.03571198,0
0.01015551,0.03571424,0
0.01018253,0.03571655,0
0.01020879,0.03571878,0
0.01023264,0.03572079,0
0.01026301,0.03572331,0
0.01028724,0.03572531,0
0.01031457,0.03572754,0
0.01033958,0.03572956,0
0.01036789,0.03573182,0
0.01039399,0.03573389,0
0.01041896,0.03573584,0
0.01044474,0.03573783,0
0.0104736,0.03574003,0
0.01050132,0.03574213,0
0.01052285,0.03574375,0
0.01055395,0.03574604,0
0.01057866,0.03574785,0
0.01060472,0.03574973,0
0.01063077,0.0357516,0
0.0106576,0.03575348,0
0.01068502,0.03575539,0
0.01071014,0.03575712,0
0.01073917,0.03575909,0
0.01076352,0.03576073,0
0.01078972,0.03576246,0
0.01081895,0.03576437,0
0.01084362,0.03576596,0
0.01087068,0.03576768,0
0.01089606,0.03576928,0
0.0109225,0.03577091,0
0.01095011,0.03577259,0
0.01097738,0.03577423,0
0.01100285,0.03577574,0
0.01103044,0.03577735,0
0.0110578,0.03577892,0
0.01108361,0.03578039,0
0.01110904,0.03578181,0
0.01113767,0.03578337,0
0.01116242,0.03578471,0
0.01119017,0.03578619,0
0.01121874,0.03578768,0
0.01124256,0.03578891,0
0.01127126,0.03579035,0
0.01129706,0.03579164,0
0.01132301,0.0357929,0
0.0113509,0.03579424,0
0.01137682,0.03579545,0
0.01140562,0.03579678,0
0.01143247,0.035798,0
0.0114557,0.03579903,0
0.01148448,0.03580028,0
0.01151258,0.03580147,0
0.01154043,0.03580263,0
0.01156367,0.03580359,0
0.01159178,0.03580471,0
0.01162172,0.03580587,0
0.01164591,0.0358068,0
0.01167116,0.03580775,0
0.01170216,0.03580887,0
0.01172651,0.03580974,0
0.01175482,0.03581072,0
0.01177998,0.03581157,0
0.01180918,0.03581253,0
0.01183462,0.03581334,0
0.01186105,0.03581417,0
0.01189023,0.03581504,0
0.01191661,0.03581582,0
0.01194218,0.03581655,0
0.01197143,0.03581735,0
0.01199694,0.03581803,0
0.01202447,0.03581874,0
0.01205191,0.03581942,0
0.01207838,0.03582006,0
0.01210601,0.0358207,0
0.0121336,0.03582131,0
0.01215909,0.03582186,0
0.01218965,0.03582247,0
0.01221338,0.03582295,0
0.01224199,0.03582348,0
0.01226962,0.03582397,0
0.01229729,0.03582444,0
0.0123221,0.03582484,0
0.01235176,0.03582528,0
0.01237752,0.03582565,0
0.01240635,0.03582603,0
0.0124321,0.03582636,0
0.01246095,0.03582669,0
0.0124868,0.03582697,0
0.01251663,0.03582725,0
0.01254059,0.03582747,0
0.01256946,0.0358277,0
0.01259643,0.03582789,0
0.01262434,0.03582806,0
0.0126524,0.03582821,0
0.01268044,0.03582834,0
0.01270557,0.03582843,0
0.01273371,0.0358285,0
0.01276184,0.03582855,0
0.01278706,0.03582858,0
0.01281916,0.03582856,0
0.01284343,0.03582855,0
0.01287065,0.03582849,0
0.01289984,0.03582841,0
0.01292607,0.03582832,0
0.01295327,0.0358282,0
0.01298243,0.03582803,0
0.01300866,0.03582787,0
0.01303778,0.03582765,0
0.01306297,0.03582745,0
0.01309301,0.03582717,0
0.01311917,0.03582692,0
0.01314742,0.03582661,0
0.01317468,0.0358263,0
0.0132039,0.03582593,0
0.01323022,0.03582558,0
0.01325845,0.03582517,0
0.01328579,0.03582476,0
0.01331494,0.03582429,0
0.01334118,0.03582385,0
0.01336927,0.03582335,0
0.01339749,0.03582282,0
0.01342536,0.03582228,0
0.01345339,0.03582171,0
0.01348128,0.03582111,0
0.013508,0.03582053,0
0.01353669,0.03581987,0
0.01356526,0.03581918,0
0.01359369,0.03581849,0
0.01362105,0.03581779,0
0.01364808,0.03581709,0
0.01367798,0.03581627,0
0.01370431,0.03581554,0
0.01373476,0.03581467,0
0.01376203,0.03581387,0
0.01378921,0.03581306,0
0.01381957,0.03581212,0
0.01384591,0.03581129,0
0.01387423,0.03581038,0
0.01390382,0.0358094,0
0.0139323,0.03580844,0
0.01395791,0.03580757,0
0.01398988,0.03580644,0
0.01401588,0.03580552,0
0.01404516,0.03580446,0
0.01407155,0.03580349,0
0.01410115,0.03580236,0
0.01413025,0.03580124,0
0.01415757,0.03580018,0
0.01418602,0.03579904,0
0.01421412,0.0357979,0
0.01424057,0.03579681,0
0.01427056,0.03579554,0
0.01429873,0.03579433,0
0.01432681,0.03579311,0
0.01435407,0.0357919,0
0.01438231,0.03579061,0
0.01441091,0.0357893,0
0.01444049,0.03578791,0
0.01446707,0.03578664,0
0.01449597,0.03578524,0
0.01452384,0.03578387,0
0.01455188,0.03578246,0
0.01457997,0.03578103,0
0.01460854,0.03577955,0
0.01463678,0.03577806,0
0.01466466,0.03577657,0
0.01469225,0.03577507,0
0.0147224,0.0357734,0
0.0147484,0.03577195,0
0.01477873,0.03577022,0
0.01480549,0.03576868,0
0.01483303,0.03576706,0
0.01486292,0.03576528,0
0.01489051,0.03576361,0
0.01491738,0.03576196,0
0.01494629,0.03576015,0
0.01497596,0.03575826,0
0.01500285,0.03575654,0
0.01503146,0.03575467,0
0.0150594,0.03575282,0
0.01508795,0.0357509,0
0.01511757,0.03574888,0
0.01514408,0.03574705,0
0.01517252,0.03574505,0
0.01520172,0.03574298,0
0.01522902,0.03574101,0
0.0152582,0.03573888,0
0.01528611,0.03573681,0
0.01531593,0.03573458,0
0.01534156,0.03573263,0
0.01537249,0.03573025,0
0.01539967,0.03572814,0
0.01542906,0.03572582,0
0.01545724,0.03572357,0
0.01548585,0.03572126,0
0.01551504,0.03571888,0
0.01554143,0.0357167,0
0.015572,0.03571414,0
0.01559965,0.0357118,0
0.01562697,0.03570947,0
0.01565878,0.03570671,0
0.01568445,0.03570447,0
0.01571625,0.03570165,0
0.01574262,0.03569931,0
0.01577097,0.03569675,0
0.01580068,0.03569403,0
0.01582768,0.03569155,0
0.015857,0.03568881,0
0.01588704,0.03568598,0
0.01591408,0.03568342,0
0.01594515,0.03568042,0
0.01597088,0.03567793,0
0.01600186,0.03567489,0
0.01603002,0.03567211,0
0.01605705,0.03566941,0
0.01608788,0.03566629,0
0.01611547,0.03566348,0
0.0161466,0.03566027,0
0.01617293,0.03565755,0
0.01620228,0.03565446,0
0.01623055,0.03565148,0
0.01626122,0.0356482,0
0.01628972,0.03564513,0
0.01631769,0.03564209,0
0.0163451,0.03563908,0
0.01637711,0.03563553,0
0.01640486,0.03563244,0
0.01643301,0.03562927,0
0.01646203,0.03562597,0
0.01649226,0.0356225,0
0.01652046,0.03561924,0
0.01654974,0.03561582,0
0.0165787,0.03561242,0
0.01660685,0.03560909,0
0.01663747,0.03560542,0
0.01666574,0.03560201,0
0.01669457,0.03559851,0
0.01672303,0.03559501,0
0.01675349,0.03559124,0
0.0167816,0.03558775,0
0.0168103,0.03558414,0
0.01684056,0.0355803,0
0.0168697,0.03557659,0
0.01689805,0.03557294,0
0.0169283,0.03556901,0
0.01695531,0.03556549,0
0.01698742,0.03556125,0
0.01701431,0.03555769,0
0.01704427,0.03555368,0
0.01707407,0.03554966,0
0.0171031,0.03554572,0
0.01713191,0.03554178,0
0.01716125,0.03553773,0
0.01719203,0.03553345,0
0.01721907,0.03552968,0
0.01724884,0.03552547,0
0.01727918,0.03552116,0
0.01730703,0.03551718,0
0.01733877,0.0355126,0
0.01736717,0.03550848,0
0.01739633,0.03550422,0
0.01742678,0.03549974,0
0.01745317,0.03549583,0
0.01748532,0.03549102,0
0.01751319,0.03548683,0
0.01754458,0.03548207,0
0.01757367,0.03547763,0
0.01760168,0.03547333,0
0.01763258,0.03546855,0
0.01766121,0.03546409,0
0.01769224,0.03545922,0
0.01771953,0.03545492,0
0.01775054,0.03544998,0
0.01778057,0.03544517,0
0.01780863,0.03544065,0
0.01784106,0.03543539,0
0.01786805,0.03543098,0
0.01789938,0.03542583,0
0.01792789,0.03542111,0
0.01795798,0.03541609,0
0.01798776,0.03541109,0
0.01801797,0.03540599,0
0.01804811,0.03540087,0
0.01807649,0.03539602,0
0.01810672,0.03539081,0
0.01813697,0.03538557,0
0.01816737,0.03538027,0
0.01819709,0.03537505,0
0.018225,0.03537013,0
0.01825626,0.03536456,0
0.0182874,0.03535899,0
0.01831568,0.0353539,0
0.01834539,0.03534851,0
0.01837706,0.03534273,0
0.01840569,0.03533748,0
0.01843687,0.03533172,0
0.01846639,0.03532623,0
0.01849594,0.03532071,0
0.0185267,0.03531492,0
0.01855634,0.03530931,0
0.01858625,0.03530361,0
0.01861862,0.0352974,0
0.01864506,0.03529231,0
0.01867718,0.03528607,0
0.01870868,0.03527991,0
0.01873632,0.03527449,0
0.01876873,0.03526808,0
0.01879808,0.03526225,0
0.01882846,0.03525618,0
0.01885772,0.03525029,0
0.01888972,0.03524382,0
0.01892016,0.03523763,0
0.01894862,0.0352318,0
0.0189802,0.03522529,0
0.01901055,0.03521901,0
0.0190418,0.0352125,0
0.01907045,0.0352065,0
0.01910089,0.03520009,0
0.01913374,0.03519312,0
0.01916222,0.03518707,0
0.01919312,0.03518044,0
0.01922375,0.03517384,0
0.01925337,0.03516742,0
0.0192836,0.03516083,0
0.0193166,0.0351536,0
0.01934687,0.03514693,0
0.01937535,0.03514063,0
0.01940694,0.03513359,0
0.01943666,0.03512694,0
0.01946858,0.03511975,0
0.0194998,0.03511268,0
0.01953005,0.03510581,0
0.01955897,0.0350992,0
0.01959088,0.03509185,0
0.01962091,0.03508492,0
0.01965266,0.03507754,0
0.01968136,0.03507084,0
0.01971503,0.03506294,0
0.01974455,0.03505598,0
0.0197753,0.03504869,0
0.0198047,0.03504169,0
0.01983714,0.03503392,0
0.01986591,0.035027,0
0.01989868,0.03501907,0
0.01992834,0.03501187,0
0.01995956,0.03500425,0
0.01998998,0.03499678,0
0.02002195,0.0349889,0
0.02005161,0.03498155,0
0.02008275,0.0349738,0
0.02011399,0.03496599,0
0.02014318,0.03495865,0
0.02017649,0.03495023,0
0.0202061,0.03494273,0
0.02023727,0.03493479,0
0.02026797,0.03492692,0
0.02029799,0.0349192,0
0.02033006,0.03491091,0
0.02036157,0.03490273,0
0.02039134,0.03489497,0
0.02042208,0.03488692,0
0.02045323,0.03487872,0
0.02048526,0.03487024,0
0.02051478,0.03486241,0
0.02054643,0.03485397,0
0.02057777,0.03484556,0
0.02060882,0.03483721,0
0.02063761,0.03482943,0
0.02067209,0.03482006,0
0.02070015,0.03481242,0
0.02073397,0.03480314,0
0.02076281,0.03479522,0
0.02079475,0.0347864,0
0.02082483,0.03477805,0
0.02085665,0.03476918,0
0.02088829,0.03476032,0
0.02091818,0.03475193,0
0.02095038,0.03474284,0
0.02098235,0.03473377,0
0.0210113,0.03472554,0
0.02104308,0.03471646,0
0.02107477,0.03470736,0
0.0211044,0.03469883,0
0.02113742,0.03468927,0
0.0211675,0.03468053,0
0.02119913,0.0346713,0
0.02123046,0.03466212,0
0.02126048,0.03465329,0
0.02129279,0.03464375,0
0.02132403,0.03463449,0
0.02135466,0.03462537,0
0.021386,0.034616,0
0.02141742,0.03460657,0
0.0214479,0.03459738,0
0.02147975,0.03458775,0
0.02151116,0.0345782,0
0.02154172,0.03456889,0
0.02157464,0.03455881,0
0.02160435,0.03454969,0
0.02163591,0.03453995,0
0.02166703,0.03453031,0
0.02169856,0.03452051,0
0.02172836,0.03451121,0
0.02176211,0.03450063,0
0.02179276,0.03449099,0
0.02182342,0.03448131,0
0.02185457,0.03447144,0
0.02188683,0.03446118,0
0.0219178,0.03445129,0
0.02194825,0.03444154,0
0.02197945,0.03443149,0
0.02201156,0.03442112,0
0.02204353,0.03441076,0
0.02207481,0.03440058,0
0.02210519,0.03439067,0
0.02213621,0.0343805,0
0.02216883,0.03436976,0
0.0221989,0.03435984,0
0.0222313,0.0343491,0
0.02226321,0.03433848,0
0.02229344,0.03432839,0
0.02232429,0.03431806,0
0.02235661,0.03430719,0
0.02238933,0.03429615,0
0.02241924,0.03428602,0
0.02245137,0.0342751,0
0.02248118,0.03426494,0
0.02251458,0.0342535,0
0.02254456,0.0342432,0
0.0225766,0.03423215,0
0.02260835,0.03422117,0
0.02263822,0.0342108,0
0.02267252,0.03419884,0
0.0227018,0.03418861,0
0.02273392,0.03417734,0
0.02276592,0.03416608,0
0.02279632,0.03415534,0
0.02282846,0.03414394,0
0.02285859,0.03413322,0
0.02289207,0.03412126,0
0.02292413,0.03410978,0
0.02295413,0.03409901,0
0.02298484,0.03408793,0
0.02301746,0.03407612,0
0.02304885,0.03406472,0
0.02308131,0.03405289,0
0.02311165,0.0340418,0
0.0231429,0.03403034,0
0.02317521,0.03401844,0
0.02320654,0.03400687,0
0.02323809,0.03399518,0
0.02326889,0.03398373,0
0.02330143,0.03397159,0
0.02333261,0.03395992,0
0.02336489,0.0339478,0
0.02339547,0.03393628,0
0.02342668,0.03392448,0
0.02345942,0.03391206,0
0.02349013,0.03390037,0
0.02352313,0.03388777,0
0.02355283,0.0338764,0
0.02358675,0.03386336,0
0.02361553,0.03385228,0
0.02364921,0.03383924,0
0.02368075,0.033827,0
0.0237105,0.03381543,0
0.02374331,0.03380261,0
0.02377571,0.03378991,0
0.02380636,0.03377787,0
0.0238373,0.03376567,0
0.02386925,0.03375303,0
0.02390256,0.03373981,0
0.02393368,0.03372742,0
0.02396371,0.03371543,0
0.0239973,0.03370197,0
0.0240272,0.03368996,0
0.02405969,0.03367686,0
0.0240907,0.03366431,0
0.02412335,0.03365106,0
0.0241533,0.03363887,0
0.02418763,0.03362485,0
0.0242172,0.03361275,0
0.0242513,0.03359874,0
0.02427982,0.03358699,0
0.0243133,0.03357315,0
0.02434392,0.03356045,0
0.02437746,0.0335465,0
0.02440775,0.03353386,0
0.02443906,0.03352076,0
0.02447009,0.03350773,0
0.02450291,0.03349391,0
0.02453553,0.03348013,0
0.02456695,0.03346682,0
0.02459753,0.03345382,0
0.0246308,0.03343964,0
0.02466032,0.03342702,0
0.02469411,0.03341252,0
0.02472455,0.03339943,0
0.0247559,0.0333859,0
0.02478898,0.03337158,0
0.02482059,0.03335785,0
0.02485134,0.03334447,0
0.02488344,0.03333045,0
0.02491551,0.0333164,0
0.02494799,0.03330213,0
0.02497798,0.03328892,0
0.0250105,0.03327455,0
0.02504145,0.03326083,0
0.02507459,0.03324609,0
0.02510529,0.03323241,0
0.02514657,0.03321393,0
