-0.02537607,0.03188956,-0
-0.02534475,0.03190304,-0
-0.02531834,0.03191439,-0
-0.0252844,0.03192893,-0
-0.02525987,0.03193944,-0
-0.0252298,0.03195227,-0
-0.02519944,0.0319652,-0
-0.02517193,0.03197689,-0
-0.0251408,0.03199009,-0
-0.0251136,0.0320016,-0
-0.02508407,0.03201406,-0
-0.02505361,0.03202689,-0
-0.02502373,0.03203945,-0
-0.02499718,0.03205059,-0
-0.02496703,0.0320632,-0
-0.02493772,0.03207543,-0
-0.02490849,0.03208761,-0
-0.02487763,0.03210044,-0
-0.02485039,0.03211174,-0
-0.02482074,0.03212401,-0
-0.02479338,0.0321353,-0
-0.02476262,0.03214797,-0
-0.02473202,0.03216054,-0
-0.02470526,0.03217151,-0
-0.02467434,0.03218416,-0
-0.02464698,0.03219533,-0
-0.02461448,0.03220856,-0
-0.02458728,0.03221962,-0
-0.02455974,0.03223078,-0
-0.0245274,0.03224386,-0
-0.02450002,0.03225491,-0
-0.02446938,0.03226724,-0
-0.02444137,0.0322785,-0
-0.02441057,0.03229084,-0
-0.0243846,0.03230123,-0
-0.024353,0.03231383,-0
-0.02432405,0.03232535,-0
-0.02429322,0.03233758,-0
-0.02426443,0.032349,-0
-0.02423595,0.03236026,-0
-0.02420763,0.03237143,-0
-0.02417835,0.03238294,-0
-0.0241472,0.03239517,-0
-0.02411949,0.03240602,-0
-0.0240899,0.03241758,-0
-0.0240619,0.03242849,-0
-0.02403008,0.03244085,-0
-0.02400142,0.03245197,-0
-0.02397133,0.03246361,-0
-0.02394348,0.03247437,-0
-0.02391467,0.03248547,-0
-0.02388458,0.03249702,-0
-0.02385256,0.03250929,-0
-0.02382663,0.03251922,-0
-0.02379619,0.03253083,-0
-0.02376657,0.0325421,-0
-0.02373824,0.03255286,-0
-0.02370767,0.03256444,-0
-0.02368089,0.03257456,-0
-0.02364788,0.03258699,-0
-0.02362163,0.03259687,-0
-0.02358931,0.03260899,-0
-0.02356172,0.03261932,-0
-0.02353109,0.03263075,-0
-0.0235028,0.03264129,-0
-0.02347456,0.03265178,-0
-0.02344251,0.03266365,-0
-0.02341477,0.03267392,-0
-0.02338628,0.03268442,-0
-0.02335481,0.03269599,-0
-0.02332508,0.03270691,-0
-0.02329712,0.03271715,-0
-0.02326848,0.0327276,-0
-0.02323868,0.03273845,-0
-0.02320932,0.03274912,-0
-0.02317797,0.03276047,-0
-0.02315109,0.0327702,-0
-0.02311967,0.03278153,-0
-0.02309037,0.03279207,-0
-0.02306091,0.03280264,-0
-0.02303199,0.032813,-0
-0.02300474,0.03282273,-0
-0.0229716,0.03283452,-0
-0.0229434,0.03284455,-0
-0.0229132,0.03285525,-0
-0.02288575,0.03286496,-0
-0.02285722,0.03287501,-0
-0.02282248,0.03288722,-0
-0.02279796,0.03289584,-0
-0.02276856,0.03290612,-0
-0.02273533,0.03291771,-0
-0.02270836,0.0329271,-0
-0.02267878,0.03293737,-0
-0.02264884,0.03294774,-0
-0.0226201,0.03295767,-0
-0.0225897,0.03296814,-0
-0.02256178,0.03297773,-0
-0.02253115,0.03298823,-0
-0.02249965,0.03299899,-0
-0.02247202,0.03300842,-0
-0.02244255,0.03301844,-0
-0.02241423,0.03302805,-0
-0.02238288,0.03303865,-0
-0.0223533,0.03304863,-0
-0.02232579,0.0330579,-0
-0.02229526,0.03306814,-0
-0.02226376,0.03307868,-0
-0.02223734,0.03308751,-0
-0.02220556,0.03309808,-0
-0.02217846,0.03310709,-0
-0.02214571,0.03311792,-0
-0.02211902,0.03312675,-0
-0.02208682,0.03313735,-0
-0.02206096,0.03314586,-0
-0.02202655,0.03315712,-0
-0.02200207,0.03316513,-0
-0.02196848,0.03317607,-0
-0.0219418,0.03318475,-0
-0.02191014,0.033195,-0
-0.02188275,0.03320386,-0
-0.02184942,0.0332146,-0
-0.02182331,0.033223,-0
-0.02179371,0.03323249,-0
-0.02176148,0.03324279,-0
-0.02173424,0.03325148,-0
-0.0217045,0.03326093,-0
-0.02167481,0.03327035,-0
-0.0216456,0.03327959,-0
-0.02161657,0.03328874,-0
-0.02158406,0.03329895,-0
-0.02155625,0.03330768,-0
-0.02152695,0.03331685,-0
-0.02149637,0.03332638,-0
-0.02146746,0.03333537,-0
-0.02143843,0.03334438,-0
-0.02140855,0.03335361,-0
-0.02137984,0.03336247,-0
-0.02134667,0.03337266,-0
-0.02132086,0.03338058,-0
-0.02128904,0.0333903,-0
-0.02126072,0.03339894,-0
-0.02123038,0.03340816,-0
-0.02120193,0.03341678,-0
-0.02117075,0.0334262,-0
-0.02114243,0.03343474,-0
-0.02111191,0.03344391,-0
-0.02108305,0.03345256,-0
-0.02105325,0.03346146,-0
-0.02102316,0.03347042,-0
-0.02099315,0.03347933,-0
-0.02096483,0.03348772,-0
-0.02093301,0.03349711,-0
-0.02090472,0.03350545,-0
-0.02087578,0.03351394,-0
-0.0208459,0.03352269,-0
-0.02081579,0.03353147,-0
-0.02078795,0.03353957,-0
-0.0207548,0.03354918,-0
-0.02072722,0.03355717,-0
-0.02069843,0.03356547,-0
-0.02066685,0.03357454,-0
-0.02063708,0.03358307,-0
-0.02060938,0.03359099,-0
-0.02057828,0.03359985,-0
-0.02054961,0.03360799,-0
-0.02051973,0.03361645,-0
-0.02048997,0.03362485,-0
-0.02046094,0.03363302,-0
-0.02043056,0.03364154,-0
-0.02039909,0.03365034,-0
-0.02037202,0.0336579,-0
-0.02034213,0.0336662,-0
-0.02031213,0.03367452,-0
-0.0202826,0.03368267,-0
-0.02025286,0.03369086,-0
-0.02022174,0.03369941,-0
-0.02019407,0.03370699,-0
-0.02016294,0.03371547,-0
-0.02013454,0.0337232,-0
-0.02010579,0.03373099,-0
-0.02007242,0.03374,-0
-0.02004539,0.03374729,-0
-0.02001551,0.03375532,-0
-0.01998488,0.03376351,-0
-0.01995672,0.03377103,-0
-0.01992626,0.03377913,-0
-0.01989587,0.03378718,-0
-0.01986858,0.0337944,-0
-0.01983622,0.03380292,-0
-0.01980738,0.03381049,-0
-0.01977882,0.03381797,-0
-0.01974687,0.0338263,-0
-0.01971948,0.03383342,-0
-0.01968681,0.03384188,-0
-0.01966145,0.03384844,-0
-0.0196281,0.03385701,-0
-0.01960105,0.03386396,-0
-0.01957017,0.03387185,-0
-0.0195388,0.03387985,-0
-0.01951184,0.0338867,-0
-0.01947871,0.03389508,-0
-0.01945176,0.03390189,-0
-0.01942189,0.0339094,-0
-0.01939354,0.03391651,-0
-0.01936138,0.03392453,-0
-0.01933303,0.03393159,-0
-0.01930239,0.03393919,-0
-0.0192723,0.03394663,-0
-0.0192433,0.03395377,-0
-0.01921486,0.03396076,-0
-0.01918237,0.0339687,-0
-0.01915512,0.03397536,-0
-0.01912613,0.0339824,-0
-0.01909429,0.0339901,-0
-0.01906257,0.03399775,-0
-0.019036,0.03400415,-0
-0.01900645,0.03401123,-0
-0.01897595,0.03401851,-0
-0.01894785,0.03402519,-0
-0.01891799,0.03403226,-0
-0.01888415,0.03404025,-0
-0.01885707,0.03404664,-0
-0.0188282,0.03405341,-0
-0.01879648,0.03406082,-0
-0.01877035,0.03406691,-0
-0.01873733,0.03407456,-0
-0.01870836,0.03408126,-0
-0.0186787,0.03408809,-0
-0.01865177,0.03409427,-0
-0.01861712,0.03410218,-0
-0.01858999,0.03410837,-0
-0.01856035,0.0341151,-0
-0.0185306,0.03412182,-0
-0.01850222,0.03412822,-0
-0.01846961,0.03413552,-0
-0.01844213,0.03414167,-0
-0.01841071,0.03414867,-0
-0.01838382,0.03415464,-0
-0.01835043,0.03416201,-0
-0.01832473,0.03416768,-0
-0.01829085,0.0341751,-0
-0.01826268,0.03418126,-0
-0.01823354,0.03418761,-0
-0.01820281,0.03419427,-0
-0.01817516,0.03420025,-0
-0.01814136,0.03420752,-0
-0.0181175,0.03421264,-0
-0.01808328,0.03421993,-0
-0.01805564,0.03422582,-0
-0.01802572,0.03423215,-0
-0.01799481,0.03423867,-0
-0.01796569,0.0342448,-0
-0.01793737,0.03425073,-0
-0.01790694,0.03425707,-0
-0.01787594,0.0342635,-0
-0.01784843,0.03426919,-0
-0.01781673,0.03427572,-0
-0.01778719,0.03428178,-0
-0.01775799,0.03428775,-0
-0.01772871,0.0342937,-0
-0.017698,0.03429992,-0
-0.01766998,0.03430558,-0
-0.017639,0.0343118,-0
-0.01761,0.03431761,-0
-0.01757903,0.03432378,-0
-0.01754841,0.03432985,-0
-0.01752185,0.03433511,-0
-0.0174917,0.03434104,-0
-0.01746072,0.03434711,-0
-0.01742957,0.03435319,-0
-0.01740122,0.0343587,-0
-0.01737241,0.03436428,-0
-0.0173421,0.03437011,-0
-0.01731304,0.03437569,-0
-0.0172818,0.03438165,-0
-0.01725274,0.03438718,-0
-0.01722432,0.03439256,-0
-0.01719273,0.03439851,-0
-0.01716476,0.03440376,-0
-0.01713356,0.03440959,-0
-0.01710469,0.03441496,-0
-0.01707492,0.03442047,-0
-0.01704645,0.03442572,-0
-0.01701348,0.03443176,-0
-0.01698682,0.03443664,-0
-0.01695434,0.03444254,-0
-0.01692779,0.03444736,-0
-0.01689546,0.03445318,-0
-0.01686553,0.03445855,-0
-0.01683809,0.03446345,-0
-0.01680983,0.03446848,-0
-0.01677684,0.0344743,-0
-0.01674842,0.03447931,-0
-0.01671792,0.03448465,-0
-0.01668852,0.03448978,-0
-0.01665968,0.03449479,-0
-0.01662827,0.03450021,-0
-0.01659972,0.03450513,-0
-0.01657081,0.03451007,-0
-0.0165404,0.03451525,-0
-0.01651178,0.0345201,-0
-0.01647962,0.03452552,-0
-0.01645308,0.03452998,-0
-0.01642236,0.0345351,-0
-0.01638996,0.03454048,-0
-0.01636359,0.03454485,-0
-0.01633089,0.03455022,-0
-0.01630293,0.03455481,-0
-0.01627551,0.03455928,-0
-0.01624236,0.03456464,-0
-0.01621509,0.03456904,-0
-0.01618585,0.03457373,-0
-0.01615362,0.03457886,-0
-0.01612391,0.03458358,-0
-0.0160956,0.03458806,-0
-0.01606681,0.03459258,-0
-0.01603491,0.03459756,-0
-0.01600613,0.03460204,-0
-0.01597629,0.03460665,-0
-0.01594809,0.03461099,-0
-0.01591734,0.0346157,-0
-0.01588779,0.03462019,-0
-0.01585939,0.03462449,-0
-0.01582886,0.03462908,-0
-0.01579883,0.03463358,-0
-0.01576837,0.03463811,-0
-0.01573842,0.03464255,-0
-0.0157121,0.03464643,-0
-0.01567973,0.03465116,-0
-0.01564894,0.03465565,-0
-0.01562276,0.03465945,-0
-0.01559191,0.03466388,-0
-0.01555896,0.03466859,-0
-0.01553391,0.03467217,-0
-0.01550156,0.03467674,-0
-0.01547303,0.03468076,-0
-0.01544292,0.03468497,-0
-0.01541321,0.0346891,-0
-0.01538603,0.03469286,-0
-0.01535361,0.03469731,-0
-0.01532471,0.03470126,-0
-0.01529569,0.0347052,-0
-0.01526526,0.03470931,-0
-0.01523692,0.03471311,-0
-0.01520656,0.03471715,-0
-0.01517595,0.03472121,-0
-0.01514688,0.03472504,-0
-0.01511876,0.03472872,-0
-0.01508655,0.03473291,-0
-0.01505762,0.03473665,-0
-0.01502963,0.03474025,-0
-0.01499997,0.03474403,-0
-0.01496572,0.03474837,-0
-0.01494384,0.03475115,-0
-0.01490815,0.0347556,-0
-0.01488251,0.03475879,-0
-0.01485118,0.03476266,-0
-0.01481984,0.0347665,-0
-0.01479253,0.03476984,-0
-0.01476197,0.03477354,-0
-0.0147348,0.03477681,-0
-0.01470435,0.03478044,-0
-0.01467297,0.03478416,-0
-0.01464383,0.0347876,-0
-0.01461174,0.03479135,-0
-0.01458883,0.03479403,-0
-0.01455315,0.03479813,-0
-0.01452425,0.03480145,-0
-0.01449807,0.03480443,-0
-0.01446668,0.03480797,-0
-0.01443799,0.03481119,-0
-0.01440704,0.03481463,-0
-0.01438118,0.03481749,-0
-0.01434613,0.03482132,-0
-0.01431819,0.03482438,-0
-0.01429124,0.0348273,-0
-0.0142599,0.03483065,-0
-0.0142319,0.03483363,-0
-0.01419868,0.03483713,-0
-0.01417351,0.03483978,-0
-0.01414114,0.03484314,-0
-0.01411059,0.0348463,-0
-0.01408366,0.03484906,-0
-0.01405303,0.03485217,-0
-0.0140253,0.03485497,-0
-0.01399292,0.0348582,-0
-0.01396776,0.0348607,-0
-0.01393387,0.03486402,-0
-0.01390571,0.03486677,-0
-0.01387711,0.03486954,-0
-0.01384497,0.03487261,-0
-0.01381876,0.03487511,-0
-0.01378643,0.03487816,-0
-0.01375786,0.03488083,-0
-0.01372919,0.03488349,-0
-0.01370041,0.03488613,-0
-0.01366993,0.0348889,-0
-0.01363857,0.03489173,-0
-0.01361434,0.03489391,-0
-0.01358124,0.03489683,-0
-0.01355161,0.03489943,-0
-0.01352016,0.03490217,-0
-0.01349706,0.03490417,-0
-0.01345938,0.03490737,-0
-0.01343688,0.03490929,-0
-0.01340749,0.03491174,-0
-0.01337158,0.03491471,-0
-0.01334669,0.03491677,-0
-0.01331779,0.03491911,-0
-0.01328667,0.03492161,-0
-0.01325799,0.0349239,-0
-0.0132257,0.03492644,-0
-0.01320079,0.0349284,-0
-0.01316676,0.03493102,-0
-0.01314163,0.03493295,-0
-0.01311133,0.03493524,-0
-0.01308003,0.03493758,-0
-0.01305234,0.03493963,-0
-0.01302109,0.03494192,-0
-0.01299055,0.03494413,-0
-0.01296476,0.03494599,-0
-0.01293626,0.034948,-0
-0.01290314,0.03495031,-0
-0.01287451,0.0349523,-0
-0.01284613,0.03495424,-0
-0.01281832,0.03495612,-0
-0.01278446,0.03495837,-0
-0.01275949,0.03496003,-0
-0.01272824,0.03496206,-0
-0.01269872,0.03496396,-0
-0.01267031,0.03496576,-0
-0.01264085,0.03496761,-0
-0.01260874,0.03496959,-0
-0.01258291,0.03497119,-0
-0.0125517,0.03497306,-0
-0.0125223,0.03497481,-0
-0.01249386,0.03497648,-0
-0.01246532,0.03497813,-0
-0.01243326,0.03497996,-0
-0.01240384,0.03498162,-0
-0.01237812,0.03498305,-0
-0.01234326,0.03498495,-0
-0.01231931,0.03498625,-0
-0.01228915,0.03498784,-0
-0.01225705,0.03498952,-0
-0.01223217,0.03499081,-0
-0.01219927,0.03499246,-0
-0.01217077,0.03499388,-0
-0.01214238,0.03499528,-0
-0.01210937,0.03499686,-0
-0.01208566,0.034998,-0
-0.01205258,0.03499953,-0
-0.01202419,0.03500084,-0
-0.01199492,0.03500215,-0
-0.01196741,0.03500337,-0
-0.01193823,0.03500463,-0
-0.01190509,0.03500604,-0
-0.01187685,0.03500722,-0
-0.01184942,0.03500835,-0
-0.01182008,0.03500953,-0
-0.01179086,0.03501068,-0
-0.01175884,0.03501191,-0
-0.01173423,0.03501285,-0
-0.01170312,0.03501399,-0
-0.01167196,0.03501511,-0
-0.01164467,0.03501608,-0
-0.01161636,0.03501706,-0
-0.01158338,0.03501816,-0
-0.01155514,0.0350191,-0
-0.01152773,0.03501998,-0
-0.01149761,0.03502093,-0
-0.01147029,0.03502176,-0
-0.01143733,0.03502273,-0
-0.01141201,0.03502347,-0
-0.01138082,0.03502434,-0
-0.01135172,0.03502514,-0
-0.01132253,0.03502591,-0
-0.01129431,0.03502664,-0
-0.01126329,0.03502741,-0
-0.01123696,0.03502804,-0
-0.01120497,0.03502878,-0
-0.01117777,0.0350294,-0
-0.01114954,0.03503001,-0
-0.01111857,0.03503065,-0
-0.0110885,0.03503125,-0
-0.0110613,0.03503178,-0
-0.0110284,0.03503238,-0
-0.01100209,0.03503285,-0
-0.01097309,0.03503334,-0
-0.01094681,0.03503376,-0
-0.01091299,0.03503427,-0
-0.01088775,0.03503464,-0
-0.01085582,0.03503506,-0
-0.01082486,0.03503546,-0
-0.01079868,0.03503579,-0
-0.01076867,0.03503612,-0
-0.01074059,0.03503641,-0
-0.01071062,0.0350367,-0
-0.0106835,0.03503694,-0
-0.01064875,0.03503721,-0
-0.01062645,0.03503739,-0
-0.01059649,0.03503757,-0
-0.01056462,0.03503774,-0
-0.01053564,0.03503788,-0
-0.01050763,0.03503799,-0
-0.01047961,0.03503808,-0
-0.01044872,0.03503815,-0
-0.01041784,0.0350382,-0
-0.01039274,0.03503823,-0
-0.01035994,0.03503822,-0
-0.01033487,0.03503821,-0
-0.01030304,0.03503815,-0
-0.01027606,0.03503809,-0
-0.01024521,0.03503798,-0
-0.01021728,0.03503788,-0
-0.01018934,0.03503774,-0
-0.01015949,0.03503757,-0
-0.01012867,0.03503736,-0
-0.01010271,0.03503718,-0
-0.01007383,0.03503694,-0
-0.01004207,0.03503665,-0
-0.01001126,0.03503636,-0
-0.009987287,0.03503612,-0
-0.009954537,0.03503574,-0
-0.009927671,0.03503542,-0
-0.009896873,0.03503502,-0
-0.009870994,0.03503468,-0
-0.009838276,0.03503419,-0
-0.00981341,0.03503382,-0
-0.009781685,0.03503331,-0
-0.009753855,0.03503284,-0
-0.009726088,0.03503235,-0
-0.009696311,0.03503179,-0
-0.009664607,0.03503117,-0
-0.00963686,0.03503063,-0
-0.009608098,0.03503003,-0
-0.009581309,0.03502945,-0
-0.009551655,0.03502878,-0
-0.00952389,0.03502813,-0
-0.009492231,0.03502735,-0
-0.0094645,0.03502667,-0
-0.009432815,0.03502585,-0
-0.009407147,0.03502518,-0
-0.009379404,0.03502443,-0
-0.009347813,0.03502353,-0
-0.009320091,0.03502273,-0
-0.009291469,0.03502188,-0
-0.009262796,0.03502101,-0
-0.009235196,0.03502014,-0
-0.009204523,0.03501915,-0
-0.009174941,0.03501818,-0
-0.009143381,0.03501711,-0
-0.009118699,0.03501627,-0
-0.009091106,0.0350153,-0
-0.009058516,0.03501411,-0
-0.009032954,0.03501318,-0
-0.009002407,0.03501202,-0
-0.00897784,0.03501108,-0
-0.00894425,0.03500974,-0
-0.008915713,0.0350086,-0
-0.008885206,0.03500735,-0
-0.008860673,0.03500634,-0
-0.008831164,0.03500507,-0
-0.008803634,0.03500388,-0
-0.008767106,0.03500225,-0
-0.008747644,0.0350014,-0
-0.008714185,0.03499986,-0
-0.008684708,0.03499849,-0
-0.008659167,0.03499729,-0
-0.00862774,0.03499576,-0
-0.008600285,0.03499443,-0
-0.008570826,0.03499296,-0
-0.008540463,0.03499143,-0
-0.008516986,0.03499023,-0
-0.008486715,0.03498864,-0
-0.008453117,0.03498686,-0
-0.008427767,0.03498551,-0
-0.00840143,0.03498407,-0
-0.008368019,0.03498221,-0
-0.008341657,0.03498074,-0
-0.008313269,0.03497912,-0
-0.008284981,0.03497749,-0
-0.008257572,0.03497589,-0
-0.008225367,0.03497396,-0
-0.008197915,0.03497232,-0
-0.008169618,0.0349706,-0
-0.008138288,0.03496866,-0
-0.008116045,0.03496728,-0
-0.008081737,0.03496509,-0
-0.008054361,0.03496335,-0
-0.008028322,0.03496166,-0
-0.007994871,0.03495945,-0
-0.007971738,0.03495793,-0
-0.007940478,0.03495581,-0
-0.007912176,0.03495388,-0
-0.007880903,0.03495172,-0
-0.007853767,0.03494984,-0
-0.007827744,0.03494801,-0
-0.007798348,0.03494591,-0
-0.007765135,0.03494351,-0
-0.007743117,0.03494192,-0
-0.007709766,0.03493945,-0
-0.007682784,0.03493744,-0
-0.00765556,0.03493539,-0
-0.007627425,0.03493325,-0
-0.007596279,0.03493085,-0
-0.007568205,0.03492867,-0
-0.007541156,0.03492655,-0
-0.007508821,0.03492398,-0
-0.007480903,0.03492176,-0
-0.007459055,0.03492,-0
-0.007424564,0.03491717,-0
-0.007395707,0.03491479,-0
-0.007367621,0.03491246,-0
-0.007340557,0.03491019,-0
-0.00731162,0.03490773,-0
-0.007280437,0.03490506,-0
-0.007257657,0.03490311,-0
-0.007224635,0.03490021,-0
-0.007198531,0.03489792,-0
-0.007167548,0.03489517,-0
-0.007142715,0.03489295,-0
-0.007110607,0.03489004,-0
-0.007081725,0.03488741,-0
-0.007056883,0.03488513,-0
-0.007024831,0.03488215,-0
-0.006997891,0.03487964,-0
-0.006971125,0.03487711,-0
-0.006938052,0.03487396,-0
-0.006913365,0.0348716,-0
-0.006885407,0.0348689,-0
-0.006854572,0.03486589,-0
-0.006825534,0.03486303,-0
-0.006798889,0.0348604,-0
-0.006769955,0.03485752,-0
-0.006740151,0.03485451,-0
-0.006712474,0.03485171,-0
-0.00668439,0.03484884,-0
-0.006657046,0.03484602,-0
-0.006625966,0.0348428,-0
-0.006600317,0.03484012,-0
-0.006570525,0.03483698,-0
-0.0065417,0.03483392,-0
-0.006512853,0.03483083,-0
-0.006484459,0.03482778,-0
-0.006455295,0.03482462,-0
-0.006431065,0.03482198,-0
-0.006397177,0.03481824,-0
-0.006372618,0.03481553,-0
-0.006341822,0.03481209,-0
-0.006315302,0.03480911,-0
-0.006284315,0.0348056,-0
-0.00625578,0.03480235,-0
-0.006229374,0.03479933,-0
-0.006201905,0.03479616,-0
-0.006172025,0.03479268,-0
-0.006140254,0.03478896,-0
-0.006117254,0.03478627,-0
-0.006085023,0.03478244,-0
-0.00605787,0.0347792,-0
-0.006029392,0.03477579,-0
-0.006000484,0.03477229,-0
-0.005970146,0.0347686,-0
-0.005946915,0.03476577,-0
-0.005916468,0.03476201,-0
-0.005883558,0.03475793,-0
-0.005858262,0.03475478,-0
-0.005827929,0.03475098,-0
-0.005799955,0.03474746,-0
-0.005773135,0.03474406,-0
-0.005746575,0.03474067,-0
-0.00571397,0.03473647,-0
-0.005685647,0.03473281,-0
-0.005658325,0.03472927,-0
-0.00562987,0.03472555,-0
-0.005603673,0.03472211,-0
-0.005570272,0.03471768,-0
-0.005546075,0.03471448,-0
-0.005512338,0.03470996,-0
-0.005488534,0.03470677,-0
-0.005459047,0.03470278,-0
-0.005425396,0.0346982,-0
-0.005403776,0.03469527,-0
-0.005369783,0.03469058,-0
-0.005344036,0.03468704,-0
-0.005313809,0.03468284,-0
-0.005283319,0.03467859,-0
-0.005259342,0.03467524,-0
-0.005229149,0.03467098,-0
-0.005199832,0.03466682,-0
-0.005171771,0.03466282,-0
-0.0051397,0.03465823,-0
-0.005113275,0.03465444,-0
-0.005082403,0.03464997,-0
-0.005055232,0.03464603,-0
-0.005028615,0.03464215,-0
-0.004992299,0.03463682,-0
-0.004969168,0.03463343,-0
-0.004939961,0.0346291,-0
-0.004911051,0.03462481,-0
-0.004881864,0.03462045,-0
-0.004849779,0.03461563,-0
-0.004821779,0.03461142,-0
-0.00479739,0.03460774,-0
-0.004765067,0.03460281,-0
-0.004733899,0.03459805,-0
-0.004703903,0.03459346,-0
-0.004677326,0.03458938,-0
-0.004645156,0.0345844,-0
-0.004619582,0.03458044,-0
-0.004588568,0.0345756,-0
-0.004561104,0.0345713,-0
-0.004524478,0.03456555,-0
-0.004502355,0.03456207,-0
-0.004469506,0.03455687,-0
-0.004439639,0.03455212,-0
-0.004409335,0.03454729,-0
-0.004381431,0.03454283,-0
-0.004350313,0.03453783,-0
-0.004317379,0.03453252,-0
-0.004293911,0.03452874,-0
-0.00425689,0.03452272,-0
-0.004226683,0.03451782,-0
-0.004200098,0.03451349,-0
-0.004164414,0.03450764,-0
-0.004140698,0.03450377,-0
-0.004102134,0.0344974,-0
-0.004073331,0.03449266,-0
-0.004044,0.03448781,-0
-0.00401201,0.03448251,-0
-0.003980251,0.03447723,-0
-0.003945503,0.03447144,-0
-0.003917638,0.0344668,-0
-0.003883465,0.03446108,-0
-0.003851333,0.03445571,-0
-0.003821388,0.03445069,-0
-0.003787849,0.03444504,-0
-0.003753485,0.03443926,-0
-0.003725283,0.03443451,-0
-0.003689172,0.0344284,-0
-0.003658619,0.03442323,-0
-0.003627102,0.03441789,-0
-0.003595757,0.03441256,-0
-0.003562438,0.03440689,-0
-0.003527461,0.03440093,-0
-0.003496685,0.03439568,-0
-0.003463493,0.03439001,-0
-0.003430177,0.03438431,-0
-0.003401716,0.03437943,-0
-0.003361265,0.03437247,-0
-0.003333197,0.03436767,-0
-0.003295931,0.03436125,-0
-0.003264961,0.03435592,-0
-0.00322955,0.03434982,-0
-0.003194103,0.03434371,-0
-0.003160437,0.03433791,-0
-0.003120768,0.03433107,-0
-0.003088624,0.03432555,-0
-0.003050594,0.034319,-0
-0.003016395,0.03431312,-0
-0.002973305,0.03430571,-0
-0.002938744,0.03429981,-0
-0.002897794,0.0342928,-0
-0.002855652,0.03428563,-0
-0.002817342,0.03427913,-0
-0.002774471,0.03427188,-0
-0.002730493,0.03426449,-0
-0.002687846,0.03425736,-0
-0.002645643,0.03425035,-0
-0.002597992,0.03424247,-0
-0.00255011,0.03423462,-0
-0.002501784,0.03422677,-0
-0.002453996,0.03421907,-0
-0.002402266,0.03421083,-0
-0.00234667,0.03420208,-0
-0.002292882,0.03419374,-0
-0.002233065,0.03418459,-0
-0.002178391,0.03417638,-0
-0.00211442,0.03416692,-0
-0.002053764,0.03415815,-0
-0.001983983,0.03414828,-0
-0.001915517,0.03413886,-0
-0.001848922,0.03412993,-0
-0.001773695,0.03412014,-0
-0.001702324,0.03411114,-0
-0.001622801,0.03410147,-0
-0.00154503,0.03409238,-0
-0.001462191,0.0340831,-0
-0.001371777,0.03407347,-0
-0.00127897,0.03406416,-0
-0.001185882,0.0340554,-0
-0.001082815,0.03404639,-0
-0.0009804813,0.03403819,-0
-0.0008667332,0.03402998,-0
-0.0007499346,0.03402254,-0
-0.000625987,0.03401578,-0
-0.0005041579,0.03401029,-0
-0.0003705376,0.03400559,-0
-0.0002307997,0.03400219,-0
-8.454655e-05,0.03400033,-0
5.4957e-05,0.03400017,0
0.0002096902,0.03400184,0
0.0003648984,0.03400552,0
0.0005180059,0.03401112,0
0.0006765039,0.03401898,0
0.0008354111,0.03402899,0
0.0009877637,0.03404059,0
0.001139441,0.03405408,0
0.001288193,0.0340692,0
0.001428676,0.03408518,0
0.001568891,0.03410278,0
0.001693553,0.0341198,0
0.001820311,0.0341384,0
0.001937817,0.03415681,0
0.002044744,0.03417453,0
0.002150408,0.0341929,0
0.002247366,0.03421053,0
0.002336559,0.03422736,0
0.002417553,0.03424313,0
0.002497173,0.03425907,0
0.002569424,0.03427391,0
0.002634895,0.03428763,0
0.002702953,0.03430217,0
0.002765103,0.03431569,0
0.002819295,0.03432764,0
0.002879351,0.03434107,0
0.00293179,0.03435295,0
0.002982111,0.03436447,0
0.003031505,0.03437587,0
0.003081584,0.03438754,0
0.003124658,0.03439767,0
0.003170326,0.03440847,0
0.003214044,0.03441887,0
0.003253975,0.03442843,0
0.003296801,0.03443873,0
0.003334258,0.03444779,0
0.003373994,0.03445742,0
0.003409723,0.03446611,0
0.003448376,0.03447554,0
0.003485147,0.03448454,0
0.003515843,0.03449208,0
0.003555297,0.03450175,0
0.003582463,0.03450844,0
0.003615794,0.03451664,0
0.003643854,0.03452354,0
0.003673645,0.03453085,0
0.003704443,0.03453841,0
0.003729643,0.03454459,0
0.003759893,0.03455199,0
0.003788449,0.03455896,0
0.003818615,0.03456632,0
0.003844474,0.03457263,0
0.003877622,0.03458069,0
0.00390531,0.03458742,0
0.003939589,0.03459575,0
0.003968242,0.03460272,0
0.004001944,0.0346109,0
0.004036945,0.03461942,0
0.004071035,0.03462772,0
0.004108095,0.03463677,0
0.004140978,0.03464482,0
0.004182854,0.03465509,0
0.004222891,0.03466496,0
0.004265646,0.03467556,0
0.004307665,0.03468604,0
0.004351807,0.03469711,0
0.004393349,0.0347076,0
0.004439549,0.03471934,0
0.004484956,0.03473098,0
0.004528397,0.03474219,0
0.004571863,0.03475348,0
0.004616417,0.03476514,0
0.004659097,0.03477639,0
0.004704506,0.03478843,0
0.004741305,0.03479826,0
0.004784963,0.03480997,0
0.004825919,0.03482103,0
0.004859288,0.03483009,0
0.004900467,0.03484129,0
0.004936419,0.03485112,0
0.004969114,0.03486009,0
0.00500313,0.03486943,0
0.0050376,0.03487893,0
0.005068815,0.03488754,0
0.005103516,0.03489713,0
0.00513621,0.03490619,0
0.005167664,0.03491492,0
0.005199315,0.03492371,0
0.005231426,0.03493264,0
0.005263964,0.03494171,0
0.005290214,0.03494903,0
0.005323419,0.03495828,0
0.005353364,0.03496664,0
0.005384653,0.03497538,0
0.00541182,0.03498298,0
0.005443741,0.0349919,0
0.005471799,0.03499975,0
0.00549946,0.03500748,0
0.00552817,0.0350155,0
0.005560104,0.03502443,0
0.005585227,0.03503146,0
0.005613572,0.03503938,0
0.005644006,0.03504788,0
0.005671336,0.03505552,0
0.005697547,0.03506284,0
0.005726154,0.03507081,0
0.005754307,0.03507867,0
0.005779918,0.03508581,0
0.005807928,0.03509361,0
0.005835724,0.03510134,0
0.005861141,0.03510841,0
0.005888935,0.03511613,0
0.005914484,0.03512322,0
0.005943559,0.03513128,0
0.005969068,0.03513835,0
0.005993756,0.03514518,0
0.006020564,0.03515258,0
0.00604742,0.03515999,0
0.006073814,0.03516727,0
0.006099422,0.03517432,0
0.006123259,0.03518087,0
0.006152957,0.03518902,0
0.006176212,0.0351954,0
0.006203782,0.03520294,0
0.00622606,0.03520904,0
0.006254079,0.03521667,0
0.006279742,0.03522366,0
0.006305848,0.03523076,0
0.006328254,0.03523685,0
0.006356482,0.0352445,0
0.006379038,0.03525061,0
0.00640635,0.03525798,0
0.0064323,0.03526498,0
0.006454701,0.03527101,0
0.006482007,0.03527834,0
0.006506003,0.03528478,0
0.006530052,0.03529121,0
0.006555563,0.03529802,0
0.00658164,0.03530497,0
0.006605375,0.03531129,0
0.00663094,0.03531808,0
0.006653836,0.03532414,0
0.006680013,0.03533106,0
0.006705809,0.03533787,0
0.006728576,0.03534386,0
0.006752625,0.03535018,0
0.006779999,0.03535735,0
0.006801746,0.03536304,0
0.006826699,0.03536955,0
0.006853239,0.03537646,0
0.006876997,0.03538263,0
0.006901166,0.0353889,0
0.006925161,0.0353951,0
0.006951098,0.03540179,0
0.006974509,0.03540782,0
0.006999744,0.0354143,0
0.007020912,0.03541973,0
0.007049184,0.03542694,0
0.00706976,0.0354322,0
0.007096996,0.03543912,0
0.007121159,0.03544525,0
0.007146155,0.03545157,0
0.007167264,0.03545691,0
0.007193407,0.03546348,0
0.007218322,0.03546974,0
0.007242488,0.03547579,0
0.007264368,0.03548126,0
0.007292447,0.03548825,0
0.007313618,0.03549352,0
0.007338616,0.03549971,0
0.007363805,0.03550594,0
0.007385473,0.03551129,0
0.007412641,0.03551796,0
0.007436003,0.0355237,0
0.007458725,0.03552926,0
0.007484576,0.03553556,0
0.007508212,0.03554131,0
0.007531749,0.03554702,0
0.007556831,0.03555309,0
0.007579536,0.03555857,0
0.007604648,0.03556461,0
0.007629503,0.03557057,0
0.007651835,0.03557592,0
0.00767701,0.03558192,0
0.007701514,0.03558775,0
0.007724543,0.03559321,0
0.007749556,0.03559912,0
0.007774359,0.03560497,0
0.007796888,0.03561027,0
0.007820062,0.0356157,0
0.007845704,0.03562169,0
0.00787042,0.03562745,0
0.00789235,0.03563255,0
0.007918871,0.03563869,0
0.007941467,0.03564391,0
0.007967451,0.03564989,0
0.00799113,0.03565533,0
0.008014976,0.03566078,0
0.008037526,0.03566593,0
0.008062557,0.03567162,0
0.008086371,0.03567702,0
0.008111013,0.03568259,0
0.00813458,0.0356879,0
0.008159287,0.03569345,0
0.008183182,0.0356988,0
0.008208065,0.03570435,0
0.008231156,0.03570949,0
0.008255571,0.03571491,0
0.008278988,0.03572008,0
0.008303348,0.03572545,0
0.008329932,0.03573129,0
0.008350745,0.03573585,0
0.00837687,0.03574155,0
0.008399364,0.03574644,0
0.008425288,0.03575205,0
0.008450564,0.03575752,0
0.008470854,0.03576189,0
0.008496275,0.03576734,0
0.008521987,0.03577284,0
0.0085451,0.03577777,0
0.008568315,0.0357827,0
0.008594454,0.03578823,0
0.008619364,0.03579349,0
0.008642447,0.03579834,0
0.008666674,0.03580342,0
0.008689672,0.03580823,0
0.008716429,0.03581379,0
0.008737663,0.0358182,0
0.008763384,0.03582351,0
0.008788562,0.03582869,0
0.008810738,0.03583325,0
0.008836666,0.03583855,0
0.008859482,0.0358432,0
0.008885523,0.03584848,0
0.008908582,0.03585315,0
0.008932357,0.03585795,0
0.008957877,0.03586307,0
0.00898079,0.03586765,0
0.009006402,0.03587276,0
0.009031269,0.0358777,0
0.009055236,0.03588244,0
0.009078583,0.03588705,0
0.009102081,0.03589167,0
0.009126894,0.03589652,0
0.00915171,0.03590135,0
0.009175898,0.03590605,0
0.009203464,0.03591138,0
0.009222933,0.03591515,0
0.009250316,0.0359204,0
0.009274641,0.03592506,0
0.009297573,0.03592943,0
0.009321945,0.03593405,0
0.009347999,0.03593898,0
0.009370639,0.03594325,0
0.009396639,0.03594812,0
0.009418931,0.0359523,0
0.009442992,0.03595677,0
0.00947106,0.03596197,0
0.009492473,0.03596593,0
0.00951712,0.03597046,0
0.00954435,0.03597545,0
0.009565622,0.03597934,0
0.009592949,0.0359843,0
0.009614552,0.03598822,0
0.009642906,0.03599332,0
0.009663122,0.03599696,0
0.009687999,0.0360014,0
0.009714728,0.03600615,0
0.009740166,0.03601067,0
0.009762888,0.03601468,0
0.009788517,0.03601919,0
0.009809962,0.03602295,0
0.00983769,0.03602777,0
0.009860492,0.03603174,0
0.009887783,0.03603645,0
0.009910151,0.03604031,0
0.009934044,0.0360444,0
0.009960765,0.03604896,0
0.009983307,0.03605279,0
0.01001007,0.03605732,0
0.01003499,0.03606151,0
0.01005552,0.03606496,0
0.01008387,0.03606969,0
0.01010947,0.03607394,0
0.01013179,0.03607764,0
0.01015574,0.03608159,0
0.01018246,0.03608596,0
0.01020635,0.03608986,0
0.01023235,0.03609409,0
0.01025441,0.03609766,0
0.01028048,0.03610186,0
0.01030688,0.03610608,0
0.01032803,0.03610946,0
0.01035645,0.03611397,0
0.01038009,0.03611771,0
0.01040443,0.03612154,0
0.01042966,0.03612549,0
0.01045409,0.0361293,0
0.01047825,0.03613304,0
0.01050361,0.03613696,0
0.01052929,0.0361409,0
0.0105527,0.03614448,0
0.01058149,0.03614885,0
0.01060107,0.03615183,0
0.01062917,0.03615605,0
0.01065165,0.03615943,0
0.01067738,0.03616326,0
0.01070304,0.03616706,0
0.01072949,0.03617097,0
0.01075357,0.03617451,0
0.01077584,0.03617777,0
0.01080232,0.03618162,0
0.01082819,0.03618536,0
0.01085272,0.03618889,0
0.01087785,0.03619249,0
0.01090099,0.03619579,0
0.01092718,0.0361995,0
0.01095278,0.0362031,0
0.01097743,0.03620656,0
0.01100225,0.03621002,0
0.01102761,0.03621354,0
0.01105298,0.03621704,0
0.01107633,0.03622025,0
0.01110393,0.03622401,0
0.01112857,0.03622736,0
0.01115196,0.03623052,0
0.01117827,0.03623405,0
0.01120189,0.0362372,0
0.01122929,0.03624083,0
0.01125525,0.03624427,0
0.01127756,0.0362472,0
0.01130306,0.03625053,0
0.01132954,0.03625396,0
0.01135122,0.03625677,0
0.01138024,0.03626048,0
0.01140469,0.0362636,0
0.01143131,0.03626698,0
0.01145129,0.03626951,0
0.01148161,0.03627329,0
0.01150435,0.03627613,0
0.0115297,0.03627927,0
0.01155591,0.03628249,0
0.01158308,0.03628582,0
0.01160562,0.03628857,0
0.01163168,0.03629172,0
0.01165591,0.03629463,0
0.01168161,0.0362977,0
0.01170681,0.03630069,0
0.01173396,0.03630389,0
0.01175594,0.03630646,0
0.01178394,0.03630972,0
0.01180838,0.03631255,0
0.01183394,0.03631549,0
0.01186026,0.03631849,0
0.01188499,0.0363213,0
0.01190909,0.03632402,0
0.01193707,0.03632714,0
0.01196017,0.03632972,0
0.01198713,0.03633269,0
0.01201028,0.03633524,0
0.01203706,0.03633815,0
0.01206254,0.03634091,0
0.01208997,0.03634385,0
0.01211268,0.03634628,0
0.01213852,0.03634902,0
0.01216429,0.03635173,0
0.01219064,0.03635448,0
0.01221631,0.03635715,0
0.01224015,0.03635961,0
0.01226677,0.03636233,0
0.01229229,0.03636492,0
0.01231813,0.03636752,0
0.0123432,0.03637003,0
0.01236862,0.03637256,0
0.01239322,0.03637498,0
0.01242251,0.03637784,0
0.01244409,0.03637995,0
0.01247199,0.03638263,0
0.01249669,0.036385,0
0.01252132,0.03638733,0
0.01254766,0.03638981,0
0.01257543,0.0363924,0
0.01259908,0.03639459,0
0.01262625,0.03639709,0
0.01265095,0.03639934,0
0.01267489,0.03640151,0
0.01270197,0.03640393,0
0.01272681,0.03640614,0
0.01275302,0.03640845,0
0.01278177,0.03641096,0
0.01280399,0.03641289,0
0.01283175,0.03641527,0
0.01285609,0.03641735,0
0.01288208,0.03641954,0
0.01290794,0.03642171,0
0.01293409,0.03642388,0
0.01296027,0.03642603,0
0.01298533,0.03642807,0
0.01301058,0.03643011,0
0.01303855,0.03643235,0
0.01306077,0.03643411,0
0.01309007,0.03643641,0
0.0131151,0.03643835,0
0.01313932,0.03644022,0
0.01316746,0.03644236,0
0.01319174,0.0364442,0
0.01321912,0.03644625,0
0.01324237,0.03644797,0
0.01326936,0.03644995,0
0.01329794,0.03645201,0
0.01332115,0.03645369,0
0.01334743,0.03645556,0
0.0133737,0.0364574,0
0.0134001,0.03645924,0
0.01342553,0.03646099,0
0.01345287,0.03646285,0
0.01347716,0.03646449,0
0.01350367,0.03646626,0
0.01352796,0.03646786,0
0.01355756,0.03646978,0
0.01358179,0.03647134,0
0.0136075,0.03647298,0
0.01363364,0.03647462,0
0.01366046,0.03647629,0
0.01368576,0.03647785,0
0.0137113,0.03647939,0
0.01373873,0.03648104,0
0.01376447,0.03648256,0
0.01379088,0.0364841,0
0.01381663,0.03648559,0
0.01384105,0.03648698,0
0.01386876,0.03648854,0
0.01389518,0.03649,0
0.01392184,0.03649146,0
0.01394663,0.0364928,0
0.01397425,0.03649427,0
0.0139987,0.03649556,0
0.01402668,0.036497,0
0.01405217,0.0364983,0
0.01407691,0.03649955,0
0.01410582,0.03650098,0
0.01412928,0.03650213,0
0.01415813,0.03650351,0
0.01418283,0.03650468,0
0.01421078,0.03650598,0
0.01423335,0.03650703,0
0.01426234,0.03650833,0
0.01429011,0.03650955,0
0.01431284,0.03651055,0
0.01434074,0.03651174,0
0.01436763,0.03651287,0
0.01439447,0.03651398,0
0.01441936,0.036515,0
0.01444732,0.03651611,0
0.01447112,0.03651705,0
0.01449912,0.03651812,0
0.01452605,0.03651913,0
0.01455096,0.03652005,0
0.01457793,0.03652103,0
0.01460502,0.03652199,0
0.01463086,0.03652288,0
0.0146579,0.0365238,0
0.01468293,0.03652463,0
0.01471104,0.03652554,0
0.01473702,0.03652637,0
0.01476196,0.03652714,0
0.0147902,0.03652799,0
0.01481512,0.03652873,0
0.01484343,0.03652954,0
0.01486943,0.03653027,0
0.01489455,0.03653096,0
0.01492383,0.03653173,0
0.0149488,0.03653238,0
0.01497502,0.03653304,0
0.01500009,0.03653365,0
0.01502845,0.03653431,0
0.01505462,0.03653491,0
0.01508076,0.03653548,0
0.01511012,0.0365361,0
0.01513329,0.03653659,0
0.01516148,0.03653714,0
0.01518683,0.03653763,0
0.01521508,0.03653814,0
0.01524141,0.03653861,0
0.01526665,0.03653904,0
0.01529509,0.03653949,0
0.01531926,0.03653987,0
0.0153487,0.03654029,0
0.01537409,0.03654065,0
0.01540145,0.03654101,0
0.01542781,0.03654134,0
0.01545424,0.03654164,0
0.01547956,0.03654192,0
0.01550808,0.03654221,0
0.01553451,0.03654246,0
0.01556092,0.03654269,0
0.01558843,0.03654291,0
0.01561491,0.0365431,0
0.01564136,0.03654327,0
0.01566787,0.03654342,0
0.01569541,0.03654356,0
0.01572191,0.03654367,0
0.01574741,0.03654376,0
0.01577499,0.03654383,0
0.01580363,0.03654389,0
0.01582707,0.03654393,0
0.01585678,0.03654393,0
0.01588233,0.03654393,0
0.01591102,0.0365439,0
0.01593555,0.03654386,0
0.01596427,0.03654379,0
0.01598883,0.03654372,0
0.01601652,0.0365436,0
0.01604423,0.03654347,0
0.01607092,0.03654333,0
0.01609656,0.03654317,0
0.01612536,0.03654297,0
0.01615105,0.03654277,0
0.01617878,0.03654254,0
0.01620555,0.0365423,0
0.0162323,0.03654203,0
0.01625909,0.03654175,0
0.01628586,0.03654144,0
0.01631262,0.03654112,0
0.0163405,0.03654075,0
0.01636836,0.03654038,0
0.01639416,0.03654001,0
0.016421,0.03653961,0
0.01644676,0.0365392,0
0.01647473,0.03653873,0
0.01650473,0.03653821,0
0.01652848,0.03653779,0
0.01655644,0.03653726,0
0.01658332,0.03653673,0
0.01660924,0.03653621,0
0.01663825,0.03653559,0
0.0166642,0.03653503,0
0.01669114,0.03653442,0
0.01672021,0.03653374,0
0.01674507,0.03653315,0
0.0167721,0.03653248,0
0.01680228,0.0365317,0
0.01682612,0.03653108,0
0.01685318,0.03653035,0
0.01688342,0.0365295,0
0.01690834,0.0365288,0
0.01693536,0.03652801,0
0.01696352,0.03652716,0
0.01699063,0.03652633,0
0.01701677,0.03652551,0
0.01704587,0.03652457,0
0.01707205,0.03652371,0
0.01709804,0.03652284,0
0.01712625,0.03652186,0
0.01715243,0.03652094,0
0.01718178,0.03651988,0
0.0172089,0.03651889,0
0.01723508,0.03651791,0
0.01726124,0.03651691,0
0.01729052,0.03651576,0
0.01731677,0.03651473,0
0.01734391,0.03651363,0
0.01737332,0.03651242,0
0.01739847,0.03651137,0
0.01742584,0.0365102,0
0.01745315,0.03650901,0
0.01748049,0.0365078,0
0.01750977,0.03650649,0
0.01753409,0.03650538,0
0.01756343,0.03650402,0
0.01759076,0.03650273,0
0.01761816,0.03650142,0
0.01764446,0.03650014,0
0.01767203,0.03649878,0
0.01770025,0.03649736,0
0.01772673,0.03649602,0
0.01775413,0.0364946,0
0.01778264,0.03649311,0
0.01780912,0.0364917,0
0.01783641,0.03649023,0
0.01786484,0.03648867,0
0.01789265,0.03648714,0
0.01791774,0.03648574,0
0.01794648,0.0364841,0
0.01797499,0.03648245,0
0.01800248,0.03648085,0
0.01802909,0.03647928,0
0.0180555,0.0364777,0
0.01808516,0.0364759,0
0.0181105,0.03647435,0
0.01813839,0.03647262,0
0.01816679,0.03647083,0
0.01819432,0.03646908,0
0.0182221,0.0364673,0
0.01824956,0.03646551,0
0.01827637,0.03646374,0
0.01830305,0.03646197,0
0.01833254,0.03645998,0
0.01835814,0.03645824,0
0.01838802,0.03645618,0
0.01841565,0.03645426,0
0.01844126,0.03645246,0
0.01846998,0.03645042,0
0.01849662,0.03644851,0
0.01852577,0.03644639,0
0.01855118,0.03644453,0
0.01858108,0.03644231,0
0.01860952,0.03644018,0
0.01863433,0.03643831,0
0.0186634,0.03643609,0
0.01869215,0.03643388,0
0.01871577,0.03643205,0
0.01874674,0.0364296,0
0.0187745,0.0364274,0
0.01880037,0.03642533,0
0.01883013,0.03642292,0
0.01885585,0.03642083,0
0.01888503,0.03641842,0
0.01891188,0.0364162,0
0.01894053,0.03641379,0
0.01896861,0.03641142,0
0.01899545,0.03640913,0
0.0190236,0.03640671,0
0.01905217,0.03640423,0
0.01907614,0.03640214,0
0.0191073,0.03639937,0
0.01913405,0.03639699,0
0.0191619,0.03639449,0
0.01919135,0.03639182,0
0.019216,0.03638957,0
0.01924598,0.03638681,0
0.01927324,0.03638428,0
0.01930215,0.03638157,0
0.0193272,0.03637921,0
0.01935794,0.03637628,0
0.01938453,0.03637374,0
0.01941205,0.03637108,0
0.01944033,0.03636833,0
0.01946749,0.03636567,0
0.01949641,0.0363628,0
0.01952468,0.03635999,0
0.01955177,0.03635727,0
0.01957867,0.03635455,0
0.01960708,0.03635165,0
0.01963715,0.03634857,0
0.01966324,0.03634588,0
0.01968949,0.03634314,0
0.01971968,0.03633997,0
0.01974638,0.03633715,0
0.0197759,0.03633401,0
0.01980314,0.03633109,0
0.01983017,0.03632818,0
0.01985891,0.03632505,0
0.01988675,0.03632201,0
0.01991508,0.03631888,0
0.01994199,0.0363159,0
0.0199695,0.03631283,0
0.01999897,0.03630951,0
0.020028,0.03630622,0
0.02005213,0.03630348,0
0.02008378,0.03629984,0
0.02011074,0.03629673,0
0.02013926,0.03629342,0
0.02016554,0.03629035,0
0.02019473,0.03628691,0
0.02022329,0.03628353,0
0.02024936,0.03628042,0
0.02027904,0.03627685,0
0.02030705,0.03627347,0
0.02033392,0.03627021,0
0.02036298,0.03626665,0
0.02039137,0.03626316,0
0.0204189,0.03625975,0
0.02044824,0.0362561,0
0.02047382,0.03625289,0
0.02050397,0.03624909,0
0.02053234,0.0362455,0
0.02055698,0.03624236,0
0.02058831,0.03623833,0
0.02061703,0.03623462,0
0.02064361,0.03623118,0
0.02067178,0.03622749,0
0.02069935,0.03622387,0
0.02072759,0.03622014,0
0.02075727,0.03621619,0
0.02078501,0.03621249,0
0.02081256,0.03620879,0
0.02084091,0.03620496,0
0.0208673,0.03620137,0
0.02089814,0.03619715,0
0.0209254,0.0361934,0
0.0209525,0.03618966,0
0.02098173,0.03618559,0
0.02101039,0.03618159,0
0.02103886,0.03617759,0
0.0210665,0.03617369,0
0.02109289,0.03616994,0
0.02112368,0.03616554,0
0.02115079,0.03616165,0
0.02117875,0.03615762,0
0.02120678,0.03615355,0
0.02123538,0.03614938,0
0.02126518,0.03614501,0
0.02129171,0.0361411,0
0.02132181,0.03613664,0
0.02134787,0.03613277,0
0.02137643,0.03612849,0
0.0214067,0.03612393,0
0.02143313,0.03611994,0
0.02146128,0.03611566,0
0.02149034,0.03611122,0
0.02151864,0.03610688,0
0.02154504,0.03610281,0
0.02157709,0.03609784,0
0.02160268,0.03609386,0
0.02163102,0.03608942,0
0.02166065,0.03608476,0
0.02168694,0.03608061,0
0.02171734,0.03607577,0
0.02174534,0.03607131,0
0.02177344,0.0360668,0
0.02180213,0.03606218,0
0.02183026,0.03605763,0
0.02185762,0.03605318,0
0.02188704,0.03604837,0
0.02191353,0.03604402,0
0.02194594,0.03603867,0
0.0219711,0.0360345,0
0.02200048,0.03602961,0
0.02202933,0.03602479,0
0.02205618,0.03602028,0
0.02208568,0.03601529,0
0.02211502,0.03601032,0
0.02214166,0.03600579,0
0.02216974,0.03600098,0
0.02220079,0.03599564,0
0.0222265,0.03599121,0
0.02225557,0.03598616,0
0.02228577,0.0359809,0
0.02231246,0.03597623,0
0.0223413,0.03597116,0
0.02237032,0.03596604,0
0.0223977,0.03596119,0
0.02242624,0.03595611,0
0.02245649,0.0359507,0
0.022484,0.03594576,0
0.02251193,0.03594073,0
0.02253981,0.03593568,0
0.02256846,0.03593046,0
0.02259859,0.03592496,0
0.02262553,0.03592002,0
0.02265627,0.03591435,0
0.02268253,0.0359095,0
0.02271209,0.03590401,0
0.02274097,0.03589862,0
0.02276786,0.03589359,0
0.02279728,0.03588805,0
0.02282617,0.0358826,0
0.02285458,0.03587721,0
0.02288191,0.03587201,0
0.02291059,0.03586653,0
0.02294045,0.03586079,0
0.02296785,0.03585551,0
0.02299894,0.03584949,0
0.02302384,0.03584466,0
0.02305492,0.03583859,0
0.02308288,0.03583312,0
0.02311154,0.03582749,0
0.02313928,0.03582202,0
0.02316958,0.03581601,0
0.02319583,0.03581079,0
0.02322622,0.03580472,0
0.02325503,0.03579894,0
0.02328273,0.03579337,0
0.02331184,0.03578749,0
0.02334011,0.03578176,0
0.023368,0.03577608,0
0.0233975,0.03577004,0
0.02342599,0.0357642,0
0.0234542,0.03575839,0
0.02348354,0.03575233,0
0.0235128,0.03574626,0
0.02353877,0.03574085,0
0.02357068,0.03573417,0
0.02359742,0.03572857,0
0.0236266,0.03572242,0
0.02365525,0.03571637,0
0.02368283,0.03571052,0
0.02371381,0.03570392,0
0.02374105,0.0356981,0
0.02377052,0.03569178,0
0.02379749,0.03568597,0
0.02382742,0.0356795,0
0.02385576,0.03567336,0
0.02388508,0.03566697,0
0.02391199,0.0356611,0
0.02394217,0.03565448,0
0.02397112,0.03564811,0
0.02399978,0.03564178,0
0.02402711,0.03563573,0
0.02406276,0.0356278,0
