-0.0215955967399216,0.0397167597011373,-0
-0.0215718730670721,0.0397157089720662,-0
-0.0215481536555713,0.0397146454473563,-0
-0.0215244385120261,0.039713569130507,-0
-0.021500727643055,0.0397124800250219,-0
-0.0214770210552801,0.0397113781344082,-0
-0.0214533187553378,0.0397102634621776,-0
-0.02142962074981,0.0397091360118429,-0
-0.0214059270453168,0.039707995786922,-0
-0.021382237648483,0.0397068427909371,-0
-0.0213585525659026,0.0397056770274122,-0
-0.02133487180416,0.0397044984998746,-0
-0.021311195369893,0.0397033072118578,-0
-0.0212875232696713,0.0397021031668956,-0
-0.0212638555101044,0.0397008863685273,-0
-0.0212401920977794,0.0396996568202949,-0
-0.0212165330392911,0.0396984145257441,-0
-0.0211928783412123,0.0396971594884234,-0
-0.0211692280101581,0.0396958917118871,-0
-0.0211455820526795,0.0396946111996894,-0
-0.0211219404753721,0.0396933179553909,-0
-0.0210983032848216,0.0396920119825552,-0
-0.0210746704875804,0.0396906932847475,-0
-0.0210510420902362,0.0396893618655387,-0
-0.0210274180993594,0.0396880177285026,-0
-0.0210037985215224,0.0396866608772163,-0
-0.0209801833632605,0.0396852913152586,-0
-0.0209565726311712,0.0396839090462157,-0
-0.020932966331793,0.0396825140736738,-0
-0.0209093644716975,0.0396811064012246,-0
-0.0208857670574083,0.0396796860324606,-0
-0.0208621740955171,0.0396782529709823,-0
-0.020838585592548,0.0396768072203894,-0
-0.0208150015550528,0.0396753487842869,-0
-0.0207914219895813,0.0396738776662837,-0
-0.0207678469026501,0.0396723938699898,-0
-0.0207442763008353,0.0396708973990229,-0
-0.0207207101906416,0.0396693882569995,-0
-0.0206971485786212,0.039667866447543,-0
-0.0206735914712892,0.039666331974278,-0
-0.0206500388751836,0.0396647848408342,-0
-0.0206264907968273,0.0396632250508438,-0
-0.0206029472427508,0.0396616526079433,-0
-0.0205794082194444,0.0396600675157701,-0
-0.0205558737334648,0.0396584697779697,-0
-0.0205323437912898,0.0396568593981858,-0
-0.0205088183994668,0.0396552363800706,-0
-0.0204852975644776,0.0396536007272753,-0
-0.0204617812928315,0.0396519524434568,-0
-0.0204382695910546,0.0396502915322767,-0
-0.0204147624656239,0.0396486179973967,-0
-0.0203912599230466,0.0396469318424843,-0
-0.020367761969809,0.0396452330712092,-0
-0.0203442686124252,0.0396435216872468,-0
-0.020320779857356,0.039641797694272,-0
-0.0202972957111173,0.0396400610959677,-0
-0.0202738161801771,0.0396383118960166,-0
-0.0202503412710336,0.0396365500981075,-0
-0.0202268709901391,0.0396347757059292,-0
-0.0202034053439895,0.0396329887231775,-0
-0.0201799443390701,0.0396311891535511,-0
-0.0201564879818117,0.0396293770007481,-0
-0.0201330362787249,0.0396275522684764,-0
-0.0201095892362552,0.0396257149604423,-0
-0.0200861468608758,0.0396238650803583,-0
-0.0200627091590233,0.0396220026319371,-0
-0.0200392761371838,0.0396201276188995,-0
-0.0200158478017947,0.0396182400449657,-0
-0.0199924241593223,0.0396163399138619,-0
-0.0199690052161917,0.0396144272293148,-0
-0.0199455909788793,0.0396125019950586,-0
-0.0199221814538059,0.0396105642148269,-0
-0.0198987766474199,0.0396086138923589,-0
-0.0198753765661569,0.0396066510313967,-0
-0.0198519812164658,0.0396046756356867,-0
-0.0198285906047602,0.0396026877089765,-0
-0.0198052047374758,0.0396006872550187,-0
-0.0197818236210451,0.0395986742775697,-0
-0.0197584472618901,0.0395966487803882,-0
-0.0197350756664251,0.0395946107672363,-0
-0.0197117088410799,0.0395925602418808,-0
-0.0196883467922599,0.03959049720809,-0
-0.019664989526385,0.0395884216696373,-0
-0.01964163704986,0.0395863336302982,-0
-0.0196182893690893,0.0395842330938519,-0
-0.0195949464905001,0.0395821200640833,-0
-0.0195716084204591,0.0395799945447755,-0
-0.0195482751653939,0.0395778565397206,-0
-0.0195249467316754,0.0395757060527092,-0
-0.0195016231257207,0.03957354308754,-0
-0.0194783043539084,0.0395713676480116,-0
-0.0194549904226218,0.0395691797379266,-0
-0.0194316813382583,0.0395669793610928,-0
-0.0194083771071829,0.0395647665213183,-0
-0.019385077735779,0.0395625412224168,-0
-0.0193617832304363,0.0395603034682062,-0
-0.0193384935975121,0.0395580532625049,-0
-0.019315208843389,0.0395557906091372,-0
-0.0192919289744112,0.0395535155119277,-0
-0.0192686539969644,0.0395512279747083,-0
-0.0192453839174127,0.0395489280013128,-0
-0.0192221187421,0.0395466155955763,-0
-0.0191988584773832,0.0395442907613391,-0
-0.0191756031296248,0.0395419535024454,-0
-0.0191523527051646,0.0395396038227411,-0
-0.0191291072103589,0.0395372417260773,-0
-0.0191058666515487,0.0395348672163069,-0
-0.0190826310350605,0.0395324802972854,-0
-0.0190594003672523,0.039530080972875,-0
-0.0190361746544405,0.0395276692469371,-0
-0.0190129539029915,0.0395252451233421,-0
-0.0189897381191831,0.0395228086059549,-0
-0.0189665273093924,0.0395203596986541,-0
-0.0189433214798936,0.0395178984053115,-0
-0.0189201206370483,0.0395154247298116,-0
-0.0188969247871657,0.0395129386760369,-0
-0.0188737339365275,0.0395104402478708,-0
-0.0188505480914846,0.0395079294492076,-0
-0.0188273672583274,0.0395054062839389,-0
-0.0188041914433624,0.0395028707559615,-0
-0.0187810206528914,0.0395003228691754,-0
-0.0187578548932181,0.0394977626274846,-0
-0.018734694170634,0.0394951900347952,-0
-0.0187115384914324,0.0394926050950173,-0
-0.0186883878619091,0.0394900078120648,-0
-0.0186652422883478,0.0394873981898539,-0
-0.0186421017770197,0.0394847762323032,-0
-0.0186189663342284,0.0394821419433385,-0
-0.0185958359662407,0.0394794953268851,-0
-0.0185727106793235,0.0394768363868718,-0
-0.0185495904797717,0.0394741651272346,-0
-0.0185264753738249,0.0394714815519064,-0
-0.0185033653677727,0.0394687856648299,-0
-0.0184802604678644,0.0394660774699466,-0
-0.0184571606803626,0.039463356971203,-0
-0.0184340660115287,0.0394606241725495,-0
-0.0184109764676119,0.0394578790779385,-0
-0.0183878920548494,0.0394551216913246,-0
-0.0183648127795197,0.0394523520166711,-0
-0.0183417386478373,0.0394495700579372,-0
-0.0183186696660551,0.0394467758190904,-0
-0.0182956058404134,0.0394439693041003,-0
-0.0182725471771498,0.03944115051694,-0
-0.0182494936824706,0.0394383194615822,-0
-0.0182264453626367,0.0394354761420102,-0
-0.0182034022238584,0.0394326205622044,-0
-0.0181803642723524,0.03942975272615,-0
-0.0181573315143515,0.0394268726378376,-0
-0.0181343039560601,0.0394239803012581,-0
-0.0181112816036899,0.0394210757204068,-0
-0.018088264463455,0.0394181588992831,-0
-0.0180652525415738,0.0394152298418907,-0
-0.0180422458442152,0.0394122885522303,-0
-0.0180192443776134,0.039409335034315,-0
-0.017996248147946,0.0394063692921541,-0
-0.0179732571614191,0.0394033913297644,-0
-0.017950271424212,0.0394004011511626,-0
-0.0179272909425065,0.0393973987603696,-0
-0.0179043157225041,0.0393943841614126,-0
-0.0178813457703758,0.0393913573583184,-0
-0.01785838109228,0.0393883183551157,-0
-0.0178354216944277,0.0393852671558439,-0
-0.017812467582961,0.039382203764537,-0
-0.0177895187640574,0.0393791281852373,-0
-0.0177665752438817,0.0393760404219891,-0
-0.0177436370285939,0.0393729404788397,-0
-0.0177207041243407,0.0393698283598383,-0
-0.0176977765372911,0.0393667040690409,-0
-0.0176748542735917,0.0393635676105038,-0
-0.0176519373393792,0.0393604189882861,-0
-0.0176290257408095,0.0393572582064527,-0
-0.0176061194840225,0.0393540852690704,-0
-0.0175832185751549,0.0393509001802089,-0
-0.0175603230203265,0.0393477029439395,-0
-0.0175374328256902,0.0393444935643417,-0
-0.0175145479973552,0.0393412720454924,-0
-0.0174916685414594,0.0393380383914765,-0
-0.0174687944641124,0.0393347926063783,-0
-0.0174459257714382,0.039331534694288,-0
-0.0174230624695412,0.0393282646592967,-0
-0.0174002045645376,0.0393249825055008,-0
-0.0173773520625377,0.0393216882369995,-0
-0.0173545049696419,0.0393183818578943,-0
-0.0173316632919524,0.0393150633722907,-0
-0.0173088270355525,0.039311732784295,-0
-0.0172859962065449,0.0393083900980203,-0
-0.017263170811033,0.0393050353175832,-0
-0.0172403508550789,0.0393016684470979,-0
-0.0172175363447732,0.0392982894906868,-0
-0.0171947272861936,0.0392948984524738,-0
-0.0171719236854296,0.0392914953365883,-0
-0.0171491255485286,0.0392880801471572,-0
-0.0171263328815832,0.0392846528883178,-0
-0.0171035456906484,0.0392812135642054,-0
-0.0170807639817736,0.0392777621789583,-0
-0.0170579877610265,0.039274298736721,-0
-0.0170352170344787,0.0392708232416427,-0
-0.0170124518081486,0.0392673356978676,-0
-0.0169896920881081,0.0392638361095524,-0
-0.0169669378803824,0.0392603244808499,-0
-0.0169441891910241,0.039256800815921,-0
-0.0169214460260635,0.0392532651189268,-0
-0.016898708391538,0.0392497173940332,-0
-0.0168759762934693,0.0392461576454074,-0
-0.0168532497378879,0.0392425858772217,-0
-0.0168305287308164,0.0392390020936508,-0
-0.0168078132782637,0.0392354062988708,-0
-0.0167851033862493,0.0392317984970636,-0
-0.0167623990608074,0.0392281786924167,-0
-0.0167397003078907,0.0392245468891085,-0
-0.01671700713355,0.039220903091337,-0
-0.0166943195437718,0.0392172473032932,-0
-0.0166716375445352,0.0392135795291708,-0
-0.0166489611418512,0.0392098997731724,-0
-0.0166262903417014,0.0392062080394997,-0
-0.016603625150073,0.0392025043323586,-0
-0.0165809655729342,0.039198788655956,-0
-0.0165583116162794,0.0391950610145067,-0
-0.016535663286073,0.0391913214122242,-0
-0.0165130205882843,0.0391875698533265,-0
-0.0164903835288741,0.0391838063420341,-0
-0.0164677521138083,0.039180030882572,-0
-0.0164451263490404,0.0391762434791667,-0
-0.016422506240533,0.0391724441360502,-0
-0.01639989179423,0.0391686328574548,-0
-0.0163772830160766,0.039164809647617,-0
-0.0163546799120097,0.0391609745107754,-0
-0.0163320824879748,0.039157127451174,-0
-0.0163094907499141,0.03915326847306,-0
-0.0162869047037297,0.039149397580677,-0
-0.0162643243553738,0.0391455147782816,-0
-0.0162417497107588,0.0391416200701268,-0
-0.0162191807758065,0.0391377134604712,-0
-0.0161966175564276,0.039133794953575,-0
-0.016174060058516,0.0391298645536994,-0
-0.0161515082880171,0.0391259222651184,-0
-0.016128962250794,0.0391219680920951,-0
-0.0161064219527749,0.0391180020389078,-0
-0.0160838873998189,0.0391140241098266,-0
-0.0160613585978446,0.0391100343091356,-0
-0.016038835552724,0.0391060326411146,-0
-0.0160163182703427,0.0391020191100494,-0
-0.0159938067565827,0.039097993720229,-0
-0.0159713010173134,0.0390939564759437,-0
-0.0159488010583799,0.0390899073814836,-0
-0.0159263068856957,0.0390858464411545,-0
-0.0159038185050788,0.0390817736592488,-0
-0.0158813359223952,0.0390776890400713,-0
-0.0158588591435154,0.0390735925879317,-0
-0.0158363881742606,0.039069484307134,-0
-0.0158139230204888,0.0390653642019931,-0
-0.0157914636880427,0.0390612322768245,-0
-0.0157690101827466,0.0390570885359443,-0
-0.0157465625104319,0.0390529329836736,-0
-0.0157241206769255,0.0390487656243366,-0
-0.0157016846880544,0.039044586462261,-0
-0.0156792545496351,0.0390403955017764,-0
-0.0156568302674728,0.0390361927472143,-0
-0.0156344118473793,0.0390319782029108,-0
-0.0156119992951562,0.0390277518732043,-0
-0.0155895926166105,0.0390235137624376,-0
-0.0155671918175297,0.0390192638749539,-0
-0.0155447969037009,0.0390150022150999,-0
-0.0155224078809189,0.0390107287872276,-0
-0.0155000247549692,0.0390064435956911,-0
-0.0154776475315966,0.0390021466448403,-0
-0.0154552762166198,0.0389978379390433,-0
-0.0154329108157686,0.0389935174826547,-0
-0.0154105513348289,0.0389891852800437,-0
-0.0153881977795449,0.0389848413355755,-0
-0.0153658501556666,0.0389804856536199,-0
-0.0153435084689689,0.0389761182385555,-0
-0.01532117272515,0.0389717390947496,-0
-0.01529884293,0.0389673482265916,-0
-0.0152765190892223,0.0389629456384572,-0
-0.0152542012085471,0.0389585313347315,-0
-0.0152318892937042,0.0389541053198034,-0
-0.0152095833504207,0.0389496675980648,-0
-0.0151872833844066,0.0389452181739081,-0
-0.0151649894013638,0.0389407570517281,-0
-0.015142701407001,0.0389362842359245,-0
-0.0151204194070326,0.0389317997309021,-0
-0.0150981434071372,0.0389273035410622,-0
-0.0150758734130047,0.0389227956708124,-0
-0.0150536094303283,0.0389182761245647,-0
-0.0150313514647891,0.0389137449067324,-0
-0.0150090995220485,0.0389092020217286,-0
-0.0149868536077981,0.0389046474739766,-0
-0.0149646137276844,0.038900081267894,-0
-0.0149423798873719,0.0388955034079062,-0
-0.0149201520925117,0.0388909138984395,-0
-0.0148979303487761,0.0388863127439286,-0
-0.0148757146617633,0.0388816999487963,-0
-0.0148535050371577,0.0388770755174878,-0
-0.014831301480569,0.0388724394544359,-0
-0.0148091039976193,0.0388677917640802,-0
-0.0147869125939448,0.0388631324508673,-0
-0.0147647272751704,0.0388584615192447,-0
-0.0147425480468883,0.0388537789736574,-0
-0.0147203749147074,0.0388490848185576,-0
-0.0146982078842454,0.0388443790584031,-0
-0.014676046961075,0.0388396616976462,-0
-0.014653892150801,0.0388349327407498,-0
-0.0146317434590035,0.0388301921921755,-0
-0.0146096008912581,0.0388254400563876,-0
-0.0145874644531442,0.0388206763378553,-0
-0.014565334150211,0.0388159010410451,-0
-0.0145432099880513,0.0388111141704368,-0
-0.0145210919721811,0.0388063157304974,-0
-0.0144989801081875,0.0388015057257133,-0
-0.014476874401589,0.0387966841605598,-0
-0.0144547748579383,0.0387918510395237,-0
-0.0144326814827517,0.0387870063670874,-0
-0.0144105942815688,0.0387821501477427,-0
-0.0143885132599154,0.0387772823859821,-0
-0.0143664384232785,0.0387724030862933,-0
-0.0143443697771885,0.0387675122531778,-0
-0.0143223073271447,0.0387626098911339,-0
-0.0143002510786395,0.0387576960046623,-0
-0.0142782010371588,0.0387527705982663,-0
-0.0142561572081857,0.0387478336764523,-0
-0.0142341195972069,0.0387428852437315,-0
-0.0142120882096826,0.0387379253046133,-0
-0.0141900630510749,0.0387329538636112,-0
-0.0141680441268586,0.0387279709252455,-0
-0.0141460314424619,0.0387229764940299,-0
-0.0141240250033455,0.0387179705744896,-0
-0.014102024814939,0.0387129531711466,-0
-0.0140800308826866,0.03870792428853,-0
-0.0140580432119946,0.0387028839311643,-0
-0.014036061808293,0.0386978321035835,-0
-0.0140140866769891,0.0386927688103201,-0
-0.0139921178234861,0.0386876940559099,-0
-0.013970155253192,0.0386826078448935,-0
-0.0139481989714838,0.0386775101818085,-0
-0.0139262489837556,0.0386724010712003,-0
-0.013904305295371,0.0386672805176113,-0
-0.0138823679117242,0.038662148525595,-0
-0.0138604368381482,0.0386570050996945,-0
-0.0138385120800143,0.0386518502444659,-0
-0.0138165936426756,0.038646683964465,-0
-0.0137946815314562,0.0386415062642448,-0
-0.0137727757517074,0.0386363171483687,-0
-0.0137508763087376,0.038631116621394,-0
-0.0137289832078821,0.0386259046878883,-0
-0.0137070964544459,0.0386206813524162,-0
-0.013685216053724,0.0386154466195436,-0
-0.0136633420110232,0.0386102004938436,-0
-0.0136414743316279,0.0386049429798877,-0
-0.0136196130208166,0.0385996740822502,-0
-0.0135977580838709,0.0385943938055101,-0
-0.0135759095260444,0.0385891021542436,-0
-0.0135540673525796,0.0385837991330284,-0
-0.0135322315687733,0.0385784847464593,-0
-0.0135104021798092,0.0385731589991078,-0
-0.0134885791909592,0.0385678218955709,-0
-0.0134667626074218,0.0385624734404316,-0
-0.0134449524344366,0.0385571136382872,-0
-0.01342314867719,0.038551742493726,-0
-0.0134013513408895,0.0385463600113455,-0
-0.0133795604307209,0.0385409661957419,-0
-0.0133577759518743,0.0385355610515168,-0
-0.0133359979095225,0.0385301445832714,-0
-0.0133142263088084,0.0385247167956034,-0
-0.0132924611549123,0.0385192776931244,-0
-0.0132707024529748,0.0385138272804398,-0
-0.0132489502081231,0.0385083655621559,-0
-0.0132272044254974,0.0385028925428864,-0
-0.0132054651101907,0.0384974082272372,-0
-0.0131837322673501,0.0384919126198321,-0
-0.013162005902051,0.0384864057252809,-0
-0.0131402860193787,0.0384808875481999,-0
-0.013118572624448,0.0384753580932171,-0
-0.013096865722287,0.0384698173649428,-0
-0.0130751653179856,0.0384642653680071,-0
-0.0130534714165832,0.0384587021070312,-0
-0.0130317840231333,0.0384531275866443,-0
-0.0130101031426518,0.0384475418114701,-0
-0.0129884287801676,0.0384419447861398,-0
-0.0129667609406924,0.0384363365152844,-0
-0.0129450996292253,0.0384307170035357,-0
-0.0129234448507656,0.0384250862555301,-0
-0.0129017966102715,0.0384194442758972,-0
-0.0128801549127466,0.0384137910692829,-0
-0.0128585197631019,0.0384081266403128,-0
-0.0128368911663262,0.0384024509936376,-0
-0.0128152691273356,0.0383967641338929,-0
-0.0127936536510666,0.038391066065724,-0
-0.0127720447424122,0.0383853567937687,-0
-0.0127504424063025,0.0383796363226795,-0
-0.0127288466476165,0.038373904657099,-0
-0.0127072574712165,0.0383681618016701,-0
-0.0126856748819963,0.0383624077610483,-0
-0.012664098884792,0.0383566425398777,-0
-0.0126425294844662,0.0383508661428143,-0
-0.0126209666858318,0.0383450785745048,-0
-0.0125994104937127,0.0383392798396033,-0
-0.0125778609129234,0.0383334699427655,-0
-0.0125563179482557,0.0383276488886456,-0
-0.0125347816044823,0.038321816681897,-0
-0.0125132518863795,0.0383159733271781,-0
-0.0124917287987002,0.0383101188291458,-0
-0.0124702123461845,0.0383042531924576,-0
-0.0124487025335664,0.0382983764217737,-0
-0.0124271993655532,0.0382924885217516,-0
-0.0124057028468588,0.038286589497055,-0
-0.0123842129821562,0.0382806793523406,-0
-0.0123627297761335,0.038274758092274,-0
-0.0123412532334529,0.0382688257215178,-0
-0.0123197833587295,0.0382628822447262,-0
-0.0122983201566358,0.0382569276665737,-0
-0.0122768636317561,0.038250961991715,-0
-0.0122554137887131,0.0382449852248196,-0
-0.0122339706320741,0.0382389973705464,-0
-0.0122125341664361,0.038232998433567,-0
-0.0121911043963238,0.0382269884185371,-0
-0.0121696813262975,0.0382209673301271,-0
-0.0121482649608866,0.0382149351730034,-0
-0.0121268553045751,0.0382088919518239,-0
-0.0121054523618846,0.0382028376712616,-0
-0.0120840561372693,0.0381967723359755,-0
-0.0120626666351948,0.0381906959506319,-0
-0.0120412838601089,0.0381846085198969,-0
-0.0120199078164292,0.0381785100484325,-0
-0.0119985385085746,0.038172400540906,-0
-0.0119771759409156,0.038166280001975,-0
-0.0119558201178564,0.0381601484363119,-0
-0.0119344710437096,0.038154005848567,-0
-0.0119131287228571,0.0381478522434158,-0
-0.0118917931595717,0.0381416876255064,-0
-0.0118704643581967,0.0381355119995125,-0
-0.0118491423229855,0.0381293253700862,-0
-0.0118278270582065,0.0381231277418887,-0
-0.0118065185680971,0.0381169191195771,-0
-0.0117852168568856,0.0381106995078105,-0
-0.0117639219287731,0.0381044689112448,-0
-0.0117426337879328,0.0380982273345326,-0
-0.0117213524385428,0.0380919747823329,-0
-0.0117000778847184,0.0380857112592907,-0
-0.0116788101306065,0.0380794367700655,-0
-0.0116575491802853,0.0380731513193012,-0
-0.0116362950378327,0.0380668549116466,-0
-0.0116150477073129,0.0380605475517512,-0
-0.0115938071927372,0.0380542292442538,-0
-0.0115725734981382,0.0380478999938045,-0
-0.0115513466274774,0.038041559805037,-0
-0.0115301265847439,0.0380352086825985,-0
-0.011508913373841,0.0380288466311151,-0
-0.0114877069987086,0.0380224736552291,-0
-0.0114665074632384,0.0380160897595735,-0
-0.0114453147712771,0.0380096949487724,-0
-0.0114241289266692,0.0380032892274546,-0
-0.0114029499332297,0.037996872600245,-0
-0.0113817777947566,0.0379904450717682,-0
-0.0113606125149905,0.0379840066466369,-0
-0.0113394540976981,0.0379775573294766,-0
-0.011318302546542,0.0379710971248862,-0
-0.011297157865235,0.0379646260374853,-0
-0.0112760200574182,0.0379581440718766,-0
-0.011254889126711,0.0379516512326615,-0
-0.0112337650767262,0.0379451475244445,-0
-0.0112126479110033,0.0379386329518129,-0
-0.0111915376330827,0.0379321075193594,-0
-0.0111704342464804,0.0379255712316747,-0
-0.0111493377546593,0.0379190240933383,-0
-0.0111282481610657,0.0379124661089298,-0
-0.0111071654691193,0.0379058972830261,-0
-0.0110860896821686,0.0378993176201872,-0
-0.0110650208035905,0.0378927271249875,-0
-0.0110439588366808,0.0378861258019813,-0
-0.011022903784715,0.0378795136557223,-0
-0.0110018556509409,0.0378728906907609,-0
-0.0109808144385667,0.0378662569116405,-0
-0.0109597801507749,0.0378596123229021,-0
-0.0109387527906734,0.0378529569290687,-0
-0.01091773236138,0.037846290734672,-0
-0.0108967188659678,0.0378396137442354,-0
-0.010875712307427,0.0378329259622612,-0
-0.0108547126887721,0.0378262273932657,-0
-0.0108337200129279,0.037819518041742,-0
-0.0108127342828142,0.0378127979121874,-0
-0.0107917555012809,0.0378060670090828,-0
-0.0107707836711534,0.0377993253369071,-0
-0.010749818795227,0.0377925729001351,-0
-0.0107288608762051,0.0377858097032181,-0
-0.0107079099168201,0.037779035750623,-0
-0.0106869659196885,0.0377722510467847,-0
-0.0106660288874244,0.0377654555961437,-0
-0.0106450988225891,0.0377586494031292,-0
-0.0106241757276858,0.0377518324721579,-0
-0.0106032596051692,0.0377450048076365,-0
-0.0105823504574704,0.0377381664139703,-0
-0.010561448286934,0.0377313172955427,-0
-0.0105405530958822,0.0377244574567357,-0
-0.0105196648865747,0.0377175869019172,-0
-0.0104987836612153,0.0377107056354433,-0
-0.0104779094219745,0.0377038136616651,-0
-0.0104570421709242,0.0376969109849077,-0
-0.0104361819101347,0.0376899976095023,-0
-0.0104153286415793,0.0376830735397543,-0
-0.0103944823672044,0.0376761387799668,-0
-0.0103736430888689,0.0376691933344203,-0
-0.0103528108083817,0.0376622372073854,-0
-0.010331985527524,0.03765527040313,-0
-0.0103111672479462,0.0376482929258852,-0
-0.0102903559712901,0.0376413047798858,-0
-0.0102695516991303,0.0376343059693511,-0
-0.0102487544329569,0.0376272964984786,-0
-0.0102279641741881,0.0376202763714488,-0
-0.0102071809241928,0.0376132455924324,-0
-0.0101864046842516,0.0376062041655774,-0
-0.0101656354556071,0.0375991520950259,-0
-0.0101448732393822,0.0375920893848866,-0
-0.0101241180366732,0.0375850160392665,-0
-0.0101033698484613,0.0375779320622405,-0
-0.0100826286756713,0.0375708374578717,-0
-0.0100618945191446,0.037563732230202,-0
-0.0100411673796587,0.0375566163832591,-0
-0.0100204472578695,0.0375494899210363,-0
-0.00999973415438636,0.0375423528475186,-0
-0.00997902806974154,0.037535205166672,-0
-0.00995832900432274,0.0375280468824206,-0
-0.00993763695849651,0.0375208779986888,-0
-0.00991695193248109,0.0375136985193576,-0
-0.00989627392647627,0.0375065084483096,-0
-0.00987560294048791,0.0374993077893678,-0
-0.00985493897452431,0.0374920965463645,-0
-0.00983428202840417,0.0374848747230738,-0
-0.00981363210193841,0.0374776423232756,-0
-0.00979298919476257,0.0374703993506964,-0
-0.00977235330643438,0.0374631458090441,-0
-0.00975172443641225,0.0374558817020002,-0
-0.00973110258402444,0.0374486070332089,-0
-0.00971048774850414,0.0374413218062896,-0
-0.00968987992897762,0.037434026024833,-0
-0.00966927912442464,0.0374267196923863,-0
-0.00964868533372876,0.0374194028124719,-0
-0.00962809855563133,0.0374120753885708,-0
-0.00960751878881084,0.0374047374241508,-0
-0.00958694603171236,0.0373973889226056,-0
-0.00956638028272771,0.0373900298873194,-0
-0.00954582154012936,0.0373826603216433,-0
-0.00952526980197321,0.03737528022886,-0
-0.00950472506625421,0.0373678896122406,-0
-0.00948418733077945,0.0373604884749979,-0
-0.00946365659321529,0.0373530768203044,-0
-0.00944313285111155,0.0373456546513004,-0
-0.0094226161018357,0.0373382219710703,-0
-0.00940210634257511,0.0373307787826439,-0
-0.0093816035704349,0.0373233250890315,-0
-0.0093611077822661,0.0373158608931613,-0
-0.0093406189748111,0.0373083861979332,-0
-0.00932013714462862,0.0373009010061905,-0
-0.00929966228808426,0.0372934053207172,-0
-0.00927919440138525,0.0372858991442502,-0
-0.00925873348053677,0.0372783824794639,-0
-0.00923827952137471,0.0372708553289816,-0
-0.00921783251953441,0.0372633176953648,-0
-0.00919739247043301,0.0372557695811059,-0
-0.00917695936931898,0.0372482109886473,-0
-0.00915653321120086,0.0372406419203544,-0
-0.00913611399090308,0.0372330623785369,-0
-0.00911570170300895,0.0372254723654272,-0
-0.00909529634190033,0.0372178718831956,-0
-0.00907489790169608,0.0372102609339272,-0
-0.0090545063763224,0.037202639519648,-0
-0.00903412175943356,0.0371950076422958,-0
-0.00901374404445342,0.0371873653037354,-0
-0.00899337322454371,0.0371797125057468,-0
-0.00897300929260137,0.0371720492500244,-0
-0.00895265224126563,0.0371643755381797,-0
-0.00893230206292267,0.0371566913717427,-0
-0.0089119587496344,0.0371489967521359,-0
-0.00889162229319877,0.0371412916806961,-0
-0.00887129268512798,0.0371335761586672,-0
-0.00885096991662981,0.0371258501871926,-0
-0.00883065397855267,0.0371181137672942,-0
-0.00881034486151263,0.0371103668999216,-0
-0.00879004255572471,0.0371026095858868,-0
-0.00876974705107858,0.0370948418258942,-0
-0.00874945833717452,0.0370870636205536,-0
-0.00872917640318807,0.0370792749703288,-0
-0.00870890123794438,0.0370714758755661,-0
-0.0086886328299574,0.0370636663365096,-0
-0.00866837116725607,0.037055846353234,-0
-0.00864811623753925,0.0370480159257047,-0
-0.00862786802811098,0.0370401750537528,-0
-0.00860762652578185,0.0370323237370369,-0
-0.00858739171703167,0.0370244619751065,-0
-0.00856716358779928,0.0370165897673199,-0
-0.00854694212366252,0.0370087071129151,-0
-0.00852672730967144,0.0370008140109442,-0
-0.00850651913039664,0.0369929104602927,-0
-0.00848631756996186,0.0369849964596921,-0
-0.00846612261192222,0.0369770720076727,-0
-0.00844593423935077,0.0369691371025972,-0
-0.00842575243477249,0.0369611917426352,-0
-0.00840557718015357,0.0369532359257587,-0
-0.00838540845688082,0.0369452696497345,-0
-0.00836524624578424,0.0369372929121332,-0
-0.00834509052703782,0.0369293057102896,-0
-0.00832494128026209,0.0369213080413441,-0
-0.00830479848436266,0.0369132999021782,-0
-0.00828466211764566,0.0369052812894608,-0
-0.00826453215767932,0.0368972521995931,-0
-0.00824440858138048,0.0368892126287434,-0
-0.00822429136492964,0.0368811625728132,-0
-0.00820418048371137,0.0368731020274132,-0
-0.00818407591244016,0.0368650309879146,-0
-0.00816397762492891,0.0368569494493556,-0
-0.00814388559424646,0.0368488574065053,-0
-0.00812379979260236,0.0368407548538173,-0
-0.00810372019130421,0.0368326417854128,-0
-0.00808364676080921,0.0368245181951014,-0
-0.00806357947061584,0.0368163840763378,-0
-0.00804351828926086,0.0368082394222203,-0
-0.00802346318433383,0.0368000842254974,-0
-0.00800341412236114,0.0367919184785204,-0
-0.00798337106880936,0.0367837421732452,-0
-0.0079633339881279,0.0367755553012501,-0
-0.00794330284354264,0.0367673578536514,-0
-0.00792327759721551,0.036759149821169,-0
-0.0079032582100286,0.0367509311940383,-0
-0.0078832446416671,0.0367427019620447,-0
-0.00786323685053207,0.0367344621144874,-0
-0.00784323479366566,0.0367262116401494,-0
-0.00782323842678087,0.03671795052731,-0
-0.0078032477041322,0.0367096787636916,-0
-0.00778326257855496,0.0367013963364764,-0
-0.00776328300130251,0.0366931032322388,-0
-0.00774330892210147,0.0366847994369695,-0
-0.00772334028904428,0.0366764849360306,-0
-0.00770337704851196,0.0366681597141241,-0
-0.00768341914517723,0.0366598237552934,-0
-0.00766346652185621,0.0366514770428619,-0
-0.00764351911953663,0.0366431195594453,-0
-0.0076235768772471,0.0366347512868973,-0
-0.00760363973199141,0.0366263722062825,-0
-0.00758370761867926,0.0366179822978476,-0
-0.00756378047010321,0.0366095815410126,-0
-0.0075438582167545,0.0366011699142934,-0
-0.00752394078682645,0.036592747395304,-0
-0.00750402810606397,0.0365843139606935,-0
-0.00748412009776999,0.0365758695861495,-0
-0.00746421668255274,0.0365674142462915,-0
-0.00744431777838192,0.0365589479146954,-0
-0.00742442330037235,0.0365504705638025,-0
-0.00740453316077499,0.0365419821649163,-0
-0.0073846472687379,0.0365334826881014,-0
-0.00736476553030927,0.0365249721021855,-0
-0.00734488784823588,0.0365164503746746,-0
-0.00732501412185077,0.0365079174717051,-0
-0.00730514424696112,0.0364993733579973,-0
-0.00728527811565009,0.0364908179967711,-0
-0.00726541561617884,0.036482251349705,-0
-0.00724555663284715,0.0364736733768774,-0
-0.00722570104568882,0.0364650840366359,-0
-0.00720584873050271,0.0364564832856127,-0
-0.00718599955852003,0.0364478710785815,-0
-0.00716615339627223,0.0364392473684019,-0
-0.00714631010535979,0.0364306121059209,-0
-0.00712646954227846,0.0364219652398985,-0
-0.00710663155820922,0.0364133067169186,-0
-0.00708679599869325,0.0364046364812487,-0
-0.00706696270351863,0.0363959544747928,-0
-0.00704713150636409,0.0363872606369376,-0
-0.0070273022345636,0.0363785549044516,-0
-0.00700747470885895,0.0363698372113795,-0
-0.00698764874300791,0.036361107488872,-0
-0.00696782414356672,0.0363523656650935,-0
-0.00694800070953852,0.03634361166507,-0
-0.00692817823195453,0.0363348454105074,-0
-0.00690835649360469,0.036326066819676,-0
-0.00688853526855991,0.0363172758072029,-0
-0.00686871432188816,0.0363084722839499,-0
-0.00684889340898517,0.0362996561567209,-0
-0.00682907227549261,0.0362908273282298,-0
-0.00680925065639629,0.0362819856967041,-0
-0.00678942827585152,0.0362731311558126,-0
-0.00676960484645296,0.0362642635943444,-0
-0.00674978006874504,0.0362553828959967,-0
-0.00672995363064272,0.0362464889391219,-0
-0.00671012520666149,0.0362375815963891,-0
-0.00669029445744783,0.0362286607345811,-0
-0.00667046102887792,0.0362197262141973,-0
-0.0066506245514001,0.0362107778891665,-0
-0.00663078463924639,0.036201815606501,-0
-0.00661094088947224,0.0361928392058729,-0
-0.00659109288120316,0.0361838485192852,-0
-0.00657124017453679,0.0361748433705861,-0
-0.00655138230961494,0.036165823575062,-0
-0.0065315188054844,0.0361567889389336,-0
-0.00651164915900954,0.0361477392588778,-0
-0.00649177284353827,0.0361386743214359,-0
-0.00647188930770474,0.0361295939024868,-0
-0.00645199797397031,0.0361204977665999,-0
-0.00643209823714619,0.0361113856663816,-0
-0.00641218946286099,0.0361022573417967,-0
-0.00639227098578991,0.0360931125193823,-0
-0.00637234210792938,0.0360839509114836,-0
-0.00635240209656085,0.0360747722153481,-0
-0.00633245018235919,0.0360655761122883,-0
-0.006312485556998,0.036056362266614,-0
-0.00629250737092928,0.0360471303246476,-0
-0.00627251473077172,0.0360378799135606,-0
-0.00625250669666136,0.0360286106401952,-0
-0.00623248227924725,0.0360193220897252,-0
-0.00621244043673536,0.0360100138243417,-0
-0.00619238007133019,0.0360006853816636,-0
-0.00617230002577553,0.0359913362731981,-0
-0.0061521990794858,0.0359819659826165,-0
-0.00613207594421023,0.0359725739638161,-0
-0.00611192925976567,0.0359631596390222,-0
-0.00609175758900089,0.035953722396537,-0
-0.00607155941266893,0.0359442615884541,-0
-0.00605133312373921,0.0359347765281196,-0
-0.00603107702133079,0.0359252664874261,-0
-0.00601078930406399,0.0359157306938453,-0
-0.00599046806294563,0.0359061683272553,-0
-0.00597011127365311,0.0358965785164996,-0
-0.00594971678809131,0.0358869603356215,-0
-0.00592928232529777,0.0358773127998112,-0
-0.00590880546157769,0.0358676348610113,-0
-0.00588828361972507,0.0358579254031168,-0
-0.00586771405727015,0.0358481832367434,-0
-0.00584709385378741,0.0358384070935853,-0
-0.00582641989695862,0.035828595620221,-0
-0.00580568886732204,0.0358187473713398,-0
-0.00578489722180685,0.0358088608024422,-0
-0.00576404117539865,0.0357989342617104,-0
-0.00574311668139176,0.0357889659812725,-0
-0.00572211940952038,0.0357789540675346,-0
-0.0057010447220113,0.0357688964906105,-0
-0.0056798876473844,0.0357587910727796,-0
-0.00565864285129281,0.0357486354756506,-0
-0.00563730460488474,0.0357384271862783,-0
-0.00561586674954228,0.0357281635017074,-0
-0.00559432265797131,0.035717841511956,-0
-0.00557266519141241,0.035707458081357,-0
-0.00555088665198771,0.0356970098278207,-0
-0.00552897873005488,0.0356864930999973,-0
-0.00550693244560084,0.035675903951924,-0
-0.00548473808324114,0.035665238115006,-0
-0.00546238511973552,0.0356544909668771,-0
-0.00543986214308155,0.035643657496772,-0
-0.00541715676241094,0.0356327322671347,-0
-0.00539425550685834,0.0356217093707035,-0
-0.00537114371254102,0.0356105823827978,-0
-0.00534780539555358,0.0355993443079723,-0
-0.00532422310924809,0.0355879875204108,-0
-0.00530037778351844,0.0355765036972145,-0
-0.00527624854357267,0.0355648837436779,-0
-0.00525181250500681,0.0355531177093881,-0
-0.00522704454199095,0.0355411946940671,-0
-0.00520191702423398,0.0355291027416248,-0
-0.00517639951822178,0.0355168287209353,-0
-0.00515045844691414,0.0355043581913788,-0
-0.00512405670191411,0.0354916752513046,-0
-0.00509715319989285,0.0354787623667468,-0
-0.0050697023748895,0.0354656001779631,-0
-0.00504165359566854,0.0354521672805866,-0
-0.00501295049602157,0.0354384399780637,-0
-0.00498353020301246,0.0354243920013057,-0
-0.00495332244656669,0.0354099941915251,-0
-0.00492224852932558,0.0353952141411286,-0
-0.00489022013300113,0.0353800157875892,-0
-0.00485713793296003,0.0353643589547867,-0
-0.00482288998633984,0.0353481988354614,-0
-0.0047873498547363,0.0353314854092693,-0
-0.00475037441356709,0.0353141627904022,-0
-0.00471180129245087,0.0352961684998973,-0
-0.00467144588180777,0.0352774326597362,-0
-0.00462909782851406,0.0352578771082051,-0
-0.00458451693294156,0.0352374144417449,-0
-0.00453742834537705,0.035215946995734,-0
-0.00448751694779857,0.0351933657891507,-0
-0.00443442079453723,0.035169549475751,-0
-0.00437772347785253,0.0351443633711585,-0
-0.00431694528301642,0.0351176586632347,-0
-0.00425153301149563,0.0350892719681526,-0
-0.00418084838630706,0.0350590254708578,-0
-0.00410415502839522,0.0350267279944114,-0
-0.00402060412703441,0.0349921774850487,-0
-0.00392921915172582,0.0349551655858015,-0
-0.00382888031265575,0.0349154852056879,-0
-0.00371831002609852,0.0348729422676255,-0
-0.00359606145002,0.0348273731124582,-0
-0.00346051329136669,0.0347786692875007,-0
-0.00330987559972849,0.0347268115364808,-0
-0.00314221312029359,0.0346719145223143,-0
-0.00295549479104733,0.0346142828320121,-0
-0.0027476796322508,0.0345544767024373,-0
-0.00251684962167807,0.0344933822220611,-0
-0.0022613976243972,0.0344322752990594,-0
-0.00198027106265181,0.0343728619430337,-0
-0.00167325803745817,0.034317271228792,-0
-0.00134128208376584,0.0342679753005098,-0
-0.000986648569975896,0.0342276177479329,-0
-0.000613169151907979,0.0341987512945977,-0
-0.000226093520512568,0.0341835164362776,-0
0.000168101383818089,0.034183322688,0
0.000563053149475196,0.0341986184126134,0
0.000950922415637304,0.0342287943831367,0
0.00132520694417436,0.0342722598813963,0
0.00168059985779329,0.0343267102638943,0
0.0020132799831689,0.0343894614124299,0
0.00232096146607208,0.0344577794497849,0
0.00260274979735541,0.0345291424332446,0
0.00285888090277572,0.034601405399648,0
0.00309041889304292,0.0346728714616045,0
0.00329896851830308,0.0347422903440582,0
0.00348643390800135,0.0348088113533995,0
0.00365483467175999,0.03487191467701,0
0.0038061771117097,0.0349313381516595,0
0.00394237165078801,0.0349870097219735,0
0.00406518561707794,0.0350389903925231,0
0.00417622119893689,0.0350874289161387,0
0.0042769101929404,0.0351325274696158,0
0.0043685192065169,0.0351745166730218,0
0.00445216080701081,0.0352136380779747,0
0.0045288075719412,0.0352501323679254,0
0.00459930708382902,0.0352842317792487,0
0.00466439668047392,0.0353161555516225,0
0.00472471729216604,0.0353461074948065,0
0.00478082603586233,0.0353742749932953,0
0.00483320744843217,0.0354008289567245,0
0.00488228336800887,0.0354259243667135,0
0.00492842154242808,0.0354497011766931,0
0.00497194307903243,0.0354722853988369,0
0.00501312886214476,0.0354937902671538,0
0.00505222506530883,0.0355143174052995,0
0.00508944787725688,0.0355339579543249,0
0.00512498755032476,0.035552793634417,0
0.00515901186765572,0.0355708977270043,0
0.00519166911378039,0.0355883359719923,0
0.00522309062146951,0.0356051673799864,0
0.00525339295775082,0.0356214449627646,0
0.00528267980257383,0.0356372163869849,0
0.0053110435657782,0.0356525245571415,0
0.00533856678117067,0.0356674081341476,0
0.00536532331043735,0.0356819019957909,0
0.0053913793848573,0.0356960376451786,0
0.00541679450815707,0.0357098435726941,0
0.00544162224079189,0.0357233455768161,0
0.00546591088231403,0.0357365670483583,0
0.00548970406634069,0.0357495292224292,0
0.00551304128033074,0.0357622514018881,0
0.00553595832046243,0.035774751155597,0
0.00555848769059057,0.0357870444945054,0
0.00558065895279179,0.0357991460281643,0
0.00560249903586228,0.0358110691039283,0
0.00562403250749909,0.0358228259309867,0
0.00564528181463605,0.0358344276908621,0
0.00566626749630928,0.0358458846361098,0
0.00568700837226454,0.0358572061784349,0
0.00570752171057495,0.0358684009675712,0
0.00572782337671728,0.0358794769618969,0
0.00574792796644641,0.035890441491764,0
0.00576784892434906,0.0359013013163227,0
0.00578759864995494,0.0359120626746589,0
0.00580718859259594,0.0359227313317252,0
0.00582662933658431,0.0359333126197811,0
0.00584593067771689,0.0359438114757713,0
0.0058651016919768,0.0359542324750202,0
0.00588415079755868,0.0359645798617716,0
0.00590308581071513,0.035974857576776,0
0.0059219139962167,0.0359850692822983,0
0.00594064211301197,0.0359952183848148,0
0.00595927645556466,0.0360053080556185,0
0.00597782289134371,0.0360153412495544,0
0.00599628689480455,0.0360253207220409,0
0.00601467357837528,0.0360352490446289,0
0.00603298772057424,0.0360451286191464,0
0.00605123379167302,0.0360549616906353,0
0.00606941597705141,0.0360647503591434,0
0.00608753819862514,0.0360744965905644,0
0.00610560413431069,0.0360842022264963,0
0.00612361723593176,0.0360938689933256,0
0.00614158074558799,0.0361034985105414,0
0.00615949771064619,0.0361130922983583,0
0.00617737099756964,0.0361226517847574,0
0.00619520330450643,0.0361321783118995,0
0.006212997173025,0.0361416731421125,0
0.00623075499877071,0.0361511374633292,0
0.00624847904136472,0.0361605723941447,0
0.00626617143353588,0.0361699789884844,0
0.00628383418948185,0.0361793582398788,0
0.00630146921271793,0.036188711085482,0
0.00631907830317933,0.0361980384097052,0
0.00633666316391352,0.0362073410476453,0
0.00635422540725741,0.0362166197882494,0
0.00637176656048707,0.0362258753772088,0
0.00638928807118612,0.0362351085197119,0
0.00640679131209763,0.0362443198829296,0
0.00642427758572916,0.0362535100983773,0
0.00644174812857972,0.0362626797640812,0
0.00645920411511744,0.036271829446618,0
0.00647664666143593,0.0362809596829891,0
0.00649407682867352,0.0362900709823734,0
0.00651149562623945,0.036299163827781,0
0.00652890401476876,0.0363082386775672,0
0.00654630290892436,0.0363172959668684,0
0.00656369317999364,0.0363263361089323,0
0.00658107565829092,0.0363353594963478,0
0.00659845113549946,0.0363443665022446,0
0.0066158203667146,0.0363533574813382,0
0.0066331840725032,0.0363623327709841,0
0.00665054294074844,0.0363712926921205,0
0.00666789762839094,0.0363802375501592,0
0.00668524876308711,0.0363891676358322,0
0.00670259694475165,0.0363980832259798,0
0.00671994274698449,0.0364069845842787,0
0.00673728671847769,0.0364158719619603,0
0.00675462938423893,0.0364247455984339,0
0.00677197124683239,0.0364336057219195,0
0.00678931278751273,0.0364424525500252,0
0.00680665446727089,0.0364512862902795,0
0.00682399672785024,0.0364601071406482,0
0.00684133999271592,0.0364689152900268,0
0.00685868466790154,0.0364777109186712,0
0.0068760311428978,0.0364864941986484,0
0.00689337979143017,0.0364952652942311,0
0.00691073097219524,0.0365040243622709,0
0.00692808502960646,0.0365127715525759,0
0.00694544229443753,0.0365215070082366,0
0.00696280308447021,0.0365302308659533,0
0.00698016770508408,0.0365389432563343,0
0.00699753644984501,0.0365476443041929,0
0.00701490960102174,0.0365563341288079,0
0.00703228743009975,0.0365650128441829,0
0.00704967019828731,0.0365736805593008,0
0.00706705815696262,0.0365823373783492,0
0.00708445154805908,0.0365909834009139,0
0.00710185060457994,0.0365996187222373,0
0.00711925555089111,0.0366082434333654,0
0.00713666660314887,0.0366168576213626,0
0.00715408396963532,0.036625461369479,0
0.00717150785110338,0.0366340547573238,0
0.0071889384410724,0.0366426378610126,0
0.00720637592616141,0.0366512107533342,0
0.00722382048636326,0.036659773503887,0
0.00724127229530322,0.0366683261792083,0
0.00725873152055341,0.0366768688429304,0
0.00727619832379495,0.0366854015558622,0
0.00729367286116157,0.0366939243761587,0
0.00731115528335822,0.0367024373593809,0
0.00732864573596249,0.0367109405586448,0
0.00734614435957986,0.0367194340246985,0
0.00736365129005893,0.0367279178060287,0
0.00738116665867899,0.0367363919489534,0
0.00739869059230552,0.0367448564976987,0
0.00741622321360449,0.0367533114945046,0
0.00743376464116919,0.0367617569796872,0
0.00745131498967016,0.0367701929917131,0
0.00746887437003691,0.0367786195672882,0
0.00748644288958557,0.0367870367414205,0
0.00750402065213242,0.0367954445474761,0
0.00752160775815763,0.0368038430172592,0
0.00753920430490993,0.0368122321810633,0
0.0075568103865205,0.0368206120677272,0
0.00757442609414638,0.0368289827047044,0
0.00759205151603606,0.036837344118096,0
0.00760968673766072,0.0368456963327139,0
0.00762733184182729,0.0368540393721361,0
0.00764498690874065,0.036862373258737,0
0.00766265201610984,0.036870698013739,0
0.00768032723924653,0.0368790136572599,0
0.00769801265112981,0.0368873202083449,0
0.00771570832250967,0.0368956176850162,0
0.0077334143219593,0.0369039061042982,0
0.00775113071597449,0.036912185482266,0
0.00776885756902088,0.0369204558340677,0
0.00778659494363353,0.0369287171739724,0
0.0078043429004367,0.0369369695153802,0
0.00782210149826361,0.0369452128708789,0
0.00783987079416128,0.0369534472522472,0
0.00785765084350375,0.036961672670508,0
0.0078754416999915,0.0369698891359293,0
0.0078932434157599,0.0369780966580748,0
0.00791105604138928,0.0369862952458097,0
0.00792887962597994,0.0369944849073357,0
0.00794671421718292,0.0370026656502064,0
0.00796455986125735,0.0370108374813541,0
0.00798241660313103,0.037019000407118,0
0.00800028448638553,0.037027154433239,0
0.00801816355337491,0.0370352995649138,0
0.00803605384520809,0.0370434358067877,0
0.00805395540180952,0.0370515631629832,0
0.00807186826195076,0.0370596816371148,0
0.0080897924632943,0.0370677912323094,0
0.00810772804240106,0.0370758919512106,0
0.00812567503482604,0.0370839837960222,0
0.00814363347506237,0.0370920667684837,0
0.00816160339663224,0.0371001408699119,0
0.00817958483212267,0.0371082061012174,0
0.00819757781316426,0.0371162624628956,0
0.00821558237049964,0.0371243099550582,0
0.00823359853399788,0.0371323485774395,0
0.00825162633268557,0.0371403783294116,0
0.0082696657947555,0.037148399209988,0
0.00828771694760468,0.0371564112178415,0
0.00830577981785919,0.0371644143513154,0
0.00832385443138408,0.0371724086084285,0
0.00834194081331708,0.0371803939868905,0
0.00836003898808931,0.0371883704841112,0
0.00837814897942913,0.0371963380972032,0
0.00839627081039384,0.0372042968229958,0
0.00841440450340731,0.037212246658052,0
0.00843255008022654,0.0372201875986544,0
0.00845070756202791,0.0372281196408431,0
0.00846887696934991,0.0372360427803914,0
0.00848705832217662,0.037243957012842,0
0.00850525163991837,0.0372518623334995,0
0.00852345694141688,0.0372597587374327,0
0.00854167424499263,0.0372676462194952,0
0.00855990356843941,0.0372755247743242,0
0.00857814492904279,0.0372833943963477,0
0.00859639834359196,0.0372912550797909,0
0.00861466382838526,0.0372991068186783,0
0.00863294139926198,0.0373069496068477,0
0.00865123107161083,0.0373147834379544,0
0.00866953286034024,0.0373226083054586,0
0.00868784677998303,0.0373304242026702,0
0.00870617284458381,0.0373382311227015,0
0.00872451106782924,0.0373460290585225,0
0.00874286146296228,0.0373538180029248,0
0.00876122404287465,0.0373615979485613,0
0.0087795988200368,0.0373693688879166,0
0.00879798580658294,0.037377130813343,0
0.00881638501425761,0.0373848837170386,0
0.00883479645446662,0.0373926275910687,0
0.00885322013826862,0.0374003624273624,0
0.0088716560763753,0.0374080882177132,0
0.00889010427919684,0.0374158049537981,0
0.00890856475677929,0.0374235126271514,0
0.00892703751890702,0.0374312112292079,0
0.00894552257501714,0.0374389007512676,0
0.00896401993428108,0.0374465811845294,0
0.00898252960555275,0.0374542525200699,0
0.00900105159742447,0.0374619147488671,0
0.00901958591820096,0.0374695678617893,0
0.00903813257591281,0.0374772118496011,0
0.0090566915783357,0.0374848467029716,0
0.00907526293298461,0.0374924724124718,0
0.0090938466471151,0.0375000889685758,0
0.00911244272775339,0.0375076963616729,0
0.00913105118165831,0.0375152945820521,0
0.00914967201538864,0.0375228836199303,0
0.00916830523523783,0.0375304634654251,0
0.00918695084730033,0.0375380341085826,0
0.00920560885744108,0.0375455955393646,0
0.0092242792713086,0.0375531477476547,0
0.00924296209434727,0.0375606907232624,0
0.00926165733178348,0.0375682244559188,0
0.00928036498866637,0.0375757489352922,0
0.00929908506982327,0.0375832641509708,0
0.0093178175799072,0.0375907700924818,0
0.00933656252337158,0.0375982667492814,0
0.00935531990449554,0.0376057541107647,0
0.00937408972736885,0.0376132321662606,0
0.00939287199591502,0.03762070090504,0
0.00941166671386948,0.0376281603163084,0
0.00943047388482604,0.0376356103892235,0
0.00944929351217042,0.0376430511128694,0
0.00946812559918102,0.0376504824762967,0
0.00948697014892485,0.0376579044684812,0
0.0095058271643539,0.0376653170783621,0
0.00952469664824013,0.0376727202948165,0
0.00954357860322784,0.0376801141066801,0
0.0095624730317945,0.0376874985027318,0
0.00958137993629173,0.0376948734717103,0
0.00960029931892464,0.0377022390023052,0
0.00961923118175993,0.0377095950831614,0
0.00963817552672775,0.0377169417028787,0
0.00965713235563435,0.037724278850018,0
0.0096761016701513,0.037731606513096,0
0.00969508347181084,0.0377389246805846,0
0.00971407776204909,0.0377462333409269,0
0.00973308454214896,0.0377535324825155,0
0.00975210381330819,0.0377608220937188,0
0.00977113557656386,0.0377681021628521,0
0.00979017983287616,0.0377753726782096,0
0.00980923658307624,0.0377826336280448,0
0.00982830582787955,0.0377898850005754,0
0.00984738756790291,0.0377971267839901,0
0.00986648180365094,0.0378043589664431,0
0.00988558853551951,0.0378115815360562,0
0.00990470776381668,0.037818794480926,0
0.0099238394887323,0.0378259977891129,0
0.00994298371035714,0.0378331914486483,0
0.0099621404287011,0.0378403754475417,0
0.00998130964366743,0.0378475497737707,0
0.0100004913550571,0.0378547144152829,0
0.0100196855625982,0.037861869360007,0
0.010038892265905,0.0378690145958374,0
0.0100581114645266,0.0378761501106527,0
0.010077343157908,0.037883275892301,0
0.0100965873454107,0.0378903919286075,0
0.0101158440263145,0.0378974982073756,0
0.010135113199814,0.0379045947163854,0
0.0101543948650336,0.0379116814433993,0
0.0101736890209839,0.037918758376146,0
0.010192995666645,0.0379258255023512,0
0.0102123148008714,0.0379328828097028,0
0.0102316464224789,0.0379399302858829,0
0.0102509905301864,0.0379469679185459,0
0.010270347122637,0.0379539956953272,0
0.0102897161984234,0.0379610136038519,0
0.0103090977560411,0.0379680216317178,0
0.0103284917939273,0.0379750197665099,0
0.0103478983104459,0.0379820079957948,0
0.0103673173039052,0.0379889863071271,0
0.0103867487725302,0.0379959546880396,0
0.0104061927144785,0.038002913126049,0
0.0104256491278543,0.0380098616086607,0
0.0104451180107027,0.0380168001233674,0
0.0104645993609819,0.0380237286576386,0
0.0104840931766102,0.0380306471989377,0
0.0105035994554271,0.0380375557347082,0
0.0105231181952343,0.0380444542523882,0
0.0105426493937505,0.0380513427393944,0
0.0105621930486487,0.0380582211831354,0
0.0105817491575451,0.0380650895710079,0
0.0106013177179915,0.0380719478903939,0
0.0106208987274854,0.0380787961286642,0
0.0106404921834817,0.0380856342731829,0
0.0106600980833554,0.038092462311294,0
0.0106797164244595,0.0380992802303419,0
0.010699347204064,0.03810608801765,0
0.010718990419402,0.0381128856605369,0
0.010738646067666,0.0381196731463151,0
0.0107583141459668,0.0381264504622767,0
0.0107779946514006,0.038133217595717,0
0.010797687580987,0.0381399745339124,0
0.0108173929317035,0.0381467212641332,0
0.0108371107004956,0.0381534577736463,0
0.0108568408842387,0.0381601840497028,0
0.0108765834797777,0.0381669000795512,0
0.0108963384839064,0.0381736058504305,0
0.0109161058933602,0.0381803013495678,0
0.0109358857048556,0.0381869865641915,0
0.0109556779150434,0.0381936614815159,0
0.0109754825205385,0.0382003260887509,0
0.0109952995179148,0.0382069803731006,0
0.0110151289036953,0.0382136243217596,0
0.0110349706743652,0.038220257921918,0
0.0110548248263769,0.0382268811607626,0
0.0110746913561214,0.0382334940254676,0
0.0110945702599737,0.0382400965032096,0
0.0111144615342464,0.0382466885811525,0
0.0111343651752329,0.0382532702464615,0
0.0111542811791583,0.0382598414862872,0
0.0111742095422409,0.0382664022877855,0
0.0111941502606533,0.0382729526381054,0
0.0112141033305033,0.0382794925243821,0
0.011234068747897,0.0382860219337584,0
0.0112540465088896,0.0382925408533678,0
0.011274036609492,0.0382990492703375,0
0.0112940390456796,0.0383055471717909,0
0.011314053813415,0.0383120345448549,0
0.011334080908596,0.0383185113766431,0
0.0113541203270987,0.0383249776542702,0
0.0113741720647697,0.0383314333648487,0
0.0113942361174089,0.0383378784954843,0
0.0114143124807971,0.038344313033284,0
0.0114344011506641,0.0383507369653463,0
0.0114545021227206,0.0383571502787715,0
0.0114746153926375,0.0383635529606547,0
0.0114947409560592,0.0383699449980904,0
0.0115148788085999,0.0383763263781715,0
0.0115350289458163,0.0383826970879801,0
0.0115551913632762,0.0383890571146097,0
0.0115753660564862,0.0383954064451422,0
0.0115955530209219,0.0384017450666576,0
0.0116157522520515,0.0384080729662411,0
0.0116359637452806,0.0384143901309661,0
0.0116561874960183,0.0384206965479149,0
0.0116764234996169,0.0384269922041597,0
0.0116966717514146,0.0384332770867762,0
0.0117169322467188,0.038439551182838,0
0.0117372049807956,0.0384458144794138,0
0.0117574899489054,0.0384520669635783,0
0.0117777871462611,0.0384583086223991,0
0.0117980965680498,0.0384645394429436,0
0.0118184182094441,0.0384707594122826,0
0.0118387520655703,0.0384769685174804,0
0.0118590981315451,0.0384831667456059,0
0.011879456402448,0.0384893540837244,0
0.0118998268733301,0.0384955305189005,0
0.0119202095392205,0.0385016960381994,0
0.01194060439513,0.038507850628689,0
0.0119610114360225,0.0385139942774301,0
0.0119814306568525,0.0385201269714889,0
0.0120018620525435,0.0385262486979297,0
0.0120223056180019,0.0385323594438193,0
0.0120427613480936,0.0385384591962202,0
0.012063229237664,0.0385445479421965,0
0.01208370928154,0.0385506256688144,0
0.0121042014745287,0.0385566923631417,0
0.0121247058113941,0.0385627480122415,0
0.0121452222868964,0.0385687926031831,0
0.0121657508957458,0.0385748261230289,0
0.0121862916326616,0.0385808485588515,0
0.0122068444923127,0.0385868598977166,0
0.0122274094693615,0.0385928601266955,0
0.0122479865584355,0.0385988492328569,0
0.0122685757541405,0.0386048272032711,0
0.0122891770510657,0.0386107940250108,0
0.0123097904437751,0.0386167496851496,0
0.012330415926808,0.038622694170761,0
0.01235105349468,0.0386286274689199,0
0.012371703141891,0.0386345495667038,0
0.0123923648629042,0.0386404604511878,0
0.0124130386521865,0.0386463601094552,0
0.0124337245041538,0.0386522485285829,0
0.0124544224132181,0.0386581256956539,0
0.0124751323737665,0.038663991597752,0
0.0124958543801599,0.0386698462219611,0
0.0125165884267425,0.038675689555368,0
0.0125373345078388,0.0386815215850617,0
0.0125580926177547,0.0386873422981335,0
0.0125788627507556,0.0386931516816709,0
0.0125996449011136,0.0386989497227711,0
0.0126204390630604,0.0387047364085274,0
0.0126412452308163,0.0387105117260378,0
0.0126620633985839,0.0387162756624027,0
0.0126828935605345,0.0387220282047218,0
0.0127037357108232,0.0387277693400977,0
0.0127245898435975,0.0387334990556385,0
0.0127454559529664,0.0387392173384496,0
0.0127663340330277,0.0387449241756406,0
0.0127872240778687,0.0387506195543261,0
0.0128081260815393,0.0387563034616178,0
0.0128290400380753,0.0387619758846317,0
0.0128499659415102,0.0387676368104902,0
0.012870903785828,0.0387732862263103,0
0.0128918535650266,0.0387789241192202,0
0.0129128152730569,0.038784550476343,0
0.0129337889038671,0.0387901652848088,0
0.0129547744513798,0.0387957685317485,0
0.0129757719095016,0.0388013602042961,0
0.0129967812721251,0.0388069402895895,0
0.0130178025331159,0.0388125087747673,0
0.0130388356863174,0.0388180656469696,0
0.0130598807255744,0.0388236108933443,0
0.0130809376446947,0.0388291445010375,0
0.0131020064374723,0.038834666457199,0
0.0131230870976905,0.0388401767489836,0
0.0131441796191045,0.038845675363546,0
0.0131652839954645,0.0388511622880476,0
0.0131864002204805,0.0388566375096467,0
0.0132075282878709,0.0388621010155113,0
0.0132286681913275,0.0388675527928103,0
0.0132498199245062,0.0388729928287107,0
0.0132709834810826,0.0388784211103924,0
0.0132921588546703,0.0388838376250269,0
0.0133133460389097,0.0388892423597999,0
0.0133345450273916,0.0388946353018923,0
0.0133557558137036,0.0389000164384918,0
0.013376978391416,0.038905385756789,0
0.0133982127540694,0.0389107432439748,0
0.013419458895219,0.0389160888872513,0
0.0134407168083672,0.0389214226738148,0
0.0134619864870117,0.0389267445908681,0
0.0134832679246488,0.0389320546256213,0
0.0135045611147354,0.0389373527652821,0
0.0135258660507319,0.0389426389970666,0
0.013547182726064,0.03894791330819,0
0.0135685111341513,0.0389531756858735,0
0.0135898512684034,0.0389584261173434,0
0.0136112031221938,0.0389636645898246,0
0.0136325666889076,0.0389688910905527,0
0.013653941961876,0.0389741056067573,0
0.0136753289344515,0.038979308125681,0
0.0136967275999523,0.0389844986345657,0
0.013718137951682,0.038989677120657,0
0.0137395599829334,0.0389948435712058,0
0.0137609936869708,0.0389999979734634,0
0.013782439057059,0.039005140314689,0
0.013803896086436,0.0390102705821429,0
0.0138253647683305,0.0390153887630906,0
0.013846845095952,0.0390204948448008,0
0.0138683370624932,0.0390255888145455,0
0.0138898406611358,0.0390306706596019,0
0.0139113558850441,0.0390357403672505,0
0.0139328827273616,0.0390407979247746,0
0.0139544211812274,0.0390458433194639,0
0.0139759712397541,0.0390508765386094,0
0.0139975328960481,0.0390558975695084,0
0.0140191061431932,0.0390609063994603,0
0.014040690974261,0.0390659030157693,0
0.014062287382314,0.0390708874057452,0
0.0140838953603899,0.0390758595566994,0
0.0141055149015162,0.0390808194559487,0
0.0141271459987041,0.0390857670908134,0
0.0141487886449515,0.0390907024486188,0
0.0141704428332393,0.0390956255166935,0
0.014192108556536,0.0391005362823709,0
0.0142137858077945,0.0391054347329885,0
0.0142354745799472,0.0391103208558867,0
0.0142571748659319,0.0391151946384147,0
0.0142788866586324,0.0391200560679171,0
0.0143006099509712,0.0391249051317546,0
0.0143223447358037,0.0391297418172806,0
0.0143440910060085,0.0391345661118612,0
0.0143658487544288,0.0391393780028622,0
0.0143876179739013,0.0391441774776555,0
0.0144093986572447,0.0391489645236166,0
0.0144311907972828,0.0391537391281297,0
0.0144529943867841,0.0391585012785743,0
0.0144748094185433,0.0391632509623433,0
0.0144966358853169,0.0391679881668288,0
0.0145184737798594,0.03917271287943,0
0.0145403230948985,0.0391774250875479,0
0.0145621838231658,0.0391821247785918,0
0.0145840559573601,0.0391868119399717,0
0.0146059394901878,0.0391914865591064,0
0.0146278344143084,0.0391961486234127,0
0.0146497407223991,0.0392007981203183,0
0.0146716584071204,0.0392054350372552,0
0.0146935874610867,0.039210059361653,0
0.0147155278769389,0.0392146710809546,0
0.0147374796472821,0.0392192701826028,0
0.0147594427647121,0.0392238566540461,0
0.0147814172218081,0.0392284304827369,0
0.0148034030111404,0.0392329916561335,0
0.0148254001252676,0.0392375401616992,0
0.0148474085567223,0.0392420759868996,0
0.014869428298034,0.039246599119207,0
0.0148914593417196,0.039251109546099,0
0.0149135016802778,0.0392556072550565,0
0.0149355553061965,0.0392600922335662,0
0.0149576202119451,0.0392645644691185,0
0.0149796963899724,0.039269023949207,0
0.0150017838327508,0.0392734706613378,0
0.0150238825326866,0.0392779045930111,0
0.0150459924822114,0.0392823257317398,0
0.015068113673724,0.0392867340650377,0
0.0150902460996265,0.0392911295804271,0
0.0151123897522875,0.0392955122654307,0
0.0151345446240708,0.0392998821075783,0
0.015156710707342,0.0393042390944072,0
0.015178887994427,0.0393085832134548,0
0.0152010764776485,0.0393129144522651,0
0.0152232761493339,0.0393172327983907,0
0.015245487001769,0.0393215382393838,0
0.0152677090272437,0.0393258307628046,0
0.0152899422180316,0.0393301103562181,0
0.0153121865663892,0.0393343770071933,0
0.0153344420645668,0.0393386307033056,0
0.0153567087047899,0.0393428714321332,0
0.0153789864792985,0.0393470991812647,0
0.0154012753802717,0.0393513139382846,0
0.0154235753999251,0.0393555156907919,0
0.015445886530427,0.0393597044263843,0
0.0154682087639589,0.0393638801326693,0
0.0154905420926614,0.0393680427972545,0
0.0155128865086874,0.0393721924077573,0
0.0155352420041651,0.0393763289517981,0
0.0155576085712061,0.0393804524170016,0
0.0155799862019178,0.0393845627909996,0
0.0156023748883895,0.0393886600614278,0
0.0156247746226994,0.0393927442159276,0
0.0156471853969186,0.0393968152421466,0
0.0156696072030891,0.0394008731277346,0
0.0156920400332657,0.0394049178603515,0
0.0157144838794545,0.0394089494276557,0
0.0157369387336926,0.0394129678173188,0
0.0157594045879642,0.0394169730170107,0
0.0157818814342667,0.0394209650144108,0
0.0158043692645796,0.0394249437972032,0
0.0158268680708551,0.0394289093530747,0
0.0158493778450574,0.0394328616697215,0
0.0158718985791186,0.0394368007348421,0
0.0158944302649646,0.0394407265361412,0
0.0159169728945069,0.0394446390613286,0
0.0159395264596571,0.0394485382981217,0
0.0159620909522906,0.0394524242342392,0
0.0159846663642941,0.0394562968574093,0
0.0160072526875204,0.039460156155362,0
0.0160298499138318,0.0394640021158362,0
0.0160524580350573,0.0394678347265731,0
0.0160750770430326,0.0394716539753223,0
0.0160977069295646,0.0394754598498362,0
0.0161203476864498,0.039479252337873,0
0.0161429993054926,0.0394830314271998,0
0.0161656617784642,0.0394867971055856,0
0.0161883350971186,0.0394905493608043,0
0.0162110192532218,0.0394942881806392,0
0.0162337142385026,0.0394980135528751,0
0.0162564200446947,0.039501725465305,0
0.0162791366635189,0.0395054239057276,0
0.0163018640866641,0.0395091088619438,0
0.0163246023058322,0.0395127803217643,0
0.0163473513126969,0.0395164382730025,0
0.0163701110989274,0.0395200827034791,0
0.0163928816561754,0.0395237136010193,0
0.016415662976094,0.0395273309534559,0
0.016438455050283,0.0395309347486212,0
0.0164612578704014,0.0395345249743642,0
0.0164840714280265,0.0395381016185285,0
0.0165068957147561,0.0395416646689688,0
0.0165297307221847,0.0395452141135465,0
0.0165525764418584,0.0395487499401233,0
0.0165754328653605,0.039552272136574,0
0.0165982999842213,0.0395557806907731,0
0.0166211777899762,0.0395592755906031,0
0.0166440662741465,0.0395627568239522,0
0.0166669654282494,0.0395662243787154,0
0.0166898752437647,0.0395696782427895,0
0.0167127957121905,0.039573118404082,0
0.0167357268250048,0.0395765448505045,0
0.0167586685736591,0.0395799575699726,0
0.0167816209496042,0.039583356550409,0
0.0168045839442834,0.0395867417797432,0
0.0168275575491131,0.039590113245908,0
0.0168505417555163,0.0395934709368451,0
0.0168735365548937,0.0395968148405001,0
0.0168965419386233,0.0396001449448233,0
0.0169195578981066,0.0396034612377755,0
0.0169425844246857,0.039606763707317,0
0.0169656215097274,0.0396100523414189,0
0.0169886691445744,0.0396133271280565,0
0.0170117273205575,0.039616588055211,0
0.0170347960289885,0.0396198351108686,0
0.0170578752611907,0.0396230682830244,0
0.0170809650084374,0.0396262875596745,0
0.0171040652620332,0.0396294929288266,0
0.0171271760132405,0.0396326843784902,0
0.0171502972533201,0.0396358618966822,0
0.0171734289735215,0.0396390254714255,0
0.0171965711650798,0.0396421750907488,0
0.0172197238192256,0.0396453107426874,0
0.0172428869271667,0.0396484324152814,0
0.0172660604801089,0.039651540096578,0
0.0172892444692442,0.0396546337746304,0
0.0173124388857487,0.039657713437497,0
0.01733564372078,0.0396607790732414,0
0.0173588589655124,0.0396638306699372,0
0.0173820846110794,0.0396668682156598,0
0.0174053206486086,0.0396698916984918,0
0.0174285670692302,0.0396729011065236,0
0.0174518238640504,0.0396758964278501,0
0.0174750910241657,0.0396788776505724,0
0.0174983685406558,0.0396818447627972,0
0.0175216564046068,0.0396847977526395,0
0.017544954607083,0.0396877366082192,0
0.017568263139115,0.0396906613176596,0
0.0175915819917675,0.0396935718690957,0
0.0176149111560542,0.0396964682506639,0
0.0176382506229967,0.0396993504505091,0
0.0176616003836003,0.0397022184567816,0
0.0176849604288618,0.0397050722576386,0
0.017708330749761,0.0397079118412426,0
0.0177317113372685,0.0397107371957626,0
0.0177551021823391,0.0397135483093733,0
0.0177785032759313,0.0397163451702575,0
0.017801914608976,0.0397191277666023,0
0.0178253361724045,0.0397218960866023,0
0.0178487679571214,0.0397246501184568,0
0.0178722099540365,0.039727389850373,0
0.0178956621540395,0.0397301152705635,0
0.0179191245480107,0.0397328263672476,0
0.0179425971268164,0.0397355231286503,0
0.0179660798813218,0.0397382055430043,0
0.0179895728023604,0.039740873598546,0
0.0180130758807734,0.0397435272835206,0
0.018036589107394,0.0397461665861798,0
0.0180601124730122,0.0397487914947781,0
0.0180836459684497,0.0397514019975812,0
0.0181071895844877,0.0397539980828579,0
0.0181307433119022,0.039756579738884,0
0.018154307141463,0.0397591469539423,0
0.0181778810639265,0.0397616997163217,0
0.0182014650700349,0.0397642380143171,0
0.0182250591505256,0.0397667618362306,0
0.0182486632961212,0.0397692711703704,0
0.0182722774975184,0.0397717660050494,0
0.0182959017454422,0.0397742463285912,0
0.0183195360305616,0.0397767121293211,0
0.018343180343554,0.039779163395573,0
0.0183668346751002,0.0397816001156885,0
0.0183904990158391,0.0397840222780129,0
0.0184141733564261,0.0397864298709004,0
0.0184378576874872,0.0397888228827103,0
0.0184615519996471,0.0397912013018088,0
0.0184852562835152,0.0397935651165688,0
0.0185089705296898,0.0397959143153692,0
0.0185326947287627,0.0397982488865962,0
0.0185564288713101,0.0398005688186421,0
0.018580172947892,0.039802874099905,0
0.018603926949071,0.0398051647187911,0
0.0186276908653905,0.0398074406637123,0
0.0186514646873763,0.0398097019230865,0
0.0186752484055572,0.0398119484853394,0
0.0186990420104409,0.0398141803389024,0
0.0187228454925305,0.0398163974722141,0
0.0187466588423067,0.0398185998737187,0
0.0187704820502576,0.0398207875318687,0
0.0187943151068429,0.0398229604351215,0
0.0188181580025231,0.0398251185719424,0
0.0188420107277316,0.0398272619308018,0
0.018865873272919,0.0398293905001793,0
0.0188897456284974,0.0398315042685586,0
0.0189136277848743,0.0398336032244308,0
0.0189375197324662,0.0398356873562954,0
0.0189614214616516,0.039837756652656,0
0.0189853329628038,0.0398398111020238,0
0.0190092542263008,0.0398418506929177,0
0.019033185242499,0.0398438754138626,0
0.0190571260017442,0.0398458852533901,0
0.0190810764943691,0.0398478802000382,0
0.0191050367106968,0.039849860242352,0
0.0191290066410413,0.0398518253688833,0
0.0191529862757108,0.0398537755681912,0
0.0191769756049861,0.0398557108288403,0
0.0192009746191609,0.0398576311394036,0
0.019224983308492,0.039859536488459,0
0.0192490016632576,0.0398614268645938,0
0.0192730296736758,0.0398633022563981,0
0.0192970673300104,0.0398651626524734,0
0.0193211146224854,0.0398670080414255,0
0.019345171541298,0.039868838411866,0
0.0193692380766701,0.0398706537524161,0
0.0193933142187959,0.0398724540517024,0
0.0194173999578474,0.0398742392983576,0
0.0194414952840072,0.0398760094810228,0
0.019465600187432,0.0398777645883449,0
0.0194897146582689,0.0398795046089778,0
0.0195138386866762,0.0398812295315838,0
0.0195379722627548,0.0398829393448289,0
0.0195621153766483,0.0398846340373895,0
0.0195862680184529,0.0398863135979467,0
0.0196104301782707,0.0398879780151895,0
0.0196346018461809,0.0398896272778129,0
0.0196587830122695,0.0398912613745203,0
0.0196829736665894,0.0398928802940204,0
0.0197071737992135,0.0398944840250307,0
0.0197313834001563,0.039896072556273,0
0.0197556024594847,0.0398976458764797,0
0.0197798309671935,0.0398992039743866,0
0.0198040689133089,0.039900746838739,0
0.019828316287825,0.0399022744582877,0
0.0198525730807419,0.039903786821792,0
0.0198768392820285,0.0399052839180165,0
0.0199011148816547,0.0399067657357337,0
0.0199253998695899,0.0399082322637239,0
0.019949694235766,0.0399096834907726,0
0.0199739979701297,0.039911119405674,0
0.019998311062608,0.0399125399972288,0
0.0200226335031118,0.0399139452542444,0
0.0200469652815515,0.0399153351655361,0
0.020071306387819,0.0399167097199254,0
0.020095656811799,0.0399180689062416,0
0.0201200165433616,0.0399194127133204,0
0.0201443855723784,0.0399207411300056,0
0.0201687638886913,0.039922054145147,0
0.0201931514821475,0.0399233517476024,0
0.0202175483425831,0.0399246339262365,0
0.0202419544598071,0.0399259006699207,0
0.0202663698236397,0.0399271519675344,0
0.0202907944238759,0.0399283878079633,0
0.020315228250311,0.0399296081801011,0
0.0203396712927146,0.0399308130728478,0
0.0203641235408619,0.0399320024751114,0
0.0203885849844995,0.0399331763758062,0
0.0204130556133919,0.039934334763855,0
0.0204375354172678,0.0399354776281868,0
0.0204620243858428,0.0399366049577376,0
0.0204865225088518,0.039937716741452,0
0.0205110297759848,0.0399388129682803,0
0.0205355461769444,0.039939893627181,0
0.020560071701414,0.0399409587071196,0
0.0205846063390671,0.0399420081970687,0
0.0206091500795663,0.0399430420860085,0
0.0206337029125579,0.0399440603629259,0
0.0206582648276992,0.0399450630168162,0
0.0206828358146156,0.0399460500366809,0
0.0207074158629289,0.0399470214115292,0
0.0207320049622434,0.0399479771303775,0
0.0207566031021692,0.0399489171822499,0
0.0207812102722961,0.0399498415561775,0
0.0208058264622057,0.0399507502411991,0
0.0208304516614593,0.0399516432263601,0
0.0208550858596274,0.0399525205007141,0
0.0208797290462476,0.0399533820533214,0
0.02090438121087,0.0399542278732503,0
0.0209290423430213,0.0399550579495763,0
0.0209537124322071,0.0399558722713815,0
0.0209783914679573,0.0399566708277569,0
0.0210030794397512,0.0399574536077995,0
0.021027776337078,0.0399582206006144,0
0.021052482149423,0.0399589717953142,0
0.0210771968662518,0.0399597071810187,0
0.0211019204770107,0.039960426746855,0
0.0211266529711561,0.0399611304819581,0
0.021151394338117,0.03996181837547,0
0.0211761445673238,0.0399624904165405,0
0.0212009036481951,0.039963146594327,0
0.0212256715701227,0.0399637868979935,0
0.0212566201500498,0.0399645643513285,0
