-0.0242543762534,0.0346870673636869,-0
-0.0242288651868318,0.0346905306826424,-0
-0.0242033565018486,0.034693977297017,-0
-0.0241778502088349,0.0346974072102483,-0
-0.024152346318182,0.0347008204257796,-0
-0.0241268448402464,0.034704216947065,-0
-0.0241013457854257,0.0347075967775592,-0
-0.0240758491640733,0.0347109599207293,-0
-0.0240503549865761,0.0347143063800442,-0
-0.0240248632632721,0.0347176361589853,-0
-0.0239993740045407,0.034720949261035,-0
-0.0239738872207289,0.0347242456896861,-0
-0.0239484029221913,0.0347275254484368,-0
-0.0239229211192727,0.0347307885407927,-0
-0.0238974418223232,0.034734034970265,-0
-0.0238719650416901,0.0347372647403715,-0
-0.0238464907876697,0.0347404778546428,-0
-0.023821019070653,0.0347436743166038,-0
-0.023795549900925,0.0347468541297989,-0
-0.0237700832888309,0.0347500172977714,-0
-0.023744619244681,0.0347531638240748,-0
-0.0237191577787957,0.0347562937122682,-0
-0.0236936989014952,0.0347594069659165,-0
-0.023668242623074,0.0347625035885942,-0
-0.0236427889538448,0.0347655835838798,-0
-0.0236173379041132,0.034768646955359,-0
-0.0235918894841651,0.034771693706626,-0
-0.0235664437042987,0.0347747238412799,-0
-0.0235410005748043,0.034777737362927,-0
-0.023515560105963,0.0347807342751809,-0
-0.0234901223080581,0.0347837145816612,-0
-0.0234646871913614,0.034786678285995,-0
-0.0234392547661592,0.0347896253918142,-0
-0.0234138250426969,0.0347925559027616,-0
-0.0233883980312499,0.0347954698224827,-0
-0.0233629737420828,0.0347983671546307,-0
-0.0233375521854481,0.0348012479028662,-0
-0.0233121333715903,0.0348041120708573,-0
-0.0232867173107708,0.034806959662276,-0
-0.0232613040132151,0.0348097906808049,-0
-0.0232358934891854,0.0348126051301289,-0
-0.02321048574889,0.0348154030139447,-0
-0.0231850808025714,0.0348181843359518,-0
-0.0231596786604658,0.0348209490998566,-0
-0.0231342793327731,0.0348236973093756,-0
-0.0231088828297285,0.0348264289682281,-0
-0.0230834891615464,0.0348291440801414,-0
-0.0230580983384127,0.0348318426488523,-0
-0.0230327103705597,0.0348345246780992,-0
-0.023007325268176,0.034837190171631,-0
-0.0229819430414485,0.0348398391332033,-0
-0.0229565637005839,0.0348424715665757,-0
-0.0229311872557576,0.0348450874755174,-0
-0.0229058137171582,0.0348476868638025,-0
-0.0228804430949634,0.0348502697352126,-0
-0.0228550753993429,0.0348528360935362,-0
-0.0228297106404641,0.0348553859425684,-0
-0.0228043488285028,0.0348579192861096,-0
-0.0227789899736097,0.0348604361279692,-0
-0.0227536340859432,0.0348629364719618,-0
-0.0227282811756455,0.0348654203219101,-0
-0.0227029312528721,0.0348678876816417,-0
-0.0226775843277729,0.034870338554991,-0
-0.0226522404104656,0.0348727729458017,-0
-0.0226268995110932,0.0348751908579216,-0
-0.0226015616397807,0.0348775922952062,-0
-0.0225762268066566,0.034879977261517,-0
-0.0225508950218361,0.0348823457607232,-0
-0.02252556629543,0.0348846977967004,-0
-0.022500240637543,0.0348870333733313,-0
-0.0224749180582958,0.0348893524945033,-0
-0.0224495985677669,0.0348916551641138,-0
-0.0224242821760723,0.0348939413860632,-0
-0.0223989688932777,0.0348962111642628,-0
-0.0223736587294952,0.0348984645026259,-0
-0.0223483516947814,0.034900701405077,-0
-0.0223230477992228,0.0349029218755442,-0
-0.0222977470528879,0.0349051259179636,-0
-0.0222724494658379,0.0349073135362781,-0
-0.0222471550481413,0.0349094847344363,-0
-0.022221863809851,0.0349116395163943,-0
-0.0221965757610073,0.0349137778861157,-0
-0.0221712909116682,0.0349158998475689,-0
-0.0221460092718726,0.0349180054047301,-0
-0.0221207308516441,0.034920094561583,-0
-0.0220954556610327,0.0349221673221155,-0
-0.0220701837100356,0.034924223690326,-0
-0.0220449150087079,0.0349262636702147,-0
-0.0220196495670288,0.034928287265794,-0
-0.021994387395038,0.0349302944810778,-0
-0.0219691285027213,0.0349322853200906,-0
-0.0219438729000768,0.0349342597868622,-0
-0.0219186205971112,0.0349362178854279,-0
-0.0218933716038059,0.0349381596198315,-0
-0.0218681259301396,0.0349400849941231,-0
-0.0218428835861007,0.0349419940123585,-0
-0.0218176445816528,0.0349438866786015,-0
-0.0217924089267705,0.0349457629969214,-0
-0.0217671766313987,0.0349476229713961,-0
-0.0217419477055199,0.034949466606107,-0
-0.0217167221590623,0.0349512939051458,-0
-0.0216915000019893,0.0349531048726078,-0
-0.0216662812442212,0.0349548995125978,-0
-0.0216410658957062,0.0349566778292249,-0
-0.0216158539663693,0.0349584398266062,-0
-0.0215906454661358,0.0349601855088649,-0
-0.0215654404049023,0.0349619148801327,-0
-0.0215402387926237,0.0349636279445436,-0
-0.0215150406391675,0.0349653247062436,-0
-0.0214898459544437,0.0349670051693824,-0
-0.0214646547483561,0.0349686693381163,-0
-0.0214394670307806,0.0349703172166099,-0
-0.0214142828116109,0.0349719488090327,-0
-0.0213891021007131,0.0349735641195625,-0
-0.0213639249079707,0.0349751631523823,-0
-0.0213387512432298,0.0349767459116836,-0
-0.0213135811163777,0.034978312401662,-0
-0.0212884145372403,0.0349798626265227,-0
-0.0212632515156796,0.0349813965904755,-0
-0.0212380920615342,0.0349829142977377,-0
-0.0212129361846225,0.0349844157525342,-0
-0.0211877838948086,0.0349859009590935,-0
-0.0211626352018675,0.0349873699216557,-0
-0.0211374901156639,0.034988822644462,-0
-0.0211123486459812,0.0349902591317645,-0
-0.0210872108026127,0.0349916793878212,-0
-0.0210620765953948,0.0349930834168941,-0
-0.0210369460340657,0.0349944712232567,-0
-0.0210118191284568,0.0349958428111841,-0
-0.0209866958883193,0.0349971981849618,-0
-0.0209615763234286,0.0349985373488804,-0
-0.0209364604435692,0.0349998603072365,-0
-0.02091134825847,0.0350011670643358,-0
-0.0208862397778983,0.0350024576244885,-0
-0.0208611350116023,0.035003731992012,-0
-0.0208360339693113,0.0350049901712312,-0
-0.020810936660768,0.0350062321664764,-0
-0.0207858430956758,0.0350074579820864,-0
-0.020760753283789,0.035008667622404,-0
-0.0207356672347768,0.0350098610917821,-0
-0.0207105849583712,0.0350110383945773,-0
-0.0206855064642664,0.0350121995351542,-0
-0.0206604317621529,0.035013344517884,-0
-0.0206353608616951,0.0350144733471453,-0
-0.0206102937726034,0.0350155860273212,-0
-0.0205852305044976,0.0350166825628051,-0
-0.0205601710670875,0.035017762957993,-0
-0.0205351154700177,0.0350188272172898,-0
-0.0205100637229024,0.0350198753451083,-0
-0.0204850158354247,0.0350209073458647,-0
-0.0204599718171831,0.0350219232239852,-0
-0.0204349316778241,0.0350229229839003,-0
-0.0204098954269601,0.0350239066300483,-0
-0.0203848630741848,0.0350248741668746,-0
-0.020359834629128,0.0350258255988298,-0
-0.0203348101013554,0.0350267609303731,-0
-0.0203097895004856,0.0350276801659682,-0
-0.020284772836071,0.0350285833100878,-0
-0.0202597601176876,0.0350294703672098,-0
-0.020234751354899,0.0350303413418194,-0
-0.0202097465572685,0.0350311962384079,-0
-0.0201847457343434,0.0350320350614736,-0
-0.0201597488956448,0.0350328578155224,-0
-0.0201347560507237,0.0350336645050652,-0
-0.0201097672090889,0.0350344551346211,-0
-0.0200847823802645,0.0350352297087148,-0
-0.0200598015737516,0.0350359882318784,-0
-0.020034824799038,0.0350367307086508,-0
-0.0200098520656344,0.0350374571435766,-0
-0.019984883383003,0.0350381675412083,-0
-0.0199599187606138,0.0350388619061046,-0
-0.019934958207951,0.0350395402428303,-0
-0.0199100017344447,0.0350402025559581,-0
-0.0198850493495547,0.0350408488500664,-0
-0.0198601010627146,0.0350414791297407,-0
-0.0198351568833401,0.0350420933995735,-0
-0.0198102168208614,0.0350426916641634,-0
-0.0197852808846958,0.0350432739281156,-0
-0.0197603490842227,0.035043840196043,-0
-0.0197354214288393,0.0350443904725644,-0
-0.0197104979279397,0.0350449247623051,-0
-0.0196855785908845,0.0350454430698977,-0
-0.0196606634270294,0.0350459453999815,-0
-0.0196357524457345,0.035046431757202,-0
-0.0196108456563507,0.0350469021462115,-0
-0.0195859430681976,0.0350473565716694,-0
-0.019561044690594,0.0350477950382417,-0
-0.0195361505328801,0.0350482175506004,-0
-0.0195112606043238,0.0350486241134254,-0
-0.0194863749142436,0.0350490147314022,-0
-0.0194614934719153,0.0350493894092236,-0
-0.0194366162865922,0.0350497481515891,-0
-0.0194117433675682,0.0350500909632045,-0
-0.0193868747240646,0.0350504178487827,-0
-0.0193620103653479,0.0350507288130431,-0
-0.019337150300624,0.0350510238607118,-0
-0.0193122945391275,0.0350513029965218,-0
-0.0192874430900578,0.0350515662252124,-0
-0.0192625959626176,0.03505181355153,-0
-0.0192377531659891,0.0350520449802275,-0
-0.0192129147093389,0.0350522605160645,-0
-0.0191880806018556,0.0350524601638072,-0
-0.0191632508526417,0.035052643928229,-0
-0.0191384254708904,0.0350528118141092,-0
-0.0191136044656978,0.0350529638262344,-0
-0.0190887878461847,0.0350530999693977,-0
-0.0190639756214645,0.0350532202483988,-0
-0.0190391678006177,0.0350533246680442,-0
-0.0190143643927217,0.0350534132331472,-0
-0.0189895654068613,0.0350534859485275,-0
-0.0189647708520716,0.0350535428190117,-0
-0.0189399807374101,0.0350535838494331,-0
-0.0189151950718843,0.0350536090446315,-0
-0.0188904138645331,0.0350536184094537,-0
-0.0188656371243537,0.0350536119487528,-0
-0.0188408648603191,0.0350535896673889,-0
-0.0188160970814399,0.0350535515702286,-0
-0.0187913337966405,0.0350534976621452,-0
-0.0187665750148958,0.0350534279480188,-0
-0.0187418207451372,0.0350533424327361,-0
-0.0187170709962824,0.0350532411211904,-0
-0.0186923257772251,0.0350531240182818,-0
-0.0186675850968989,0.0350529911289171,-0
-0.0186428489641403,0.0350528424580095,-0
-0.0186181173878302,0.0350526780104791,-0
-0.0185933903768189,0.0350524977912526,-0
-0.0185686679399477,0.0350523018052636,-0
-0.0185439500860249,0.035052090057452,-0
-0.0185192368238585,0.0350518625527644,-0
-0.0184945281622387,0.0350516192961543,-0
-0.0184698241099424,0.0350513602925818,-0
-0.0184451246757118,0.0350510855470132,-0
-0.0184204298683036,0.0350507950644221,-0
-0.018395739696444,0.0350504888497886,-0
-0.0183710541688225,0.0350501669080988,-0
-0.0183463732941624,0.0350498292443465,-0
-0.0183216970811095,0.0350494758635311,-0
-0.0182970255383353,0.0350491067706593,-0
-0.0182723586744782,0.0350487219707442,-0
-0.0182476964981773,0.0350483214688058,-0
-0.0182230390180103,0.03504790526987,-0
-0.0181983862425791,0.0350474733789699,-0
-0.0181737381804596,0.0350470258011454,-0
-0.0181490948402102,0.0350465625414426,-0
-0.0181244562303353,0.0350460836049138,-0
-0.0180998223593765,0.035045588996619,-0
-0.0180751932358144,0.0350450787216238,-0
-0.0180505688681324,0.0350445527850008,-0
-0.0180259492647814,0.0350440111918292,-0
-0.0180013344342103,0.0350434539471949,-0
-0.017976724384823,0.0350428810561899,-0
-0.0179521191250171,0.0350422925239129,-0
-0.0179275186631777,0.0350416883554697,-0
-0.0179029230076489,0.0350410685559718,-0
-0.0178783321667733,0.0350404331305379,-0
-0.0178537461488485,0.0350397820842926,-0
-0.0178291649621832,0.035039115422368,-0
-0.0178045886150459,0.035038433149902,-0
-0.0177800171156576,0.0350377352720383,-0
-0.0177554504722773,0.0350370217939292,-0
-0.0177308886930775,0.0350362927207311,-0
-0.0177063317862451,0.0350355480576083,-0
-0.0176817797599434,0.0350347878097317,-0
-0.0176572326222822,0.0350340119822775,-0
-0.0176326903813821,0.0350332205804293,-0
-0.0176081530453219,0.0350324136093771,-0
-0.0175836206221501,0.0350315910743167,-0
-0.0175590931199092,0.0350307529804511,-0
-0.0175345705465952,0.0350298993329889,-0
-0.0175100529101813,0.0350290301371454,-0
-0.0174855402186338,0.0350281453981429,-0
-0.0174610324798677,0.035027245121209,-0
-0.0174365297017847,0.0350263293115783,-0
-0.0174120318922588,0.0350253979744917,-0
-0.0173875390591212,0.0350244511151959,-0
-0.0173630512101908,0.0350234887389444,-0
-0.0173385683532599,0.0350225108509973,-0
-0.0173140904960775,0.0350215174566201,-0
-0.0172896176463568,0.0350205085610845,-0
-0.0172651498118157,0.0350194841696698,-0
-0.0172406870001105,0.0350184442876603,-0
-0.0172162292188628,0.0350173889203462,-0
-0.0171917764756878,0.0350163180730251,-0
-0.0171673287781458,0.0350152317509997,-0
-0.017142886133776,0.0350141299595793,-0
-0.0171184485500892,0.0350130127040795,-0
-0.0170940160345383,0.0350118799898209,-0
-0.0170695885945687,0.0350107318221316,-0
-0.0170451662375822,0.035009568206345,-0
-0.0170207489709433,0.0350083891478005,-0
-0.0169963368019623,0.0350071946518427,-0
-0.0169719297379644,0.0350059847238247,-0
-0.016947527786172,0.0350047593691021,-0
-0.0169231309538163,0.0350035185930388,-0
-0.0168987392480806,0.0350022624010042,-0
-0.0168743526760954,0.0350009907983725,-0
-0.0168499712449613,0.0349997037905246,-0
-0.0168255949617402,0.034998401382847,-0
-0.0168012238334436,0.0349970835807315,-0
-0.0167768578670575,0.0349957503895765,-0
-0.0167524970694974,0.0349944018147843,-0
-0.0167281414476869,0.0349930378617661,-0
-0.0167037910084341,0.0349916585359343,-0
-0.016679445758566,0.0349902638427105,-0
-0.0166551057048193,0.0349888537875192,-0
-0.0166307708539221,0.0349874283757927,-0
-0.0166064412125247,0.0349859876129668,-0
-0.0165821167872455,0.0349845315044835,-0
-0.0165577975846579,0.0349830600557906,-0
-0.0165334836112536,0.0349815732723387,-0
-0.016509174873529,0.0349800711595877,-0
-0.0164848713778593,0.0349785537229976,-0
-0.0164605731306563,0.0349770209680397,-0
-0.0164362801381792,0.0349754729001835,-0
-0.0164119924067073,0.0349739095249087,-0
-0.0163877099424425,0.0349723308476982,-0
-0.0163634327515026,0.0349707368740379,-0
-0.0163391608399952,0.0349691276094217,-0
-0.0163148942139308,0.0349675030593458,-0
-0.0162906328792915,0.0349658632293129,-0
-0.0162663768419622,0.0349642081248278,-0
-0.0162421261078083,0.0349625377514028,-0
-0.0162178806825936,0.0349608521145518,-0
-0.0161936405720292,0.0349591512197941,-0
-0.0161694057818065,0.0349574350726562,-0
-0.0161451763174529,0.0349557036786619,-0
-0.0161209521845192,0.0349539570433458,-0
-0.0160967333884511,0.0349521951722438,-0
-0.0160725199346189,0.0349504180708952,-0
-0.0160483118283262,0.0349486257448437,-0
-0.0160241090748056,0.0349468181996367,-0
-0.0159999116792127,0.0349449954408251,-0
-0.0159757196466208,0.0349431574739629,-0
-0.0159515329820442,0.0349413043046088,-0
-0.0159273516904062,0.0349394359383239,-0
-0.0159031757765196,0.0349375523806702,-0
-0.0158790052451904,0.0349356536372185,-0
-0.0158548401010503,0.0349337397135356,-0
-0.01583068034871,0.034931810615196,-0
-0.0158065259926657,0.0349298663477749,-0
-0.0157823770373397,0.034927906916851,-0
-0.0157582334870172,0.0349259323280018,-0
-0.015734095345966,0.0349239425868132,-0
-0.0157099626182904,0.0349219376988673,-0
-0.0156858353080231,0.0349199176697505,-0
-0.0156617134191243,0.0349178825050529,-0
-0.0156375969553962,0.0349158322103614,-0
-0.0156134859205899,0.0349137667912689,-0
-0.0155893803183254,0.034911686253367,-0
-0.0155652801520974,0.034909590602247,-0
-0.015541185425345,0.0349074798435056,-0
-0.0155170961413353,0.034905353982735,-0
-0.015493012303254,0.0349032130255308,-0
-0.0154689339141704,0.0349010569774886,-0
-0.0154448609770126,0.0348988858442024,-0
-0.0154207934945983,0.0348966996312667,-0
-0.0153967314696136,0.0348944983442752,-0
-0.0153726749046383,0.0348922819888226,-0
-0.0153486238021,0.0348900505705008,-0
-0.0153245781642736,0.0348878040948984,-0
-0.0153005379933635,0.034885542567609,-0
-0.0152765032913299,0.0348832659942143,-0
-0.015252474060118,0.0348809743803061,-0
-0.0152284503013978,0.0348786677314615,-0
-0.0152044320167915,0.0348763460532646,-0
-0.0151804192077023,0.0348740093512899,-0
-0.0151564118754053,0.0348716576311116,-0
-0.0151324100210274,0.0348692908983012,-0
-0.0151084136454675,0.0348669091584196,-0
-0.0150844227495753,0.0348645124170354,-0
-0.0150604373338729,0.0348621006796962,-0
-0.0150364573988547,0.0348596739519598,-0
-0.0150124829447346,0.0348572322393678,-0
-0.014988513971575,0.0348547755474591,-0
-0.0149645504792779,0.0348523038817691,-0
-0.014940592467485,0.0348498172478192,-0
-0.0149166399357018,0.0348473156511296,-0
-0.0148926928832206,0.0348447990972117,-0
-0.014868751309072,0.0348422675915625,-0
-0.0148448152121458,0.0348397211396777,-0
-0.0148208845910924,0.0348371597470413,-0
-0.0147969594442713,0.0348345834191197,-0
-0.0147730397699321,0.0348319921613818,-0
-0.0147491255659954,0.0348293859792745,-0
-0.0147252168301672,0.0348267648782359,-0
-0.0147013135599296,0.0348241288636941,-0
-0.0146774157524723,0.0348214779410593,-0
-0.0146535234047596,0.0348188121157316,-0
-0.014629636513489,0.0348161313930964,-0
-0.0146057550750223,0.0348134357785166,-0
-0.0145818790855506,0.0348107252773511,-0
-0.0145580085408677,0.0348079998949292,-0
-0.0145341434365634,0.034805259636573,-0
-0.0145102837678604,0.0348025045075781,-0
-0.0144864295296925,0.0347997345132229,-0
-0.0144625807166884,0.0347969496587671,-0
-0.0144387373231328,0.0347941499494465,-0
-0.0144148993429759,0.0347913353904748,-0
-0.014391066769841,0.034788505987044,-0
-0.0143672395969716,0.0347856617443183,-0
-0.0143434178172488,0.0347828026674364,-0
-0.0143196014232178,0.0347799287615145,-0
-0.0142957904069992,0.0347770400316356,-0
-0.0142719847603227,0.0347741364828536,-0
-0.0142481844745495,0.0347712181201964,-0
-0.0142243895405728,0.0347682849486532,-0
-0.0142005999488986,0.0347653369731847,-0
-0.01417681568958,0.0347623741987151,-0
-0.014153036752212,0.0347593966301315,-0
-0.0141292631259252,0.0347564042722828,-0
-0.014105494799383,0.0347533971299798,-0
-0.0140817317607623,0.0347503752079924,-0
-0.0140579739976903,0.0347473385110419,-0
-0.0140342214973479,0.0347442870438142,-0
-0.0140104742463017,0.0347412208109379,-0
-0.0139867322306258,0.0347381398170007,-0
-0.0139629954358136,0.0347350440665373,-0
-0.0139392638467512,0.0347319335640265,-0
-0.0139155374477353,0.0347288083138931,-0
-0.0138918162224796,0.0347256683205094,-0
-0.0138681001539988,0.0347225135881793,-0
-0.0138443892247173,0.0347193441211532,-0
-0.0138206834163175,0.0347161599236072,-0
-0.0137969827098338,0.0347129609996567,-0
-0.013773287085565,0.0347097473533438,-0
-0.0137495965230686,0.0347065189886368,-0
-0.0137259110011635,0.0347032759094308,-0
-0.0137022304978298,0.0347000181195339,-0
-0.0136785549902974,0.0346967456226794,-0
-0.0136548844549374,0.0346934584225109,-0
-0.0136312188672236,0.0346901565225771,-0
-0.0136075582018114,0.0346868399263427,-0
-0.0135839024323886,0.0346835086371676,-0
-0.0135602515316825,0.0346801626583079,-0
-0.0135366054715238,0.0346768019929255,-0
-0.0135129642226257,0.0346734266440558,-0
-0.0134893277547504,0.0346700366146326,-0
-0.0134656960365457,0.0346666319074641,-0
-0.0134420690355402,0.0346632125252323,-0
-0.0134184467181497,0.0346597784704945,-0
-0.0133948290495599,0.0346563297456656,-0
-0.0133712159937795,0.0346528663530269,-0
-0.0133476075135284,0.0346493882947087,-0
-0.0133240035701922,0.0346458955726847,-0
-0.013300404123869,0.0346423881887784,-0
-0.0132768091331953,0.0346388661446375,-0
-0.0132532185553804,0.0346353294417394,-0
-0.0132296323461609,0.0346317780813841,-0
-0.0132060504596991,0.0346282120646796,-0
-0.0131824728485548,0.0346246313925369,-0
-0.0131588994636447,0.034621036065665,-0
-0.0131353302541397,0.0346174260845547,-0
-0.0131117651674785,0.034613801449481,-0
-0.0130882041492154,0.0346101621604803,-0
-0.0130646471430061,0.0346065082173476,-0
-0.0130410940905444,0.0346028396196276,-0
-0.0130175449314314,0.0345991563665941,-0
-0.0129939996032284,0.0345954584572589,-0
-0.0129704580412142,0.0345917458903334,-0
-0.012946920178391,0.0345880186642301,-0
-0.0129233859454457,0.034584276777057,-0
-0.012899855270541,0.034580520226584,-0
-0.0128763280793211,0.0345767490102448,-0
-0.0128528042948066,0.0345729631251198,-0
-0.0128292838372124,0.0345691625679075,-0
-0.0128057666239375,0.0345653473349233,-0
-0.0127822525693794,0.0345615174220692,-0
-0.0127587415849283,0.0345576728248341,-0
-0.0127352335786584,0.0345538135382428,-0
-0.0127117284554241,0.0345499395568733,-0
-0.0126882261165511,0.0345460508748056,-0
-0.0126647264597683,0.034542147485611,-0
-0.0126412293791143,0.0345382293823378,-0
-0.0126177347646501,0.0345342965574631,-0
-0.012594242502447,0.0345303490028924,-0
-0.0125707524743377,0.0345263867099173,-0
-0.0125472645577254,0.0345224096691851,-0
-0.0125237786254611,0.0345184178706784,-0
-0.0125002945456226,0.0345144113036779,-0
-0.0124768121813134,0.03451038995673,-0
-0.0124533313904422,0.0345063538176091,-0
-0.0124298520254994,0.0345023028732806,-0
-0.0124063739333709,0.03449823710987,-0
-0.0123828969550297,0.0344941565126104,-0
-0.0123594209252999,0.034490061065803,-0
-0.0123359456726049,0.0344859507527742,-0
-0.0123124710186664,0.0344818255558248,-0
-0.0122889967782071,0.0344776854561791,-0
-0.0122655227586335,0.0344735304339306,-0
-0.0122420487596976,0.0344693604679841,-0
-0.0122185745731834,0.0344651755360021,-0
-0.0121950999824883,0.0344609756143317,-0
-0.0121716247622679,0.034456760677944,-0
-0.0121481486780053,0.034452530700359,-0
-0.0121246714856048,0.034448285653575,-0
-0.01210119293093,0.0344440255079878,-0
-0.0120777127492941,0.0344397502323016,-0
-0.0120542306649823,0.0344354597934454,-0
-0.0120307463907168,0.0344311541564785,-0
-0.0120072596270984,0.0344268332844923,-0
-0.0119837700619118,0.0344224971384868,-0
-0.0119602773696927,0.034418145677295,-0
-0.0119367812108061,0.0344137788574173,-0
-0.0119132812309508,0.0344093966329349,-0
-0.0118897770603015,0.0344049989553554,-0
-0.0118662683126685,0.034400585773462,-0
-0.0118427545848148,0.0343961570331922,-0
-0.0118192354553659,0.03439171267744,-0
-0.0117957104840004,0.0343872526459108,-0
-0.0117721792103524,0.0343827768749226,-0
-0.0117486411529808,0.0343782852972189,-0
-0.0117250958082585,0.034373777841768,-0
-0.0117015426490477,0.0343692544335199,-0
-0.0116779811235252,0.0343647149931939,-0
-0.0116544106537574,0.0343601594370173,-0
-0.0116308306342186,0.0343555876764538,-0
-0.0116072404302772,0.0343509996179263,-0
-0.0115836393764612,0.034346395162497,-0
-0.0115600267747775,0.0343417742055594,-0
-0.0115364018927293,0.0343371366364711,-0
-0.0115127639613471,0.0343324823381905,-0
-0.0114891121729647,0.0343278111868647,-0
-0.0114654456789769,0.0343231230514143,-0
-0.0114417635873101,0.0343184177930634,-0
-0.0114180649598195,0.0343136952648561,-0
-0.0113943488093426,0.0343089553111062,-0
-0.0113706140967977,0.0343041977668588,-0
-0.0113468597277882,0.0342994224572545,-0
-0.0113230845491749,0.0342946291968897,-0
-0.011299287345213,0.0342898177890932,-0
-0.0112754668336581,0.0342849880251993,-0
-0.0112516216611583,0.0342801396836804,-0
-0.0112277503988351,0.0342752725293231,-0
-0.0112038515369596,0.0342703863122247,-0
-0.0111799234797041,0.0342654807668113,-0
-0.0111559645391029,0.0342605556107008,-0
-0.0111319729287574,0.0342556105435216,-0
-0.0111079467569751,0.0342506452456233,-0
-0.0110838840192426,0.0342456593766604,-0
-0.0110597825902777,0.0342406525741007,-0
-0.011035640215211,0.0342356244515665,-0
-0.0110114545001682,0.0342305745970666,-0
-0.010987222901972,0.0342255025710623,-0
-0.0109629427169856,0.0342204079043747,-0
-0.0109386110689257,0.0342152900958983,-0
-0.0109142248957421,0.0342101486101467,-0
-0.0108897809350667,0.0342049828745264,-0
-0.0108652757086633,0.0341997922764361,-0
-0.0108407055051515,0.0341945761600411,-0
-0.010816066361287,0.0341893338227884,-0
-0.010791354041525,0.0341840645116119,-0
-0.0107665640154742,0.0341787674187502,-0
-0.0107416914333412,0.0341734416772078,-0
-0.0107167310988367,0.0341680863557582,-0
-0.0106916774395325,0.0341627004534966,-0
-0.0106665244741992,0.0341572828938581,-0
-0.0106412657767886,0.0341518325180442,-0
-0.0106158944367565,0.0341463480778137,-0
-0.0105904030153091,0.0341408282275712,-0
-0.0105647834969422,0.0341352715156447,-0
-0.0105390272358325,0.0341296763746905,-0
-0.0105131248964361,0.0341240411111262,-0
-0.0104870663876327,0.0341183638934941,-0
-0.0104608407893549,0.0341126427395808,-0
-0.0104344362711286,0.0341068755022365,-0
-0.0104078400012049,0.0341010598536854,-0
-0.010381038045162,0.0340951932681802,-0
-0.010354015252595,0.0340892730028135,-0
-0.0103267551302439,0.0340832960762662,-0
-0.0102992396998464,0.0340772592452861,-0
-0.0102714493385035,0.0340711589786159,-0
-0.0102433625991785,0.0340649914280964,-0
-0.010214956008496,0.0340587523966249,-0
-0.0101862038387854,0.0340524373026628,-0
-0.0101570778503679,0.0340460411408641,-0
-0.0101275470000355,0.0340395584384807,-0
-0.0100975771105517,0.0340329832070828,-0
-0.0100671304952982,0.0340263088891325,-0
-0.0100361655316753,0.0340195282990297,-0
-0.0100046361749337,0.034012633558067,-0
-0.00997249140350345,0.0340056160229061,-0
-0.00993967458541811,0.0339984662072486,-0
-0.00990612275281099,0.0339911736962874,-0
-0.00987176577075958,0.0339837270539878,-0
-0.00983652538305572,0.0339761137232215,-0
-0.00980031411576469,0.0339683199193958,-0
-0.0097630340154724,0.0339603305186253,-0
-0.00972457519640099,0.0339521289425192,-0
-0.00968481416553818,0.0339436970426346,-0
-0.00964361189138316,0.0339350149895306,-0
-0.00960081157640926,0.0339260611735598,-0
-0.00955623608853551,0.0339168121278514,-0
-0.00950968500200185,0.0339072424884484,-0
-0.00946093119293476,0.0338973250125822,-0
-0.00940971693254711,0.0338870306846106,-0
-0.00935574941931087,0.0338763289502622,-0
-0.00929869569553751,0.0338651881350794,-0
-0.00923817690467046,0.0338535761230903,-0
-0.00917376186691619,0.0338414613979947,-0
-0.00910495999163164,0.0338288145835311,-0
-0.00903121360808818,0.0338156106624391,-0
-0.00895188990019186,0.0338018321066103,-0
-0.00886627278512496,0.0337874732128873,-0
-0.00877355530302784,0.0337725460066489,-0
-0.00867283340841774,0.0337570881402746,-0
-0.00856310249547011,0.0337411732580402,-0
-0.00844325856885094,0.0337249242922847,-0
-0.00831210668839684,0.0337085300469394,-0
-0.00816838012772727,0.0336922651379525,-0
-0.00801077447581586,0.0336765127945364,-0
-0.00783800143797084,0.0336617890666567,-0
-0.00764886694642615,0.03364876554437,-0
-0.00744237677977018,0.0336382857922104,-0
-0.00721786950027611,0.0336313685888699,-0
-0.00697517056990518,0.0336291893755637,-0
-0.00671475300699544,0.0336330311529653,-0
-0.00643788014665488,0.0336441988197101,-0
-0.0061466979512123,0.0336638977070389,-0
-0.00584424234739011,0.0336930876028173,-0
-0.00553433559301432,0.033732335340705,-0
-0.00522143269875819,0.0337816856087568,-0
-0.00490963853380282,0.03384071293729,-0
-0.00460408428886661,0.0339082634063467,-0
-0.00430891920821129,0.0339828077866687,-0
-0.00402755354003112,0.0340625312445794,-0
-0.00376250200101824,0.0341455194534932,-0
-0.00351534993352543,0.0342299303278622,-0
-0.00328682169312837,0.0343141251229419,-0
-0.00307691629506792,0.0343967477257992,-0
-0.00288507352419963,0.0344767544972956,-0
-0.00271034066694831,0.0345534054582023,-0
-0.00255152053370552,0.0346262305211722,-0
-0.00240729145804239,0.0346949833764751,-0
-0.0022762974277042,0.034759592565918,-0
-0.00215721102559677,0.0348201158259776,-0
-0.00204877394916961,0.034876700851766,-0
-0.00194982033385538,0.0349295535446984,-0
-0.00185928765729296,0.0349789135231455,-0
-0.0017762191642027,0.0350250360148763,-0
-0.00169976084475531,0.0350681790052063,-0
-0.00162915517993789,0.0351085945150727,-0
-0.00156373319894172,0.0351465230060993,-0
-0.0015029058807727,0.0351821900794686,-0
-0.0014461555583545,0.0352158048078824,-0
-0.00139302771942686,0.0352475591950705,-0
-0.00134312342004474,0.0352776283860549,-0
-0.00129609240796292,0.0353061713545052,-0
-0.00125162697902742,0.0353333318723022,-0
-0.00120945654451692,0.0353592396258548,-0
-0.00116934286239422,0.0353840113871931,-0
-0.0011310758729524,0.0354077521794687,-0
-0.0010944700756177,0.035430556398596,-0
-0.00105936138401731,0.0354525088686571,-0
-0.00102560440034073,0.0354736858191975,-0
-0.000993070055011932,0.0354941557797334,-0
-0.000961643563030887,0.0355139803916197,-0
-0.000931222654220589,0.0355332151401898,-0
-0.00090171603972235,0.0355519100119423,-0
-0.000873042082141726,0.0355701100823615,-0
-0.000845127641066135,0.0355878560403682,-0
-0.000817907069580543,0.0356051846554054,-0
-0.000791321340846119,0.0356221291929264,-0
-0.000765317286855458,0.0356387197836587,-0
-0.000739846933793841,0.0356549837517538,-0
-0.000714866920961913,0.0356709459062911,-0
-0.00069033799186015,0.0356866288003126,-0
-0.000666224547701794,0.0357020529611101,-0
-0.000642494255152228,0.0357172370949938,-0
-0.00061911770097961,0.0357321982695841,-0
-0.000596068087614515,0.0357469520761432,-0
-0.000573320964277774,0.0357615127742847,-0
-0.000550853989109957,0.0357758934211024,-0
-0.000528646718412354,0.0357901059864893,-0
-0.00050668041958542,0.0358041614562417,-0
-0.00048493790480455,0.0358180699243563,-0
-0.000463403383016545,0.0358318406756691,-0
-0.000442062327830891,0.0358454822600566,-0
-0.000420901359609768,0.0358590025590113,-0
-0.000399908139994641,0.0358724088454932,-0
-0.000379071277371971,0.0358857078378241,-0
-0.000358380242091345,0.0358989057482279,-0
-0.000337825290309166,0.0359120083266054,-0
-0.00031739739542698,0.0359250209000917,-0
-0.000297088186359153,0.0359379484087937,-0
-0.000276889891841092,0.0359507954381331,-0
-0.000256795290071388,0.0359635662481813,-0
-0.000236797663243332,0.035976264800214,-0
-0.000216890756266573,0.0359888947808855,-0
-0.000197068739434734,0.0360014596241386,-0
-0.000177326174466683,0.0360139625311811,-0
-0.000157657983626603,0.0360264064886887,-0
-0.000138059421700865,0.0360387942853506,-0
-0.000118526050389605,0.0360511285270198,-0
-9.90537149586591e-05,0.0360634116505464,-0
-7.96385229623036e-05,0.0360756459364021,-0
-6.0276824768485e-05,0.0360878335202502,-0
-4.09651956959252e-05,0.0360999764035738,-0
-2.17004197434712e-05,0.0361120764633636,-0
-2.47947458710887e-06,0.0361241354610632,-0
1.67004821475907e-05,0.0361361550507595,0
3.58421255154335e-05,0.0361481367867261,0
5.4947974856329e-05,0.0361600821303581,0
7.40204044794588e-05,0.0361719924565618,0
9.30616535049483e-05,0.0361838690596443,0
0.000112073834944789,0.0361957131587495,0
0.000131058944089914,0.0362075259028825,0
0.000150018866238674,0.03621930837554,0
0.000168955383846785,0.0362310615989958,0
0.000187870183174884,0.0362427865382865,0
0.000206764860386223,0.036254484104868,0
0.000225640927252793,0.0362661551600376,0
0.000244499816410503,0.0362778005180859,0
0.000263342886265035,0.0362894209492397,0
0.000282171425529777,0.0363010171823838,0
0.000300986657440722,0.0363125899075892,0
0.000319789743710935,0.0363241397784845,0
0.000338581788140112,0.0363356674144202,0
0.00035736384010232,0.0363471734025602,0
0.000376136897633565,0.0363586582997323,0
0.000394901910458007,0.0363701226342415,0
0.000413659782721173,0.0363815669075076,0
0.000432411375600308,0.0363929915956288,0
0.000451157509699798,0.0364043971508152,0
0.000469898967309442,0.0364157840027406,0
0.00048863649452262,0.0364271525598098,0
0.000507370803227461,0.0364385032103486,0
0.000526102572943303,0.036449836323702,0
0.000544832452565578,0.036461152251276,0
0.000563561061994055,0.0364724513275102,0
0.000582288993682714,0.0364837338708022,0
0.000601016814039427,0.0364950001843425,0
0.000619745064804189,0.0365062505569361,0
0.000638474264323771,0.0365174852637614,0
0.000657204908713561,0.0365287045670621,0
0.000675937473026367,0.0365399087168424,0
0.000694672412263117,0.0365510979514677,0
0.000713410162401625,0.0365622724982758,0
0.000732151141328338,0.0365734325741303,0
0.000750895749720289,0.036584578385943,0
0.000769644371881308,0.0365957101311706,0
0.000788397376529921,0.0366068279982803,0
0.00080715511755828,0.0366179321671998,0
0.000825917934702824,0.0366290228097132,0
0.000844686154254638,0.0366401000898812,0
0.000863460089644684,0.0366511641643864,0
0.000882240042060287,0.0366622151828969,0
0.000901026301024412,0.0366732532884077,0
0.000919819144877301,0.0366842786175245,0
0.000938618841345127,0.0366952913007979,0
0.000957425647966372,0.0367062914629742,0
0.000976239812575971,0.0367172792232798,0
0.000995061573721677,0.0367282546956652,0
0.00101389116107452,0.0367392179890459,0
0.00103272879581053,0.0367501692075257,0
0.00105157469100972,0.03676110845063,0
0.00107042905195289,0.0367720358134798,0
0.00108929207648507,0.0367829513870034,0
0.00110816395534651,0.0367938552581293,0
0.00112704487242237,0.0368047475099326,0
0.00114593500508809,0.0368156282218348,0
0.00116483452442564,0.0368264974697307,0
0.00118374359552247,0.0368373553261613,0
0.00120266237769821,0.0368482018604456,0
0.00122159102473747,0.0368590371388157,0
0.00124052968511622,0.0368698612245478,0
0.00125947850223715,0.0368806741780979,0
0.00127843761458617,0.0368914760571932,0
0.00129740715595287,0.0369022669169585,0
0.00131638725563908,0.0369130468100367,0
0.00133537803858,0.0369238157866587,0
0.00135437962555613,0.0369345738947653,0
0.00137339213333407,0.036945321180088,0
0.00139241567483684,0.0369560576862467,0
0.00141145035925683,0.0369667834548148,0
0.00143049629224174,0.0369774985254253,0
0.00144955357598323,0.0369882029358219,0
0.00146862230938898,0.0369988967219568,0
0.00148770258815143,0.0370095799180307,0
0.00150679450492939,0.0370202525565954,0
0.00152589814939671,0.0370309146685825,0
0.00154501360841384,0.0370415662833999,0
0.00156414096605256,0.0370522074289472,0
0.00158328030378246,0.0370628381317199,0
0.00160243170048463,0.0370734584168187,0
0.00162159523261018,0.0370840683080382,0
0.00164077097420226,0.0370946678278799,0
0.00165995899704452,0.0371052569976355,0
0.00167915937069176,0.0371158358374048,0
0.00169837216256374,0.0371264043661484,0
0.00171759743801694,0.0371369626017276,0
0.00173683526042692,0.0371475105609513,0
0.00175608569122879,0.0371580482595984,0
0.00177534879001818,0.0371685757124743,0
0.00179462461458052,0.0371790929334277,0
0.00181391322096282,0.0371895999353905,0
0.0018332146635447,0.0372000967304172,0
0.00185252899506921,0.0372105833297026,0
0.0018718562667211,0.0372210597436251,0
0.00189119652816079,0.0372315259817656,0
0.00191054982757575,0.0372419820529362,0
0.00192991621172617,0.0372524279652058,0
0.00194929572600923,0.0372628637259347,0
0.00196868841447541,0.0372732893417849,0
0.00198809431990294,0.0372837048187604,0
0.00200751348378726,0.037294110162202,0
0.00202694594644852,0.0373045053768458,0
0.0020463917470016,0.0373148904668077,0
0.00206585092344327,0.0373252654356304,0
0.00208532351267422,0.0373356302862958,0
0.0021048095504952,0.0373459850212237,0
0.00212430907170818,0.0373563296423255,0
0.00214382211008301,0.0373666641509879,0
0.002163348698429,0.0373769885481106,0
0.00218288886860549,0.0373873028341125,0
0.00220244265155129,0.0373976070089481,0
0.00222201007732221,0.0374079010721275,0
0.00224159117510035,0.0374181850227217,0
0.00226118597324493,0.0374284588593898,0
0.00228079449928122,0.0374387225803737,0
0.00230041677995247,0.0374489761835256,0
0.00232005284124919,0.0374592196663237,0
0.00233970270837899,0.0374694530258572,0
0.00235936640586545,0.0374796762588777,0
0.0023790439574975,0.0374898893617736,0
0.00239873538639055,0.0375000923306019,0
0.00241844071500222,0.0375102851610972,0
0.00243815996512947,0.0375204678486702,0
0.0024578931579494,0.037530640388429,0
0.0024776403140273,0.037540802775184,0
0.00249740145331954,0.0375509550034495,0
0.00251717659523511,0.0375610970674756,0
0.00253696575857216,0.037571228961216,0
0.00255676896163699,0.0375813506783893,0
0.00257658622215818,0.0375914622124353,0
0.00259641755735558,0.0376015635565506,0
0.00261626298396403,0.0376116547037009,0
0.00263612251821092,0.0376217356466099,0
0.00265599617582908,0.037631806377766,0
0.00267588397212159,0.0376418668894558,0
0.00269578592189899,0.0376519171737318,0
0.00271570203955775,0.0376619572224534,0
0.00273563233905406,0.0376719870272727,0
0.00275557683390916,0.0376820065796384,0
0.00277553553725523,0.0376920158708188,0
0.00279550846181948,0.0377020148918937,0
0.00281549561992285,0.0377120036337545,0
0.00283549702353553,0.0377219820871316,0
0.00285551268424075,0.0377319502425772,0
0.0028755426132433,0.0377419080904694,0
0.00289558682144779,0.0377518556210509,0
0.00291564531935001,0.0377617928243763,0
0.00293571811716447,0.0377717196903744,0
0.00295580522474329,0.0377816362088091,0
0.00297590665163988,0.0377915423693105,0
0.002996022407082,0.0378014381613622,0
0.00301615250001423,0.0378113235743218,0
0.00303629693904824,0.0378211985973975,0
0.0030564557325414,0.0378310632196858,0
0.00307662888854755,0.0378409174301486,0
0.00309681641485228,0.0378507612176298,0
0.00311701831896274,0.0378605945708508,0
0.0031372346081344,0.0378704174784238,0
0.00315746528934918,0.037880229928841,0
0.00317771036935115,0.0378900319104925,0
0.00319796985462458,0.0378998234116554,0
0.00321824375142528,0.0379096044205092,0
0.00323853206576129,0.037919374925127,0
0.00325883480342831,0.0379291349134919,0
0.00327915196996967,0.0379388843734789,0
0.00329948357073253,0.0379486232928812,0
0.00331982961083726,0.0379583516593958,0
0.00334019009520289,0.0379680694606362,0
0.00336056502851886,0.0379777766841186,0
0.00338095441530117,0.0379874733172891,0
0.00340135825985826,0.0379971593475072,0
0.00342177656629004,0.038006834762046,0
0.00344220933852944,0.0380164995481113,0
0.00346265658031662,0.0380261536928301,0
0.00348311829519673,0.0380357971832496,0
0.00350359448656036,0.038045430006356,0
0.00352408515760411,0.0380550521490564,0
0.00354459031137425,0.0380646635981991,0
0.00356510995071696,0.0380742643405507,0
0.00358564407836514,0.0380838543628368,0
0.00360619269683303,0.0380934336516924,0
0.00362675580852725,0.0381030021937144,0
0.00364733341567358,0.0381125599754273,0
0.003667925520353,0.0381221069832998,0
0.00368853212450195,0.0381316432037457,0
0.00370915322990709,0.0381411686231207,0
0.00372978883821531,0.0381506832277279,0
0.00375043895093297,0.0381601870038169,0
0.00377110356943013,0.0381696799375864,0
0.00379178269494722,0.0381791620151866,0
0.00381247632858061,0.0381886332227136,0
0.00383318447131722,0.0381980935462246,0
0.00385390712398494,0.0382075429717155,0
0.00387464428733726,0.0382169814851598,0
0.0038953959619489,0.0382264090724608,0
0.00391616214832188,0.0382358257195003,0
0.00393694284680648,0.0382452314121022,0
0.00395773805765898,0.0382546261360596,0
0.00397854778101472,0.0382640098771218,0
0.003999372016897,0.0382733826209989,0
0.00402021076522253,0.0382827443533642,0
0.00404106402579503,0.0382920950598514,0
0.00406193179831923,0.0383014347260607,0
0.0040828140823881,0.0383107633375538,0
0.00410371087750854,0.0383200808798647,0
0.0041246221830681,0.0383293873384852,0
0.00414554799836791,0.0383386826988797,0
0.00416648832260413,0.0383479669464772,0
0.00418744315488499,0.0383572400666784,0
0.00420841249422447,0.0383665020448533,0
0.00422939633954494,0.0383757528663424,0
0.00425039468966773,0.0383849925164526,0
0.00427140754333856,0.0383942209804683,0
0.00429243489921335,0.0384034382436453,0
0.0043134767558551,0.0384126442912098,0
0.0043345331117468,0.0384218391083634,0
0.00435560396528735,0.0384310226802821,0
0.004376689314794,0.038440194992117,0
0.00439778915850398,0.0384493560289951,0
0.00441890349457229,0.0384585057760185,0
0.00444003232108239,0.038467644218269,0
0.0044611756360292,0.0384767713408009,0
0.0044823334373399,0.0384858871286497,0
0.0045035057228692,0.0384949915668308,0
0.0045246924903915,0.0385040846403353,0
0.00454589373761277,0.0385131663341358,0
0.00456710946216659,0.0385222366331844,0
0.00458833966161761,0.0385312955224145,0
0.0046095843334561,0.0385403429867383,0
0.00463084347511236,0.0385493790110529,0
0.00465211708394104,0.0385584035802339,0
0.00467340515723447,0.0385674166791413,0
0.00469470769222386,0.0385764182926192,0
0.00471602468607169,0.0385854084054938,0
0.00473735613586877,0.0385943870025711,0
0.00475870203866189,0.0386033540686493,0
0.00478006239141342,0.0386123095885016,0
0.00480143719104885,0.0386212535468963,0
0.00482282643441834,0.0386301859285805,0
0.00484423011831103,0.0386391067182863,0
0.00486564823946474,0.0386480159007348,0
0.00488708079455969,0.0386569134606338,0
0.00490852778021609,0.0386657993826763,0
0.00492998919299646,0.0386746736515421,0
0.00495146502941471,0.0386835362519011,0
0.0049729552859199,0.0386923871684067,0
0.00499445995891486,0.0387012263857041,0
0.00501597904474818,0.038710053888426,0
0.00503751253971258,0.0387188696611929,0
0.00505906044004968,0.0387276736886147,0
0.00508062274195483,0.0387364659552926,0
0.0051021994415597,0.0387452464458122,0
0.00512379053496241,0.0387540151447558,0
0.00514539601819835,0.0387627720366905,0
0.00516701588726211,0.0387715171061771,0
0.00518865013809948,0.0387802503377671,0
0.00521029876659344,0.0387889717159968,0
0.0052319617686138,0.0387976812254075,0
0.00525363913993522,0.0388063788505125,0
0.0052753308763353,0.0388150645758365,0
0.00529703697350958,0.0388237383858817,0
0.00531875742713456,0.0388324002651527,0
0.00534049223281831,0.0388410501981374,0
0.00536224138614321,0.0388496881693234,0
0.00538400488263736,0.038858314163187,0
0.00540578271779713,0.0388669281642022,0
0.00542757488706287,0.038875530156831,0
0.00544938138584114,0.0388841201255322,0
0.00547120220948596,0.0388926980547543,0
0.00549303735333079,0.0389012639289477,0
0.00551488681265092,0.0389098177325502,0
0.00553675058268476,0.0389183594499953,0
0.00555862865863103,0.0389268890657112,0
0.0055805210356442,0.0389354065641189,0
0.00560242770886208,0.0389439119296433,0
0.00562434867334934,0.0389524051466907,0
0.00564628392415258,0.0389608861996709,0
0.00566823345628368,0.0389693550729901,0
0.00569019726470422,0.0389778117510453,0
0.00571217534434557,0.0389862562182322,0
0.00573416769010112,0.0389946884589416,0
0.00575617429682316,0.039003108457559,0
0.00577819515933423,0.0390115161984685,0
0.00580023027242151,0.0390199116660508,0
0.00582227963082942,0.0390282948446803,0
0.00584434322926789,0.0390366657187286,0
0.00586642106242605,0.0390450242725691,0
0.00588851312493251,0.0390533704905628,0
0.0059106194114039,0.039061704357076,0
0.00593273991641166,0.0390700258564681,0
0.00595487463450246,0.0390783349730991,0
0.00597702356017604,0.0390866316913216,0
0.0059991866879119,0.0390949159954906,0
0.00602136401214452,0.0391031878699544,0
0.00604355552729232,0.0391114472990652,0
0.00606576122772421,0.0391196942671669,0
0.00608798110777931,0.0391279287586025,0
0.00611021516177984,0.0391361507577184,0
0.0061324633840003,0.0391443602488537,0
0.00615472576869253,0.0391525572163491,0
0.00617700231007157,0.0391607416445417,0
0.00619929300231803,0.039168913517766,0
0.00622159783960463,0.0391770728203635,0
0.00624391681604118,0.039185219536663,0
0.00626624992573312,0.0391933536510013,0
0.00628859716274078,0.0392014751477091,0
0.00631095852109768,0.0392095840111171,0
0.00633333399481911,0.0392176802255597,0
0.00635572357787447,0.0392257637753643,0
0.006378127264213,0.0392338346448612,0
0.00640054504775817,0.0392418928183815,0
0.00642297692239188,0.0392499382802512,0
0.0064454228819841,0.0392579710148019,0
0.00646788292036337,0.0392659910063606,0
0.00649035703133538,0.0392739982392559,0
0.00651284520867964,0.039281992697817,0
0.00653534744614351,0.039289974366372,0
0.00655786373745327,0.039297943229251,0
0.00658039407629666,0.0393058992707808,0
0.00660293845634917,0.0393138424752936,0
0.00662549687124695,0.0393217728271177,0
0.00664806931460056,0.0393296903105825,0
0.00667065578000497,0.0393375949100217,0
0.00669325626101756,0.039345486609766,0
0.00671587075117156,0.0393533653941474,0
0.0067384992439737,0.0393612312474987,0
0.00676114173290674,0.0393690841541544,0
0.00678379821142366,0.0393769240984484,0
0.00680646867296666,0.0393847510647209,0
0.00682915311092941,0.0393925650373053,0
0.00685185151868985,0.0394003660005395,0
0.00687456388961079,0.0394081539387661,0
0.00689729021701888,0.0394159288363253,0
0.0069200304942149,0.0394236906775583,0
0.00694278471447715,0.0394314394468085,0
0.00696555287106599,0.0394391751284231,0
0.00698833495720058,0.0394468977067455,0
0.00701113096610033,0.0394546071661287,0
0.00703394089093709,0.0394623034909197,0
0.00705676472486831,0.0394699866654706,0
0.00707960246102771,0.0394776566741355,0
0.00710245409252885,0.0394853135012713,0
0.00712531961244934,0.0394929571312331,0
0.00714819901385355,0.0395005875483813,0
0.0071710922897784,0.0395082047370771,0
0.00719399943324033,0.0395158086816848,0
0.00721692043722803,0.0395233993665693,0
0.00723985529471412,0.0395309767761002,0
0.00726280399863009,0.0395385408946434,0
0.00728576654191475,0.039546091706577,0
0.00730874291745803,0.0395536291962729,0
0.00733173311812951,0.0395611533481064,0
0.00735473713679122,0.03956866414646,0
0.00737775496627052,0.0395761615757149,0
0.00740078659937593,0.0395836456202561,0
0.00742383202889457,0.0395911162644714,0
0.00744689124758856,0.0395985734927504,0
0.00746996424819211,0.0396060172894836,0
0.00749305102343416,0.0396134476390698,0
0.00751615156600894,0.0396208645259062,0
0.00753926586858694,0.0396282679343925,0
0.00756239392382368,0.0396356578489335,0
0.00758553572435234,0.0396430342539365,0
0.00760869126278228,0.0396503971338115,0
0.00763186053170333,0.0396577464729716,0
0.00765504352366876,0.0396650822558288,0
0.00767824023124484,0.0396724044668085,0
0.00770145064694402,0.0396797130903295,0
0.00772467476326299,0.0396870081108151,0
0.00774791257269712,0.0396942895126983,0
0.007771164067698,0.0397015572804082,0
0.00779442924071003,0.0397088113983814,0
0.00781770808414056,0.039716051851053,0
0.00784100059039853,0.0397232786228684,0
0.00786430675186079,0.0397304916982728,0
0.00788762656087761,0.0397376910617132,0
0.00791096000979309,0.0397448766976445,0
0.0079343070909092,0.0397520485905185,0
0.00795766779653058,0.0397592067247975,0
0.00798104211892364,0.0397663510849424,0
0.00800443005035847,0.0397734816554245,0
0.00802783158304896,0.0397805984207084,0
0.00805124670921602,0.0397877013652702,0
0.00807467542105769,0.0397947904735893,0
0.00809811771073976,0.039801865730145,0
0.00812157357042268,0.039808927119425,0
0.00814504299222794,0.0398159746259149,0
0.00816852596827899,0.039823008234111,0
0.00819202249066999,0.0398300279285104,0
0.00821553255147205,0.0398370336936136,0
0.00823905614273128,0.039844025513923,0
0.00826259325649047,0.0398510033739503,0
0.00828614388476516,0.0398579672582088,0
0.00830970801955078,0.0398649171512156,0
0.008333285652818,0.0398718530374905,0
0.00835687677652358,0.0398787749015591,0
0.00838048138260681,0.0398856827279517,0
0.00840409946298898,0.039892576501203,0
0.00842773100956282,0.0398994562058495,0
0.00845137601420655,0.0399063218264332,0
0.00847503446878766,0.0399131733475028,0
0.0084987063651379,0.0399200107536066,0
0.00852239169509036,0.039926834029303,0
0.00854609045043849,0.0399336431591491,0
0.00856980262297151,0.0399404381277104,0
0.00859352820444735,0.0399472189195533,0
0.0086172671866225,0.0399539855192537,0
0.00864101956122147,0.0399607379113883,0
0.00866478531994604,0.0399674760805372,0
0.00868856445449273,0.0399742000112888,0
0.0087123569565347,0.0399809096882346,0
0.00873616281772225,0.0399876050959697,0
0.00875998202968573,0.0399942862190936,0
0.00878381458404325,0.0400009530422118,0
0.00880766047240348,0.0400076055499374,0
0.00883151968632577,0.0400142437268793,0
0.0088553922173827,0.0400208675576603,0
0.00887927805711368,0.0400274770269033,0
0.00890317719704621,0.0400340721192384,0
0.00892708962867533,0.0400406528192961,0
0.00895101534350094,0.0400472191117184,0
0.00897495433298802,0.0400537709811474,0
0.00899890658858085,0.0400603084122294,0
0.00902287210171973,0.0400668313896196,0
0.00904685086382,0.0400733398979761,0
0.00907084286627548,0.0400798339219612,0
0.00909484810046717,0.0400863134462433,0
0.00911886655774883,0.0400927784554937,0
0.00914289822947625,0.0400992289343938,0
0.00916694310696468,0.0401056648676241,0
0.00919100118152743,0.0401120862398744,0
0.00921507244444659,0.040118493035836,0
0.00923915688700035,0.0401248852402091,0
0.00926325450044367,0.0401312628376975,0
0.00928736527600343,0.0401376258130075,0
0.00931148920491145,0.0401439741508566,0
0.00933562627836059,0.0401503078359618,0
0.00935977648753713,0.0401566268530482,0
0.009383939823602,0.0401629311868444,0
0.00940811627771455,0.0401692208220882,0
0.0094323058409864,0.0401754957435149,0
0.0094565085045587,0.0401817559358773,0
0.00948072425950098,0.0401880013839196,0
0.00950495309690806,0.0401942320724023,0
0.00952919500783049,0.0402004479860846,0
0.00955344998332354,0.0402066491097364,0
0.00957771801440415,0.0402128354281281,0
0.00960199909208945,0.0402190069260396,0
0.00962629320736472,0.0402251635882529,0
0.00965060035120633,0.0402313053995574,0
0.00967492051457511,0.0402374323447485,0
0.00969925368840791,0.0402435444086256,0
0.00972359986363267,0.0402496415759954,0
0.00974795903114614,0.0402557238316668,0
0.00977233118185206,0.0402617911604606,0
0.00979671630661012,0.040267843547196,0
0.00982111439627842,0.040273880976702,0
0.00984552544170143,0.0402799034338141,0
0.0098699494336885,0.0402859109033688,0
0.00989438636305947,0.0402919033702153,0
0.00991883622058096,0.0402978808191995,0
0.00994329899704736,0.040303843235184,0
0.00996777468319357,0.0403097906030266,0
0.00999226326976292,0.0403157229075973,0
0.0100167647474769,0.0403216401337706,0
0.0100412791070351,0.0403275422664255,0
0.0100658063391227,0.0403334292904474,0
0.0100903464344174,0.0403393011907299,0
0.0101148993835676,0.0403451579521693,0
0.0101394651772009,0.0403509995596672,0
0.0101640438059498,0.0403568259981357,0
0.0101886352604137,0.0403626372524894,0
0.0102132395311698,0.0403684333076471,0
0.0102378566088006,0.0403742141485393,0
0.0102624864838541,0.0403799797600977,0
0.0102871291468589,0.0403857301272598,0
0.0103117845883504,0.0403914652349742,0
0.0103364527988186,0.0403971850681891,0
0.0103611337687543,0.0404028896118627,0
0.0103858274886364,0.0404085788509603,0
0.0104105339489028,0.0404142527704476,0
0.0104352531400075,0.040419911355304,0
0.0104599850523582,0.0404255545905081,0
0.0104847296763742,0.0404311824610512,0
0.0105094870024243,0.0404367949519227,0
0.0105342570209,0.0404423920481274,0
0.0105590397221484,0.0404479737346697,0
0.0105838350965054,0.0404535399965614,0
0.0106086431343052,0.040459090818824,0
0.0106334638258425,0.0404646261864799,0
0.0106582971614113,0.0404701460845613,0
0.0106831431312967,0.0404756504981082,0
0.0107080017257428,0.0404811394121616,0
0.0107328729349984,0.0404866128117733,0
0.010757756749291,0.0404920706820005,0
0.0107826531588262,0.0404975130079052,0
0.0108075621537974,0.0405029397745569,0
0.0108324837243858,0.0405083509670323,0
0.0108574178607546,0.040513746570414,0
0.0108823645530437,0.0405191265697895,0
0.0109073237913818,0.0405244909502539,0
0.0109322955658895,0.0405298396969103,0
0.0109572798666581,0.0405351727948655,0
0.0109822766837747,0.0405404902292355,0
0.0110072860072885,0.0405457919851378,0
0.0110323078272764,0.040551078047706,0
0.0110573421337476,0.0405563484020691,0
0.0110823889167275,0.0405616030333695,0
0.0111074481662222,0.0405668419267556,0
0.0111325198722101,0.0405720650673797,0
0.0111576040246712,0.0405772724404045,0
0.0111827006135441,0.0405824640309941,0
0.0112078096287796,0.0405876398243247,0
0.0112329310602974,0.0405927998055764,0
0.0112580648980014,0.0405979439599358,0
0.0112832111317791,0.0406030722725961,0
0.0113083697515156,0.04060818472876,0
0.0113335407470605,0.0406132813136327,0
0.0113587241082651,0.0406183620124299,0
0.0113839198249423,0.0406234268103694,0
0.0114091278869231,0.0406284756926826,0
0.0114343482839933,0.0406335086446017,0
0.011459581005932,0.0406385256513676,0
0.011484826042507,0.0406435266982289,0
0.01151008338347,0.0406485117704407,0
0.0115353530185482,0.0406534808532635,0
0.0115606349374694,0.0406584339319678,0
0.0115859291299204,0.0406633709918259,0
0.0116112355856021,0.0406682920181228,0
0.0116365542941778,0.0406731969961463,0
0.0116618852453094,0.0406780859111936,0
0.0116872284286294,0.0406829587485664,0
0.0117125838337676,0.0406878154935758,0
0.0117379514503328,0.0406926561315387,0
0.0117633312679115,0.0406974806477778,0
0.0117887232760885,0.0407022890276254,0
0.0118141274644294,0.0407070812564202,0
0.0118395438224673,0.0407118573195044,0
0.011864972339748,0.0407166172022331,0
0.0118904130057841,0.0407213608899645,0
0.0119158658100721,0.0407260883680643,0
0.0119413307420917,0.0407307996219048,0
0.0119668077913311,0.0407354946368697,0
0.0119922969472266,0.0407401733983434,0
0.0120177981992268,0.0407448358917223,0
0.0120433115367525,0.0407494821024077,0
0.0120688369492081,0.040754112015808,0
0.0120943744259989,0.0407587256173416,0
0.0121199239564832,0.0407633228924285,0
0.012145485530043,0.0407679038265029,0
0.0121710591360102,0.0407724684049999,0
0.0121966447637271,0.0407770166133664,0
0.0122222424025082,0.0407815484370546,0
0.0122478520416431,0.0407860638615219,0
0.0122734736704345,0.0407905628722384,0
0.0122991072781443,0.0407950454546767,0
0.0123247528540222,0.0407995115943173,0
0.0123504103873243,0.0408039612766518,0
0.0123760798672658,0.0408083944871748,0
0.0124017612830496,0.0408128112113887,0
0.0124274546238855,0.0408172114348071,0
0.0124531598789438,0.0408215951429467,0
0.0124788770373889,0.0408259623213332,0
0.0125046060883684,0.0408303129554997,0
0.01253034702103,0.0408346470309889,0
0.0125560998244777,0.0408389645333465,0
0.0125818644878159,0.0408432654481281,0
0.012607641000142,0.0408475497608981,0
0.0126334293505256,0.0408518174572263,0
0.0126592295280244,0.0408560685226906,0
0.012685041521679,0.040860302942876,0
0.0127108653205233,0.0408645207033765,0
0.0127367009135752,0.0408687217897933,0
0.0127625482898165,0.040872906187732,0
0.0127884074382521,0.0408770738828117,0
0.0128142783478285,0.0408812248606523,0
0.0128401610075195,0.040885359106888,0
0.0128660554062497,0.0408894766071551,0
0.0128919615329459,0.0408935773471003,0
0.0129178793765225,0.0408976613123785,0
0.0129438089258687,0.0409017284886503,0
0.0129697501698577,0.0409057788615843,0
0.0129957030973585,0.040909812416858,0
0.0130216676972277,0.0409138291401572,0
0.0130476439582841,0.040917829017172,0
0.0130736318693634,0.0409218120336048,0
0.0130996314192459,0.0409257781751599,0
0.0131256425967475,0.0409297274275569,0
0.0131516653906308,0.0409336597765171,0
0.0131776997896492,0.040937575207771,0
0.0132037457825569,0.0409414737070587,0
0.0132298033580836,0.0409453552601269,0
0.0132558725049384,0.0409492198527293,0
0.0132819532118244,0.0409530674706288,0
0.0133080454674329,0.0409568980995964,0
0.013334149260417,0.0409607117254077,0
0.0133602645794587,0.0409645083338525,0
0.0133863914131763,0.0409682879107214,0
0.0134125297502111,0.0409720504418185,0
0.013438679579167,0.0409757959129522,0
0.0134648408886427,0.0409795243099406,0
0.013491013667219,0.0409832356186092,0
0.0135171979034693,0.0409869298247923,0
0.0135433935859434,0.0409906069143312,0
0.0135696007031741,0.0409942668730747,0
0.0135958192436937,0.0409979096868817,0
0.0136220491960031,0.0410015353416167,0
0.0136482905486003,0.041005143823154,0
0.0136745432899676,0.0410087351173756,0
0.0137008074085648,0.0410123092101706,0
0.0137270828928457,0.0410158660874375,0
0.0137533697312431,0.0410194057350817,0
0.0137796679121773,0.0410229281390174,0
0.0138059774240608,0.0410264332851674,0
0.0138322982552784,0.0410299211594612,0
0.0138586303942102,0.0410333917478376,0
0.0138849738292233,0.0410368450362438,0
0.0139113285486542,0.0410402810106332,0
0.0139376945408504,0.0410436996569705,0
0.0139640717941181,0.0410471009612253,0
0.0139904602967738,0.0410504849093785,0
0.0140168600370951,0.0410538514874162,0
0.0140432710033684,0.0410572006813356,0
0.0140696931838467,0.0410605324771399,0
0.0140961265667849,0.0410638468608425,0
0.0141225711404023,0.0410671438184625,0
0.0141490268929267,0.0410704233360302,0
0.0141754938125626,0.0410736853995831,0
0.014201971887487,0.0410769299951652,0
0.014228461105885,0.041080157108832,0
0.0142549614559134,0.0410833667266452,0
0.0142814729257138,0.0410865588346752,0
0.0143079955034206,0.0410897334190014,0
0.0143345291771492,0.041092890465711,0
0.0143610739349989,0.0410960299608996,0
0.0143876297650629,0.0410991518906719,0
0.0144141966554141,0.0411022562411407,0
0.0144407745941024,0.041105342998426,0
0.0144673635691813,0.0411084121486584,0
0.0144939635686808,0.0411114636779758,0
0.0145205745806103,0.041114497572524,0
0.0145471965929808,0.0411175138184591,0
0.0145738295937676,0.0411205124019432,0
0.0146004735709484,0.041123493309149,0
0.014627128512488,0.0411264565262576,0
0.0146537944063239,0.0411294020394573,0
0.0146804712403875,0.0411323298349461,0
0.0147071590025967,0.0411352398989304,0
0.0147338576808469,0.0411381322176243,0
0.0147605672630324,0.0411410067772521,0
0.0147872877370176,0.0411438635640448,0
0.0148140190906743,0.0411467025642445,0
0.0148407613118334,0.0411495237640992,0
0.0148675143883304,0.0411523271498671,0
0.0148942783079808,0.0411551127078151,0
0.0149210530585892,0.0411578804242185,0
0.0149478386279414,0.0411606302853612,0
0.0149746350038064,0.0411633622775356,0
0.0150014421739507,0.0411660763870435,0
0.0150282601261114,0.0411687726001946,0
0.0150550888480245,0.041171450903308,0
0.0150819283274105,0.0411741112827119,0
0.0151087785519679,0.0411767537247422,0
0.0151356395093708,0.0411793782157427,0
0.0151625111873212,0.04118198474207,0
0.0151893935734573,0.0411845732900849,0
0.0152162866554361,0.04118714384616,0
0.0152431904208858,0.0411896963966754,0
0.0152701048574216,0.04119223092802,0
0.015297029952656,0.041194747426593,0
0.0153239656941673,0.0411972458788002,0
0.0153509120695399,0.0411997262710583,0
0.0153778690663312,0.0412021885897918,0
0.0154048366720891,0.0412046328214344,0
0.0154318148743481,0.0412070589524288,0
0.0154588036606276,0.0412094669692267,0
0.0154858030184345,0.0412118568582886,0
0.015512812935255,0.0412142286060837,0
0.0155398333985688,0.0412165821990906,0
0.015566864395844,0.0412189176237971,0
0.0155939059145225,0.041221234866699,0
0.0156209579420479,0.0412235339143026,0
0.0156480204658364,0.0412258147531219,0
0.0156750934732913,0.04122807736968,0
0.015702176951816,0.0412303217505104,0
0.0157292708887866,0.0412325478821544,0
0.0157563752715627,0.0412347557511623,0
0.0157834900875035,0.0412369453440946,0
0.0158106153239462,0.04123911664752,0
0.0158377509682119,0.0412412696480165,0
0.0158648970076092,0.0412434043321711,0
0.0158920534294316,0.0412455206865798,0
0.0159192202209804,0.0412476186978498,0
0.015946397369498,0.0412496983525935,0
0.0159735848622528,0.041251759637436,0
0.0160007826864873,0.0412538025390103,0
0.0160279908294212,0.0412558270439582,0
0.0160552092782741,0.0412578331389315,0
0.0160824380202357,0.0412598208105904,0
0.016109677042502,0.0412617900456054,0
0.0161369263322427,0.0412637408306556,0
0.0161641858766035,0.0412656731524287,0
0.0161914556627442,0.0412675869976234,0
0.0162187356777855,0.0412694823529461,0
0.0162460259088473,0.0412713592051135,0
0.0162733263430344,0.0412732175408513,0
0.0163006369674285,0.041275057346894,0
0.0163279577691071,0.0412768786099861,0
0.0163552887351351,0.0412786813168816,0
0.0163826298525576,0.0412804654543433,0
0.0164099811084154,0.0412822310091441,0
0.0164373424897098,0.0412839779680648,0
0.0164647139834678,0.0412857063178977,0
0.0164920955766706,0.0412874160454429,0
0.0165194872563051,0.0412891071375109,0
0.0165468890093254,0.0412907795809207,0
0.016574300822693,0.0412924333625018,0
0.0166017226833468,0.0412940684690928,0
0.016629154578193,0.0412956848875404,0
0.0166565964941684,0.0412972826047038,0
0.0166840484181559,0.0412988616074491,0
0.0167115103370393,0.0413004218826528,0
0.0167389822376893,0.0413019634172008,0
0.0167664641069658,0.0413034861979892,0
0.0167939559317052,0.0413049902119225,0
0.0168214576987352,0.0413064754459155,0
0.0168489693948838,0.0413079418868931,0
0.0168764910069419,0.0413093895217886,0
0.0169040225216975,0.0413108183375454,0
0.0169315639259268,0.0413122283211168,0
0.0169591152063972,0.0413136194594659,0
0.0169866763498483,0.0413149917395645,0
0.0170142473430181,0.041316345148395,0
0.0170418281726225,0.0413176796729489,0
0.0170694188253732,0.0413189953002277,0
0.017097019287965,0.0413202920172426,0
0.0171246295470689,0.041321569811014,0
0.0171522495893656,0.0413228286685731,0
0.0171798794014917,0.0413240685769595,0
0.0172075189701013,0.0413252895232236,0
0.0172351682818064,0.0413264914944248,0
0.0172628273232372,0.0413276744776333,0
0.0172904960809744,0.0413288384599275,0
0.0173181745416111,0.041329983428397,0
0.0173458626917274,0.041331109370141,0
0.0173735605178691,0.0413322162722676,0
0.0174012680065885,0.0413333041218957,0
0.0174289851444198,0.0413343729061539,0
0.0174567119178708,0.0413354226121798,0
0.0174844483134549,0.0413364532271221,0
0.0175121943176718,0.0413374647381389,0
0.0175399499169828,0.0413384571323976,0
0.0175677150978601,0.0413394303970763,0
0.0175954898467584,0.0413403845193627,0
0.0176232741501164,0.0413413194864546,0
0.0176510679943531,0.0413422352855593,0
0.01767887136588,0.0413431319038944,0
0.0177066842511086,0.0413440093286878,0
0.0177345066364026,0.0413448675471763,0
0.017762338508153,0.0413457065466081,0
0.0177901798527061,0.0413465263142403,0
0.0178180306564135,0.0413473268373405,0
0.0178458909055994,0.0413481081031862,0
0.0178737605865943,0.0413488700990651,0
0.017901639685692,0.0413496128122746,0
0.017929528189192,0.0413503362301226,0
0.0179574260833666,0.0413510403399268,0
0.0179853333544842,0.0413517251290149,0
0.0180132499887954,0.041352390584725,0
0.0180411759725478,0.0413530366944053,0
0.0180691112919563,0.0413536634454138,0
0.0180970559332445,0.041354270825119,0
0.0181250098825938,0.0413548588208991,0
0.0181529731262098,0.041355427420143,0
0.0181809456502532,0.0413559766102494,0
0.0182089274408932,0.0413565063786274,0
0.018236918484265,0.0413570167126961,0
0.0182649187665125,0.0413575075998849,0
0.0182929282737523,0.0413579790276335,0
0.0183209469920893,0.0413584309833918,0
0.0183489749076185,0.0413588634546198,0
0.0183770120064247,0.0413592764287879,0
0.0184050582745753,0.0413596698933768,0
0.0184331136981206,0.0413600438358774,0
0.0184611782631053,0.0413603982437909,0
0.0184892519555542,0.0413607331046289,0
0.0185173347614914,0.0413610484059131,0
0.018545426666909,0.0413613441351758,0
0.0185735276578025,0.0413616202799594,0
0.0186016377201467,0.0413618768278169,0
0.01862975683991,0.0413621137663115,0
0.0186578850030334,0.0413623310830168,0
0.0186860221954604,0.0413625287655168,0
0.0187141684031127,0.041362706801406,0
0.0187423236118979,0.041362865178289,0
0.018770487807726,0.0413630038837813,0
0.0187986609764742,0.0413631229055085,0
0.018826843104009,0.0413632222311067,0
0.018855034176198,0.0413633018482226,0
0.0188832341788907,0.0413633617445132,0
0.0189114430979128,0.041363401907646,0
0.0189396609190817,0.0413634223252993,0
0.0189678876282156,0.0413634229851614,0
0.0189961232111035,0.0413634038749316,0
0.0190243676535257,0.0413633649823194,0
0.0190526209412524,0.0413633062950451,0
0.0190808830600393,0.0413632278008394,0
0.0191091539956283,0.0413631294874435,0
0.0191374337337508,0.0413630113426094,0
0.0191657222601241,0.0413628733540996,0
0.0191940195604532,0.041362715509687,0
0.0192223256204254,0.0413625377971556,0
0.0192506404257231,0.0413623402042995,0
0.0192789639620093,0.0413621227189238,0
0.0193072962149401,0.0413618853288441,0
0.019335637170154,0.0413616280218866,0
0.0193639868132754,0.0413613507858884,0
0.0193923451299205,0.0413610536086972,0
0.0194207121056985,0.0413607364781711,0
0.0194490877261846,0.0413603993821795,0
0.0194774719769601,0.041360042308602,0
0.0195058648435942,0.0413596652453291,0
0.0195342663116334,0.0413592681802622,0
0.0195626763666112,0.0413588511013134,0
0.0195910949940553,0.0413584139964054,0
0.0196195221794868,0.0413579568534716,0
0.0196479579083919,0.0413574796604567,0
0.0196764021662564,0.041356982405316,0
0.0197048549385708,0.041356465076015,0
0.0197333162107836,0.041355927660531,0
0.0197617859683424,0.0413553701468515,0
0.0197902641966905,0.0413547925229751,0
0.0198187508812441,0.0413541947769113,0
0.019847246007424,0.04135357689668,0
0.019875749560619,0.0413529388703128,0
0.0199042615262148,0.0413522806858516,0
0.019932781889587,0.0413516023313494,0
0.0199613106360942,0.0413509037948702,0
0.0199898477510842,0.0413501850644887,0
0.0200183932198974,0.0413494461282906,0
0.0200469470278481,0.0413486869743728,0
0.0200755091602474,0.0413479075908431,0
0.0201040796023938,0.0413471079658202,0
0.0201326583395677,0.0413462880874337,0
0.0201612453570545,0.0413454479438241,0
0.0201898406400977,0.0413445875231435,0
0.0202184441739504,0.0413437068135545,0
0.0202470559438444,0.041342805803231,0
0.0202756759350111,0.0413418844803574,0
0.0203043041326437,0.0413409428331302,0
0.0203329405219549,0.0413399808497559,0
0.0203615850881146,0.0413389985184529,0
0.0203902378163068,0.0413379958274501,0
0.0204188986916736,0.0413369727649884,0
0.0204475676993906,0.041335929319318,0
0.0204762448245571,0.0413348654787028,0
0.0205049300523276,0.0413337812314152,0
0.0205336233677803,0.0413326765657413,0
0.0205623247560415,0.0413315514699759,0
0.0205910342021717,0.0413304059324272,0
0.0206197516912612,0.0413292399414127,0
0.0206484772083525,0.0413280534852628,0
0.0206772107385045,0.0413268465523177,0
0.0207059522667504,0.0413256191309295,0
0.0207347017781123,0.0413243712094616,0
0.0207634592575937,0.0413231027762886,0
0.0207922246902019,0.0413218138197959,0
0.0208209980609163,0.0413205043283808,0
0.0208497793547105,0.0413191742904516,0
0.0208785685565427,0.0413178236944279,0
0.0209073656513696,0.0413164525287404,0
0.0209361706241174,0.0413150607818317,0
0.0209649834597123,0.0413136484421553,0
0.0209938041430707,0.0413122154981757,0
0.0210226326590861,0.0413107619383696,0
0.0210514689926435,0.0413092877512245,0
0.0210803131286247,0.0413077929252392,0
0.0211091650518875,0.0413062774489243,0
0.0211380247472758,0.0413047413108018,0
0.0211668921996403,0.0413031844994041,0
0.0211957673937951,0.0413016070032766,0
0.0212246503145574,0.0413000088109751,0
0.0212535409467292,0.0412983899110669,0
0.0212824392750995,0.0412967502921309,0
0.0213113452844361,0.0412950899427582,0
0.0213402589595175,0.0412934088515497,0
0.0213691802850818,0.0412917070071196,0
0.0213981092458816,0.041289984398092,0
0.0214270458266357,0.0412882410131038,0
0.0214559900120575,0.0412864768408031,0
0.0214849417868669,0.0412846918698483,0
0.0215139011357335,0.0412828860889118,0
0.0215428680433463,0.0412810594866753,0
0.0215718424943742,0.041279212051833,0
0.0216008244734733,0.0412773437730904,0
0.0216298139652812,0.0412754546391652,0
0.0216654437775168,0.0412731048780324,0
