-0.0243517124106889,0.0359429894447997,-0
-0.0243237783022099,0.0359485148535737,-0
-0.0242958455648415,0.0359540202182328,-0
-0.0242679142124683,0.0359595055422157,-0
-0.0242399842589713,0.035964970828971,-0
-0.0242120557182445,0.0359704160819535,-0
-0.024184128604152,0.0359758413046329,-0
-0.0241562029305545,0.0359812465004885,-0
-0.0241282787113474,0.0359866316730019,-0
-0.0241003559603791,0.0359919968256726,-0
-0.0240724346915131,0.0359973419620064,-0
-0.0240445149186106,0.0360026670855181,-0
-0.0240165966555146,0.0360079721997353,-0
-0.0239886799160862,0.0360132573081909,-0
-0.0239607647141626,0.0360185224144313,-0
-0.0239328510635887,0.0360237675220106,-0
-0.023904938978213,0.0360289926344909,-0
-0.0238770284718416,0.0360341977554513,-0
-0.0238491195583331,0.03603938288847,-0
-0.0238212122515034,0.0360445480371423,-0
-0.023793306565168,0.0360496932050721,-0
-0.023765402513157,0.0360548183958701,-0
-0.0237375001092754,0.0360599236131599,-0
-0.0237095993673371,0.0360650088605729,-0
-0.0236817003011518,0.0360700741417502,-0
-0.0236538029245151,0.036075119460344,-0
-0.0236259072512355,0.0360801448200135,-0
-0.0235980132950976,0.0360851502244308,-0
-0.0235701210699,0.0360901356772749,-0
-0.0235422305894216,0.0360951011822367,-0
-0.0235143418674638,0.0361000467430124,-0
-0.0234864549177698,0.0361049723633172,-0
-0.0234585697541504,0.0361098780468635,-0
-0.0234306863903593,0.0361147637973825,-0
-0.0234028048401689,0.0361196296186112,-0
-0.0233749251173284,0.0361244755142994,-0
-0.0233470472356194,0.0361293014882004,-0
-0.0233191712087741,0.0361341075440847,-0
-0.0232912970505591,0.036138893685726,-0
-0.0232634247747189,0.0361436599169106,-0
-0.0232355543949789,0.036148406241437,-0
-0.0232076859251047,0.0361531326631058,-0
-0.0231798193788049,0.0361578391857361,-0
-0.0231519547698275,0.0361625258131495,-0
-0.0231240921118942,0.0361671925491805,-0
-0.0230962314187142,0.036171839397675,-0
-0.0230683727040303,0.036176466362482,-0
-0.0230405159815285,0.0361810734474688,-0
-0.0230126612649419,0.036185660656504,-0
-0.0229848085679579,0.0361902279934725,-0
-0.0229569579042883,0.0361947754622641,-0
-0.0229291092876275,0.0361993030667803,-0
-0.0229012627316625,0.0362038108109328,-0
-0.0228734182500918,0.0362082986986404,-0
-0.0228455758565953,0.0362127667338334,-0
-0.0228177355648565,0.036217214920451,-0
-0.0227898973885395,0.0362216432624439,-0
-0.0227620613413296,0.0362260517637686,-0
-0.0227342274368853,0.0362304404283946,-0
-0.0227063956888812,0.0362348092602978,-0
-0.0226785661109539,0.0362391582634689,-0
-0.0226507387167933,0.0362434874418992,-0
-0.022622913520013,0.0362477967996008,-0
-0.0225950905342816,0.0362520863405861,-0
-0.02256726977323,0.0362563560688822,-0
-0.0225394512505131,0.0362606059885214,-0
-0.0225116349797449,0.0362648361035511,-0
-0.0224838209745565,0.0362690464180251,-0
-0.0224560092485706,0.0362732369360071,-0
-0.0224281998154359,0.0362774076615661,-0
-0.0224003926887324,0.03628155859879,-0
-0.0223725878820808,0.0362856897517696,-0
-0.0223447854091065,0.0362898011246038,-0
-0.0223169852833843,0.0362938927214081,-0
-0.0222891875185364,0.0362979645462995,-0
-0.0222613921281474,0.0363020166034097,-0
-0.0222335991258016,0.0363060488968792,-0
-0.0222058085250875,0.0363100614308566,-0
-0.0221780203395972,0.0363140542094993,-0
-0.0221502345828886,0.0363180272369779,-0
-0.0221224512685469,0.0363219805174684,-0
-0.0220946704101353,0.0363259140551586,-0
-0.0220668920212086,0.0363298278542463,-0
-0.0220391161153381,0.0363337219189359,-0
-0.0220113427060736,0.0363375962534438,-0
-0.0219835718069564,0.0363414508619963,-0
-0.0219558034315476,0.0363452857488258,-0
-0.021928037593375,0.0363491009181782,-0
-0.0219002743059772,0.0363528963743067,-0
-0.0218725135828833,0.0363566721214748,-0
-0.0218447554376232,0.0363604281639547,-0
-0.0218169998837168,0.0363641645060285,-0
-0.0217892469346884,0.0363678811519871,-0
-0.0217614966040502,0.0363715781061315,-0
-0.0217337489052929,0.0363752553727744,-0
-0.0217060038519414,0.0363789129562331,-0
-0.0216782614574927,0.036382550860837,-0
-0.0216505217354243,0.0363861690909272,-0
-0.0216227846992448,0.0363897676508497,-0
-0.0215950503624395,0.036393346544962,-0
-0.021567318738469,0.0363969057776338,-0
-0.021539589840828,0.0364004453532394,-0
-0.0215118636829878,0.0364039652761648,-0
-0.0214841402784082,0.0364074655508063,-0
-0.0214564196405426,0.0364109461815697,-0
-0.02142870178287,0.0364144071728668,-0
-0.021400986718827,0.0364178485291231,-0
-0.0213732744618701,0.0364212702547708,-0
-0.0213455650254306,0.0364246723542539,-0
-0.0213178584229586,0.0364280548320228,-0
-0.021290154667879,0.0364314176925402,-0
-0.0212624537736349,0.036434760940275,-0
-0.0212347557536305,0.0364380845797097,-0
-0.0212070606213024,0.0364413886153321,-0
-0.0211793683900453,0.0364446730516433,-0
-0.0211516790732915,0.0364479378931493,-0
-0.0211239926844336,0.0364511831443691,-0
-0.0210963092368734,0.0364544088098298,-0
-0.0210686287440002,0.0364576148940686,-0
-0.0210409512192181,0.03646080140163,-0
-0.0210132766758963,0.0364639683370711,-0
-0.0209856051274294,0.0364671157049551,-0
-0.0209579365871841,0.0364702435098571,-0
-0.0209302710685328,0.0364733517563604,-0
-0.0209026085848419,0.0364764404490579,-0
-0.0208749491494704,0.036479509592552,-0
-0.0208472927757791,0.0364825591914537,-0
-0.0208196394771143,0.0364855892503845,-0
-0.020791989266826,0.0364885997739744,-0
-0.0207643421582544,0.036491590766863,-0
-0.0207366981647303,0.0364945622337001,-0
-0.0207090572995863,0.0364975141791439,-0
-0.0206814195761518,0.0365004466078617,-0
-0.0206537850077461,0.0365033595245309,-0
-0.0206261536076914,0.0365062529338371,-0
-0.020598525389281,0.0365091268404781,-0
-0.0205709003658434,0.0365119812491567,-0
-0.0205432785506597,0.0365148161645892,-0
-0.0205156599570448,0.0365176315914975,-0
-0.0204880445982637,0.0365204275346173,-0
-0.02046043248763,0.0365232039986883,-0
-0.020432823638396,0.0365259609884651,-0
-0.0204052180638677,0.0365286985087055,-0
-0.0203776157772934,0.0365314165641823,-0
-0.0203500167919349,0.0365341151596754,-0
-0.0203224211210728,0.0365367942999719,-0
-0.0202948287779445,0.0365394539898716,-0
-0.0202672397758031,0.036542094234182,-0
-0.0202396541278978,0.0365447150377195,-0
-0.020212071847457,0.0365473164053113,-0
-0.0201844929477246,0.036549898341792,-0
-0.0201569174419275,0.0365524608520067,-0
-0.0201293453432824,0.0365550039408099,-0
-0.0201017766650162,0.0365575276130644,-0
-0.020074211420335,0.0365600318736435,-0
-0.0200466496224515,0.0365625167274285,-0
-0.0200190912845568,0.0365649821793118,-0
-0.0199915364198614,0.0365674282341927,-0
-0.0199639850415376,0.0365698548969827,-0
-0.0199364371628026,0.0365722621725981,-0
-0.0199088927968044,0.03657465006597,-0
-0.0198813519567374,0.0365770185820346,-0
-0.0198538146557621,0.0365793677257394,-0
-0.0198262809070581,0.0365816975020393,-0
-0.0197987507237565,0.036584007915902,-0
-0.0197712241190334,0.0365862989723004,-0
-0.0197437011060405,0.0365885706762179,-0
-0.0197161816978912,0.0365908230326501,-0
-0.0196886659077583,0.0365930560465966,-0
-0.0196611537487576,0.0365952697230701,-0
-0.0196336452339969,0.0365974640670931,-0
-0.0196061403766334,0.0365996390836927,-0
-0.0195786391897567,0.0366017947779103,-0
-0.019551141686481,0.0366039311547941,-0
-0.0195236478799099,0.0366060482194018,-0
-0.0194961577831455,0.0366081459768001,-0
-0.0194686714092819,0.0366102244320654,-0
-0.0194411887714011,0.0366122835902832,-0
-0.0194137098825866,0.0366143234565481,-0
-0.0193862347559118,0.0366163440359643,-0
-0.0193587634044489,0.0366183453336446,-0
-0.0193312958412591,0.0366203273547114,-0
-0.0193038320794163,0.0366222901042954,-0
-0.0192763721319528,0.0366242335875385,-0
-0.0192489160119208,0.0366261578095904,-0
-0.0192214637323733,0.0366280627756092,-0
-0.0191940153063354,0.0366299484907641,-0
-0.0191665707468392,0.0366318149602322,-0
-0.0191391300669128,0.0366336621892001,-0
-0.0191116932795745,0.0366354901828635,-0
-0.0190842603978211,0.0366372989464284,-0
-0.0190568314346877,0.0366390884851072,-0
-0.0190294064031431,0.0366408588041252,-0
-0.0190019853162176,0.0366426099087128,-0
-0.018974568186865,0.0366443418041139,-0
-0.0189471550280989,0.0366460544955773,-0
-0.0189197458528728,0.0366477479883645,-0
-0.018892340674168,0.0366494222877442,-0
-0.0188649395049549,0.0366510773989942,-0
-0.0188375423581871,0.0366527133274024,-0
-0.018810149246813,0.0366543300782657,-0
-0.0187827601837895,0.0366559276568893,-0
-0.0187553751820564,0.0366575060685882,-0
-0.0187279942545386,0.0366590653186869,-0
-0.0187006174141827,0.0366606054125178,-0
-0.0186732446738932,0.036662126355424,-0
-0.0186458760465929,0.0366636281527567,-0
-0.0186185115452121,0.0366651108098755,-0
-0.0185911511826214,0.0366665743321518,-0
-0.0185637949717454,0.036668018724963,-0
-0.0185364429254604,0.036669443993698,-0
-0.0185090950566655,0.0366708501437529,-0
-0.0184817513782381,0.0366722371805343,-0
-0.0184544119030378,0.0366736051094578,-0
-0.0184270766439555,0.0366749539359469,-0
-0.0183997456138289,0.036676283665436,-0
-0.0183724188255237,0.0366775943033672,-0
-0.0183450962918941,0.0366788858551919,-0
-0.0183177780257675,0.0366801583263714,-0
-0.0182904640399973,0.0366814117223749,-0
-0.018263154347396,0.036682646048682,-0
-0.0182358489607985,0.0366838613107802,-0
-0.0182085478930107,0.036685057514167,-0
-0.0181812511568474,0.0366862346643483,-0
-0.0181539587651184,0.0366873927668392,-0
-0.0181266707306095,0.0366885318271643,-0
-0.0180993870661218,0.0366896518508567,-0
-0.0180721077844365,0.0366907528434589,-0
-0.0180448328983211,0.0366918348105228,-0
-0.0180175624205564,0.0366928977576085,-0
-0.0179902963638986,0.036693941690286,-0
-0.0179630347411194,0.0366949666141333,-0
-0.0179357775649587,0.0366959725347387,-0
-0.0179085248481607,0.0366969594576988,-0
-0.0178812766034554,0.0366979273886198,-0
-0.0178540328435998,0.0366988763331155,-0
-0.0178267935812921,0.0366998062968106,-0
-0.0177995588292528,0.0367007172853381,-0
-0.0177723286002066,0.0367016093043394,-0
-0.017745102906834,0.0367024823594661,-0
-0.0177178817618614,0.0367033364563774,-0
-0.0176906651779502,0.036704171600743,-0
-0.0176634531678058,0.0367049877982404,-0
-0.0176362457440816,0.0367057850545572,-0
-0.0176090429194641,0.036706563375389,-0
-0.0175818447066083,0.0367073227664411,-0
-0.0175546511181698,0.0367080632334274,-0
-0.0175274621668078,0.0367087847820708,-0
-0.0175002778651277,0.0367094874181042,-0
-0.0174730982258094,0.0367101711472674,-0
-0.017445923261445,0.0367108359753115,-0
-0.0174187529846763,0.0367114819079948,-0
-0.0173915874080986,0.0367121089510858,-0
-0.0173644265443227,0.0367127171103613,-0
-0.0173372704059498,0.0367133063916073,-0
-0.0173101190055676,0.0367138768006187,-0
-0.0172829723557636,0.0367144283431993,-0
-0.0172558304691002,0.0367149610251624,-0
-0.0172286933581572,0.0367154748523294,-0
-0.0172015610354967,0.0367159698305313,-0
-0.0171744335136715,0.0367164459656078,-0
-0.0171473108052204,0.0367169032634078,-0
-0.0171201929226862,0.0367173417297887,-0
-0.0170930798786059,0.0367177613706172,-0
-0.0170659716854929,0.036718162191769,-0
-0.017038868355863,0.0367185441991285,-0
-0.017011769902241,0.0367189073985889,-0
-0.0169846763371094,0.036719251796053,-0
-0.0169575876729719,0.0367195773974317,-0
-0.0169305039223008,0.0367198842086455,-0
-0.016903425097594,0.0367201722356234,-0
-0.0168763512113006,0.0367204414843035,-0
-0.0168492822758986,0.0367206919606327,-0
-0.0168222183038292,0.0367209236705669,-0
-0.016795159307547,0.036721136620071,-0
-0.0167681052994873,0.0367213308151186,-0
-0.016741056292081,0.0367215062616923,-0
-0.0167140122977439,0.0367216629657836,-0
-0.0166869733289069,0.0367218009333929,-0
-0.0166599393979581,0.0367219201705294,-0
-0.016632910517299,0.0367220206832114,-0
-0.0166058866993295,0.0367221024774658,-0
-0.0165788679564216,0.0367221655593286,-0
-0.0165518543009496,0.0367222099348445,-0
-0.0165248457452834,0.0367222356100673,-0
-0.0164978423017755,0.0367222425910594,-0
-0.0164708439827686,0.0367222308838922,-0
-0.0164438508006229,0.036722200494646,-0
-0.0164168627676494,0.0367221514294098,-0
-0.0163898798961709,0.0367220836942817,-0
-0.0163629021985103,0.0367219972953684,-0
-0.0163359296869764,0.0367218922387855,-0
-0.0163089623738626,0.0367217685306576,-0
-0.0162820002714481,0.0367216261771179,-0
-0.0162550433920221,0.0367214651843086,-0
-0.0162280917478621,0.0367212855583807,-0
-0.0162011453512178,0.0367210873054938,-0
-0.0161742042143446,0.0367208704318167,-0
-0.0161472683494884,0.0367206349435267,-0
-0.016120337768885,0.0367203808468101,-0
-0.0160934124847661,0.036720108147862,-0
-0.0160664925093401,0.0367198168528861,-0
-0.0160395778548228,0.0367195069680951,-0
-0.0160126685333985,0.0367191784997102,-0
-0.0159857645572735,0.0367188314539619,-0
-0.0159588659386261,0.0367184658370891,-0
-0.0159319726896209,0.0367180816553394,-0
-0.0159050848224262,0.0367176789149697,-0
-0.015878202349191,0.0367172576222449,-0
-0.0158513252820418,0.0367168177834391,-0
-0.0158244536331494,0.0367163594048356,-0
-0.0157975874146068,0.0367158824927255,-0
-0.015770726638535,0.0367153870534092,-0
-0.0157438713170469,0.036714873093196,-0
-0.015717021462224,0.0367143406184034,-0
-0.0156901770861573,0.0367137896353581,-0
-0.0156633382009323,0.0367132201503956,-0
-0.0156365048185862,0.0367126321698594,-0
-0.0156096769512128,0.0367120257001029,-0
-0.0155828546108218,0.0367114007474869,-0
-0.0155560378094566,0.0367107573183817,-0
-0.0155292265591532,0.0367100954191664,-0
-0.0155024208719215,0.0367094150562285,-0
-0.0154756207597535,0.0367087162359638,-0
-0.0154488262346514,0.0367079989647777,-0
-0.0154220373086073,0.0367072632490838,-0
-0.0153952539935676,0.0367065090953038,-0
-0.0153684763015266,0.0367057365098697,-0
-0.0153417042444029,0.0367049454992199,-0
-0.0153149378341573,0.0367041360698035,-0
-0.0152881770827181,0.0367033082280773,-0
-0.0152614220019928,0.0367024619805065,-0
-0.0152346726038979,0.0367015973335658,-0
-0.0152079289003187,0.0367007142937375,-0
-0.0151811909031584,0.0366998128675137,-0
-0.0151544586242724,0.036698893061394,-0
-0.0151277320755322,0.0366979548818872,-0
-0.0151010112687913,0.0366969983355109,-0
-0.0150742962158775,0.0366960234287906,-0
-0.015047586928629,0.036695030168261,-0
-0.0150208834188593,0.0366940185604652,-0
-0.0149941856983733,0.0366929886119549,-0
-0.0149674937789666,0.0366919403292905,-0
-0.0149408076724126,0.0366908737190405,-0
-0.0149141273904851,0.0366897887877824,-0
-0.0148874529449356,0.0366886855421021,-0
-0.0148607843475148,0.0366875639885941,-0
-0.0148341216099581,0.0366864241338617,-0
-0.0148074647439668,0.0366852659845156,-0
-0.0147808137612746,0.0366840895471771,-0
-0.0147541686735553,0.0366828948284737,-0
-0.0147275294924926,0.0366816818350426,-0
-0.014700896229767,0.03668045057353,-0
-0.0146742688970291,0.0366792010505896,-0
-0.0146476475059134,0.0366779332728835,-0
-0.0146210320680728,0.0366766472470839,-0
-0.0145944225950881,0.0366753429798684,-0
-0.0145678190986013,0.0366740204779269,-0
-0.0145412215901798,0.0366726797479546,-0
-0.0145146300814031,0.0366713207966566,-0
-0.0144880445838384,0.0366699436307461,-0
-0.0144614651090268,0.0366685482569445,-0
-0.0144348916685183,0.0366671346819825,-0
-0.0144083242738197,0.036665702912598,-0
-0.0143817629364354,0.0366642529555374,-0
-0.0143552076678763,0.0366627848175572,-0
-0.0143286584796,0.0366612985054196,-0
-0.0143021153830888,0.0366597940258977,-0
-0.0142755783897756,0.0366582713857707,-0
-0.014249047511099,0.0366567305918276,-0
-0.0142225227584895,0.0366551716508659,-0
-0.0141960041433399,0.0366535945696902,-0
-0.0141694916770327,0.0366519993551135,-0
-0.014142985370953,0.0366503860139585,-0
-0.0141164852364579,0.0366487545530551,-0
-0.0140899912848944,0.0366471049792419,-0
-0.0140635035275622,0.0366454372993638,-0
-0.014037021975805,0.0366437515202778,-0
-0.0140105466408988,0.0366420476488457,-0
-0.0139840775341333,0.0366403256919395,-0
-0.013957614666748,0.0366385856564371,-0
-0.013931158050012,0.0366368275492278,-0
-0.013904707695148,0.036635051377207,-0
-0.0138782636133516,0.0366332571472774,-0
-0.0138518258158368,0.0366314448663526,-0
-0.0138253943137661,0.0366296145413517,-0
-0.0137989691183117,0.0366277661792039,-0
-0.0137725502406045,0.0366258997868447,-0
-0.0137461376917714,0.0366240153712188,-0
-0.0137197314829183,0.0366221129392787,-0
-0.0136933316251362,0.0366201924979852,-0
-0.0136669381294842,0.036618254054306,-0
-0.0136405510070379,0.0366162976152195,-0
-0.0136141702687908,0.0366143231877075,-0
-0.0135877959257796,0.036612330778764,-0
-0.0135614279890072,0.0366103203953905,-0
-0.0135350664694226,0.0366082920445931,-0
-0.0135087113779938,0.0366062457333893,-0
-0.013482362725659,0.0366041814688035,-0
-0.0134560205233227,0.0366020992578669,-0
-0.0134296847818829,0.0365999991076197,-0
-0.0134033555122193,0.03659788102511,-0
-0.0133770327251682,0.0365957450173919,-0
-0.0133507164315875,0.0365935910915309,-0
-0.0133244066422666,0.0365914192545962,-0
-0.0132981033679895,0.0365892295136662,-0
-0.013271806619554,0.0365870218758298,-0
-0.0132455164076668,0.0365847963481779,-0
-0.0132192327430877,0.0365825529378154,-0
-0.0131929556364803,0.0365802916518486,-0
-0.0131666850985567,0.0365780124973975,-0
-0.0131404211399486,0.0365757154815847,-0
-0.013114163771288,0.0365734006115424,-0
-0.0130879130031909,0.0365710678944111,-0
-0.0130616688462431,0.036568717337338,-0
-0.013035431311002,0.0365663489474778,-0
-0.0130092004079784,0.0365639627319901,-0
-0.012982976147714,0.0365615586980474,-0
-0.0129567585406839,0.0365591368528257,-0
-0.0129305475973362,0.0365566972035081,-0
-0.0129043433281105,0.0365542397572866,-0
-0.0128781457434171,0.0365517645213602,-0
-0.0128519548536372,0.036549271502935,-0
-0.0128257706691147,0.0365467607092232,-0
-0.0127995932001826,0.0365442321474456,-0
-0.0127734224571417,0.0365416858248299,-0
-0.0127472584502502,0.0365391217486094,-0
-0.0127211011897678,0.0365365399260273,-0
-0.012694950685896,0.0365339403643308,-0
-0.0126688069488228,0.0365313230707759,-0
-0.0126426699886971,0.0365286880526243,-0
-0.0126165398156622,0.0365260353171471,-0
-0.0125904164397891,0.0365233648716179,-0
-0.0125642998711566,0.0365206767233212,-0
-0.0125381901197875,0.0365179708795455,-0
-0.0125120871956968,0.0365152473475886,-0
-0.012485991108844,0.0365125061347522,-0
-0.0124599018691667,0.0365097472483461,-0
-0.0124338194865652,0.0365069706956858,-0
-0.0124077439709152,0.0365041764840946,-0
-0.0123816753320512,0.0365013646209011,-0
-0.0123556135797803,0.0364985351134413,-0
-0.0123295587238454,0.036495687969054,-0
-0.0123035107740173,0.0364928231950916,-0
-0.0122774697399544,0.0364899407989038,-0
-0.0122514356313357,0.0364870407878533,-0
-0.0122254084577839,0.0364841231693062,-0
-0.0121993882288563,0.0364811879506318,-0
-0.0121733749541438,0.0364782351392134,-0
-0.0121473686431187,0.0364752647424309,-0
-0.0121213693052535,0.0364722767676748,-0
-0.0120953769499802,0.036469271222341,-0
-0.0120693915866915,0.0364662481138314,-0
-0.0120434132247314,0.0364632074495524,-0
-0.0120174418733955,0.0364601492369154,-0
-0.0119914775419446,0.0364570734833378,-0
-0.0119655202396119,0.0364539801962443,-0
-0.0119395699755482,0.0364508693830603,-0
-0.0119136267589101,0.0364477410512226,-0
-0.0118876905987645,0.0364445952081671,-0
-0.0118617615041471,0.0364414318613372,-0
-0.0118358394840569,0.0364382510181818,-0
-0.011809924547439,0.0364350526861543,-0
-0.0117840167031792,0.036431836872711,-0
-0.0117581159601358,0.0364286035853158,-0
-0.0117322223270832,0.0364253528314327,-0
-0.011706335812802,0.0364220846185373,-0
-0.0116804564259508,0.0364187989541003,-0
-0.0116545841751871,0.0364154958456035,-0
-0.0116287190691033,0.0364121753005309,-0
-0.0116028611162106,0.0364088373263671,-0
-0.0115770103250156,0.0364054819306071,-0
-0.0115511667039131,0.0364021091207421,-0
-0.0115253302612796,0.0363987189042722,-0
-0.0114995010054273,0.0363953112886998,-0
-0.011473678944596,0.036391886281529,-0
-0.0114478640869552,0.0363884438902657,-0
-0.0114220564406664,0.0363849841224258,-0
-0.0113962560137551,0.0363815069855182,-0
-0.0113704628142499,0.0363780124870634,-0
-0.0113446768500589,0.0363745006345768,-0
-0.0113188981290635,0.0363709714355817,-0
-0.0112931266590644,0.0363674248976015,-0
-0.0112673624477888,0.0363638610281609,-0
-0.0112416055029111,0.0363602798347889,-0
-0.011215855832001,0.0363566813250113,-0
-0.0111901134426045,0.0363530655063622,-0
-0.0111643783421503,0.0363494323863707,-0
-0.0111386505380028,0.0363457819725687,-0
-0.0111129300374785,0.0363421142724928,-0
-0.0110872168477863,0.036338429293676,-0
-0.0110615109760457,0.0363347270436504,-0
-0.0110358124293464,0.0363310075299556,-0
-0.0110101212146142,0.0363272707601194,-0
-0.0109844373387995,0.0363235167416852,-0
-0.0109587608086575,0.0363197454821796,-0
-0.0109330916309237,0.0363159569891388,-0
-0.0109074298122314,0.0363121512700958,-0
-0.0108817753591141,0.0363083283325811,-0
-0.0108561282780028,0.0363044881841219,-0
-0.0108304885752804,0.0363006308322511,-0
-0.0108048562571594,0.0362967562844877,-0
-0.0107792313298355,0.0362928645483611,-0
-0.0107536137993271,0.036288955631386,-0
-0.0107280036716083,0.0362850295410831,-0
-0.0107024009525287,0.0362810862849667,-0
-0.0106768056478273,0.0362771258705465,-0
-0.0106512177631346,0.0362731483053285,-0
-0.0106256373039856,0.0362691535968167,-0
-0.0106000642757595,0.0362651417525035,-0
-0.0105744986837875,0.0362611127798872,-0
-0.0105489405332112,0.0362570666864489,-0
-0.0105233898291169,0.0362530034796745,-0
-0.0104978465764168,0.0362489231670352,-0
-0.010472310779913,0.0362448257559982,-0
-0.0104467824442963,0.036240711254026,-0
-0.0104212615741041,0.0362365796685703,-0
-0.0103957481737637,0.0362324310070783,-0
-0.0103702422475179,0.0362282652769809,-0
-0.0103447437995535,0.036224082485714,-0
-0.0103192528337933,0.0362198826406836,-0
-0.0102937693541422,0.0362156657493072,-0
-0.0102682933642807,0.0362114318189791,-0
-0.0102428248677337,0.0362071808570819,-0
-0.0102173638679094,0.0362029128709931,-0
-0.0101919103680257,0.0361986278680728,-0
-0.0101664643711388,0.0361943258556682,-0
-0.0101410258801667,0.036190006841118,-0
-0.0101155948978175,0.03618567083174,-0
-0.010090171426643,0.0361813178348401,-0
-0.010064755469036,0.0361769478577121,-0
-0.0100393470271575,0.0361725609076249,-0
-0.0100139461030345,0.03616815699184,-0
-0.00998855269845455,0.0361637361175921,-0
-0.00996316681504638,0.0361592982921042,-0
-0.00993778845421661,0.0361548435225761,-0
-0.00991241761718108,0.0361503718161898,-0
-0.00988705430491943,0.0361458831801017,-0
-0.00986169851823909,0.0361413776214537,-0
-0.00983635025769398,0.0361368551473589,-0
-0.00981100952358924,0.0361323157649026,-0
-0.00978567631606669,0.0361277594811571,-0
-0.0097603506349842,0.0361231863031607,-0
-0.00973503247994831,0.0361185962379227,-0
-0.00970972185034974,0.0361139892924309,-0
-0.00968441874529188,0.0361093654736375,-0
-0.00965912316365196,0.0361047247884712,-0
-0.0096338351039979,0.0361000672438212,-0
-0.00960855456467593,0.0360953928465538,-0
-0.00958328154367461,0.0360907016034871,-0
-0.00955801603877491,0.0360859935214188,-0
-0.00953275804741,0.0360812686071004,-0
-0.00950750756670998,0.0360765268672448,-0
-0.0094822645935447,0.0360717683085352,-0
-0.00945702912437984,0.0360669929375975,-0
-0.00943180115542705,0.0360622007610288,-0
-0.00940658068252993,0.0360573917853756,-0
-0.00938136770118331,0.0360525660171377,-0
-0.00935616220654822,0.0360477234627711,-0
-0.00933096419337472,0.0360428641286726,-0
-0.00930577365610651,0.036037988021201,-0
-0.00928059058874913,0.0360330951466503,-0
-0.00925541498493551,0.0360281855112637,-0
-0.00923024683789614,0.0360232591212268,-0
-0.00920508614043273,0.036018315982663,-0
-0.00917993288492933,0.0360133561016353,-0
-0.0091547870633404,0.0360083794841444,-0
-0.00912964866712656,0.0360033861361154,-0
-0.00910451768736138,0.0359983760634197,-0
-0.00907939411454785,0.0359933492718376,-0
-0.00905427793878276,0.0359883057670919,-0
-0.00902916914960069,0.0359832455548161,-0
-0.00900406773605302,0.0359781686405708,-0
-0.00897897368663689,0.0359730750298285,-0
-0.00895388698932245,0.0359679647279801,-0
-0.00892880763147843,0.0359628377403191,-0
-0.00890373559993911,0.0359576940720552,-0
-0.00887867088091894,0.0359525337282975,-0
-0.00885361346000778,0.0359473567140527,-0
-0.00882856332217998,0.0359421630342275,-0
-0.00880352045175078,0.0359369526936193,-0
-0.00877848483236286,0.0359317256969133,-0
-0.00875345644698095,0.0359264820486819,-0
-0.00872843527782113,0.0359212217533691,-0
-0.00870342130644495,0.0359159448153111,-0
-0.00867841451354871,0.0359106512386912,-0
-0.00865341487914248,0.035905341027578,-0
-0.00862842238239795,0.0359000141858929,-0
-0.00860343700163842,0.0358946707174084,-0
-0.00857845871438761,0.0358893106257578,-0
-0.00855348749725543,0.0358839339144115,-0
-0.00852852332591716,0.0358785405866718,-0
-0.00850356617520228,0.0358731306456927,-0
-0.00847861601886753,0.0358677040944301,-0
-0.00845367282975128,0.0358622609356759,-0
-0.00842873657962894,0.0358568011720264,-0
-0.00840380723921655,0.0358513248058825,-0
-0.00837888477817363,0.0358458318394513,-0
-0.00835396916496694,0.0358403222747152,-0
-0.00832906036693657,0.0358347961134469,-0
-0.00830415835020544,0.0358292533571896,-0
-0.00827926307965867,0.0358236940072518,-0
-0.00825437451887657,0.035818118064693,-0
-0.0082294926301242,0.0358125255303207,-0
-0.00820461737428071,0.0358069164046754,-0
-0.00817974871082347,0.0358012906880261,-0
-0.00815488659771528,0.0357956483803456,-0
-0.00813003099144039,0.0357899894813182,-0
-0.00810518184690563,0.0357843139903176,-0
-0.00808033911735353,0.0357786219063866,-0
-0.00805550275440057,0.0357729132282465,-0
-0.00803067270785274,0.0357671879542545,-0
-0.0080058489257551,0.0357614460824148,-0
-0.00798103135426659,0.0357556876103505,-0
-0.00795621993763588,0.0357499125352973,-0
-0.00793141461803137,0.0357441208540645,-0
-0.00790661533566308,0.0357383125630634,-0
-0.00788182202844483,0.035732487658228,-0
-0.00785703463219286,0.0357266461350624,-0
-0.00783225308029979,0.0357207879885632,-0
-0.00780747730382743,0.0357149132132425,-0
-0.0077827072312886,0.0357090218030755,-0
-0.00775794278868646,0.0357031137515105,-0
-0.0077331838992664,0.0356971890514097,-0
-0.00770843048352021,0.0356912476950501,-0
-0.0076836824590796,0.0356852896740989,-0
-0.00765893974051323,0.0356793149795639,-0
-0.00763420223930695,0.0356733236017895,-0
-0.00760946986372797,0.035667315530424,-0
-0.00758474251862102,0.0356612907543703,-0
-0.00756002010538279,0.0356552492617797,-0
-0.00753530252172324,0.0356491910399943,-0
-0.00751058966162445,0.0356431160755372,-0
-0.00748588141507129,0.0356370243540462,-0
-0.00746117766800736,0.0356309158602641,-0
-0.00743647830203632,0.0356247905779644,-0
-0.00741178319442447,0.0356186484899533,-0
-0.00738709221771451,0.0356124895779734,-0
-0.00736240523969382,0.035606313822697,-0
-0.00733772212312189,0.0356001212036579,-0
-0.00731304272550235,0.0355939116991954,-0
-0.00728836689890365,0.0355876852864098,-0
-0.00726369448969815,0.0355814419410969,-0
-0.00723902533834891,0.0355751816376955,-0
-0.00721435927910375,0.0355689043492106,-0
-0.00718969613972819,0.0355626100471459,-0
-0.00716503574130959,0.0355562987014557,-0
-0.00714037789780403,0.0355499702804295,-0
-0.00711572241587051,0.0355436247506511,-0
-0.00709106909444603,0.0355372620768907,-0
-0.00706641772439441,0.0355308822220154,-0
-0.00704176808824193,0.0355244851469231,-0
-0.00701711995964555,0.0355180708104055,-0
-0.00699247310309136,0.0355116391690724,-0
-0.00696782727339948,0.0355051901772242,-0
-0.00694318221531048,0.0354987237867464,-0
-0.00691853766298397,0.03549223994698,-0
-0.00689389333951955,0.035485738604599,-0
-0.00686924895636125,0.0354792197034557,-0
-0.00684460421277359,0.0354726831844459,-0
-0.00681995879530782,0.0354661289853707,-0
-0.00679531237700638,0.0354595570407289,-0
-0.00677066461688109,0.0354529672815822,-0
-0.00674601515918946,0.0354463596353665,-0
-0.00672136363253916,0.0354397340256566,-0
-0.00669670964934717,0.0354330903720272,-0
-0.00667205280476061,0.0354264285897673,-0
-0.00664739267586156,0.0354197485896726,-0
-0.0066227288207663,0.0354130502778087,-0
-0.00659806077755213,0.0354063335552277,-0
-0.00657338806320496,0.0353995983176899,-0
-0.00654871017247533,0.035392844455362,-0
-0.00652402657674345,0.0353860718525161,-0
-0.00649933672260883,0.0353792803871546,-0
-0.00647464003069033,0.0353724699306928,-0
-0.00644993589398393,0.0353656403475195,-0
-0.00642522367651457,0.0353587914946399,-0
-0.00640050271152751,0.0353519232211904,-0
-0.00637577229980548,0.0353450353679901,-0
-0.00635103170779893,0.0353381277670393,-0
-0.0063262801655755,0.0353312002409697,-0
-0.0063015168647272,0.0353242526024826,-0
-0.00627674095608183,0.0353172846537339,-0
-0.00625195154719218,0.0353102961856571,-0
-0.00622714769983097,0.0353032869772899,-0
-0.00620232842703731,0.0352962567949754,-0
-0.00617749269030023,0.0352892053916038,-0
-0.00615263939614286,0.0352821325056866,-0
-0.00612776739280749,0.0352750378604614,-0
-0.00610287546648397,0.0352679211628697,-0
-0.00607796233733361,0.0352607821024796,-0
-0.00605302665518087,0.0352536203503167,-0
-0.0060280669949311,0.035246435557621,-0
-0.00600308185160943,0.0352392273545001,-0
-0.00597806963495216,0.0352319953484582,-0
-0.00595302866367936,0.0352247391228405,-0
-0.00592795715926779,0.0352174582351398,-0
-0.00590285323921026,0.0352101522151633,-0
-0.00587771490970263,0.0352028205630421,-0
-0.005852540057855,0.0351954627471143,-0
-0.00582732644313523,0.0351880782015966,-0
-0.00580207168809234,0.0351806663240597,-0
-0.0057767732684217,0.035173226472729,-0
-0.00575142850205805,0.035165757963519,-0
-0.0057260345373789,0.0351582600668282,-0
-0.00570058834035503,0.0351507320040501,-0
-0.00567508668060151,0.0351431729437898,-0
-0.0056495261161309,0.0351355819977302,-0
-0.00562390297675899,0.0351279582161391,-0
-0.00559821334601804,0.0351203005829791,-0
-0.00557245304128392,0.0351126080105386,-0
-0.00554661759220832,0.0351048793336192,-0
-0.00552070221695738,0.0350971133031394,-0
-0.00549470179619371,0.0350893085791443,-0
-0.0054686108446628,0.035081463723195,-0
-0.00544242347976933,0.0350735771899627,-0
-0.0054161333871772,0.0350656473180594,-0
-0.00538973378290527,0.0350576723199614,-0
-0.00536321737150782,0.0350496502709279,-0
-0.00533657629998884,0.0350415790968348,-0
-0.00530980210678757,0.0350334565607563,-0
-0.00528288566548304,0.0350252802482258,-0
-0.00525581712237162,0.0350170475509665,-0
-0.00522858582718162,0.0350087556489214,-0
-0.00520118025630045,0.0350004014904593,-0
-0.00517358792729742,0.0349919817704642,-0
-0.00514579530370974,0.0349834929060854,-0
-0.00511778768919715,0.0349749310099889,-0
-0.00508954910896963,0.0349662918606035,-0
-0.0050610621776389,0.0349575708692636,-0
-0.00503230795101526,0.0349487630436857,-0
-0.0050032657601918,0.0349398629475065,-0
-0.00497391302524588,0.0349308646553492,-0
-0.00494422504575856,0.034921761702907,-0
-0.00491417476516755,0.0349125470315478,-0
-0.00488373250509602,0.0349032129267699,-0
-0.00485286566546479,0.0348937509498494,-0
-0.00482153838563802,0.0348841518619851,-0
-0.00478971116079607,0.0348744055401014,-0
-0.00475734040737804,0.0348645008835751,-0
-0.00472437796980334,0.0348544257109185,-0
-0.0046907705603843,0.0348441666456999,-0
-0.0046564591221452,0.0348337089907245,-0
-0.00462137810363681,0.0348230365898354,-0
-0.00458545463267393,0.0348121316766888,-0
-0.0045486075742577,0.0348009747101784,-0
-0.00451074645597117,0.0347895441966176,-0
-0.00447177024193077,0.0347778164994239,-0
-0.00443156593378626,0.0347657656379027,-0
-0.00439000697568485,0.0347533630783132,-0
-0.00434695143650315,0.0347405775218918,-0
-0.00430223994246107,0.0347273746976952,-0
-0.00425569333035631,0.0347137171712941,-0
-0.00420710999299073,0.0346995641857677,-0
-0.00415626288949232,0.0346848715579542,-0
-0.00410289619927405,0.0346695916622233,-0
-0.00404672160789097,0.0346536735458711,-0
-0.00398741423116781,0.0346370632361439,-0
-0.00392460821095019,0.0346197043188143,-0
-0.00385789205959394,0.0346015388939283,-0
-0.00378680389212182,0.0345825090450351,-0
-0.00371082677660096,0.0345625589950499,-0
-0.00362938455945763,0.0345416381623621,-0
-0.0035418386942507,0.0345197053717187,-0
-0.00344748682853511,0.0344967345083372,-0
-0.00334556418682639,0.0344727219170749,-0
-0.00323524912606805,0.0344476958207607,-0
-0.00311567460814258,0.0344217279311145,-0
-0.00298594768142303,0.0343949472109533,-0
-0.00284517928830623,0.0343675553683122,-0
-0.00269252666155273,0.034339843078463,-0
-0.00252725001128569,0.0343122051229975,-0
-0.00234878387409397,0.0342851516608747,-0
-0.00215682115327084,0.0342593118767717,-0
-0.00195140445625232,0.0342354256212777,-0
-0.00173301512287202,0.0342143188495659,-0
-0.00150264618282657,0.0341968602004427,-0
-0.00126184283045746,0.0341838992383156,-0
-0.00101269460960896,0.0341761914466847,-0
-0.00075776871443124,0.0341743199455758,-0
-0.000500036209294209,0.0341786257666445,-0
-0.000242148533739342,0.0341891755090972,-0
1.23638480726665e-05,0.0342057236132174,0
0.000260610545737757,0.0342277534081421,0
0.000500093089533551,0.0342545322128243,0
0.000728817713859142,0.0342851883633112,0
0.000945346129387263,0.0343187929491726,0
0.00114878873563105,0.0343544333315237,0
0.00133875335799712,0.034391269937094,0
0.00151526624420359,0.0344285730014001,0
0.001678681352086,0.0344657402473311,0
0.00182959055763373,0.0345022991473659,0
0.0019687430562949,0.0345378984237846,0
0.0020969781925451,0.0345722932380146,0
0.00221517286676817,0.0346053276617763,0
0.00232420267631609,0.0346369169643722,0
0.00242491489370002,0.0346670312742822,0
0.0025181110097426,0.0346956814073262,0
0.00260453661534957,0.0347229071211986,0
0.00268487666292088,0.0347487677268876,0
0.00275975449805685,0.0347733348105575,0
0.00282973340605024,0.034796686746548,0
0.00289531973183279,0.0348189046724628,0
0.00295696689228466,0.034840069622451,0
0.00301507980515114,0.0348602605558477,0
0.00307001941302409,0.0348795530631146,0
0.00312210709572445,0.0348980185743019,0
0.00317162884482192,0.0349157239327398,0
0.00321883913159746,0.0349327312287106,0
0.00326396443747796,0.0349490978133394,0
0.00330720644146526,0.0349648764333968,0
0.00334874487473504,0.0349801154434298,0
0.00338874006208339,0.0349948590637619,0
0.00342733517459532,0.0350091476619142,0
0.00346465821998104,0.0350230180418071,0
0.00350082379727318,0.0350365037301491,0
0.00353593464144352,0.0350496352530228,0
0.00357008298173663,0.0350624403982827,0
0.00360335173568359,0.0350749444613134,0
0.00363581555872053,0.0350871704730418,0
0.00366754176682415,0.0350991394098406,0
0.00369859114808132,0.0351108703857536,0
0.00372901867700865,0.0351223808277615,0
0.00375887414370782,0.0351336866350275,0
0.00378820270863521,0.0351448023232597,0
0.00381704539220873,0.0351557411553003,0
0.00384543950744526,0.0351665152591101,0
0.00387341904274634,0.0351771357342715,0
0.00390101500081506,0.0351876127479932,0
0.00392825569946595,0.0351979556217516,0
0.00395516703848817,0.0352081729092873,0
0.00398177273722645,0.0352182724670197,0
0.00400809454591575,0.0352282615174513,0
0.00403415243421082,0.0352381467063861,0
0.00405996475953763,0.0352479341545658,0
0.00408554841748351,0.0352576295042337,0
0.00411091897661078,0.03526723796126,0
0.00413609079911829,0.0352767643331425,0
0.0041610771492827,0.0352862130634251,0
0.00418589029085331,0.0352955882628215,0
0.00421054157475589,0.0353048937374266,0
0.00423504151802247,0.0353141330142506,0
0.00425939987515262,0.0353233093644399,0
0.00428362570241231,0.0353324258242981,0
0.0043077274161128,0.035341485214434,0
0.00433171284531853,0.0353504901571525,0
0.00435558927967172,0.0353594430922982,0
0.00437936351274972,0.0353683462916711,0
0.00440304188149896,0.0353772018721837,0
0.00442663030213755,0.0353860118078787,0
0.00445013430276144,0.0353947779408725,0
0.00447355905315607,0.0354035019913893,0
0.00449690939198367,0.0354121855669349,0
0.004520189851594,0.0354208301706859,0
0.00454340468072732,0.0354294372091824,0
0.00456655786534583,0.0354380079994015,0
0.00458965314763881,0.0354465437752194,0
0.0046126940435108,0.0354550456933682,0
0.0046356838586656,0.0354635148389229,0
0.00465862570329072,0.035471952230315,0
0.00468152250565539,0.0354803588239826,0
0.00470437702461911,0.0354887355186516,0
0.00472719186109426,0.0354970831592615,0
0.00474996946869063,0.0355054025406151,0
0.00477271216350107,0.0355136944107351,0
0.00479542213316832,0.0355219594739763,0
0.00481810144523613,0.0355301983938933,0
0.00484075205489751,0.0355384117959019,0
0.00486337581218026,0.0355466002697486,0
0.00488597446858448,0.0355547643717915,0
0.00490854968324142,0.0355629046271173,0
0.00493110302865705,0.0355710215315157,0
0.00495363599599778,0.0355791155532959,0
0.00497615000008106,0.0355871871350027,0
0.00499864638390426,0.0355952366949714,0
0.005021126422994,0.0356032646288234,0
0.00504359132934669,0.0356112713108186,0
0.00506604225516432,0.0356192570951386,0
0.00508848029629459,0.0356272223170669,0
0.00511090649552062,0.035635167294118,0
0.00513332184552213,0.035643092327052,0
0.00515572729173852,0.0356509977008558,0
0.00517812373498185,0.0356588836856384,0
0.0052005120339356,0.0356667505374854,0
0.00522289300745658,0.0356745984992467,0
0.00524526743672372,0.0356824278012707,0
0.00526763606731149,0.0356902386621121,0
0.00528999961103341,0.035698031289161,0
0.00531235874780408,0.0357058058792779,0
0.00533471412725778,0.0357135626193445,0
0.00535706637035614,0.0357213016868111,0
0.00537941607084934,0.0357290232501932,0
0.00540176379670818,0.0357367274695577,0
0.00542411009137821,0.0357444144969485,0
0.00544645547507584,0.0357520844768257,0
0.00546880044590511,0.0357597375464438,0
0.0054911454809708,0.0357673738362274,0
0.00551349103741869,0.0357749934701236,0
0.00553583755339855,0.0357825965659259,0
0.00555818544898778,0.035790183235586,0
0.00558053512706491,0.0357977535855074,0
0.00560288697410291,0.0358053077168123,0
0.00562524136100081,0.0358128457256204,0
0.005647598643754,0.0358203677032741,0
0.0056699591641752,0.0358278737365793,0
0.00569232325056128,0.0358353639080288,0
0.00571469121829852,0.0358428382960041,0
0.00573706337043693,0.035850296974967,0
0.00575943999828759,0.0358577400156584,0
0.00578182138190474,0.0358651674852587,0
0.00580420779062723,0.0358725794475674,0
0.00582659948349707,0.035879975963142,0
0.00584899670978781,0.0358873570894727,0
0.00587139970936823,0.0358947228811027,0
0.00589380871312043,0.0359020733897661,0
0.00591622394335378,0.0359094086645246,0
0.00593864561413726,0.0359167287518763,0
0.00596107393166182,0.035924033695875,0
0.00598350909458701,0.035931323538244,0
0.00600595129432553,0.035938598318469,0
0.0060284007153568,0.0359458580739009,0
0.00605085753551725,0.0359531028398501,0
0.00607332192628521,0.0359603326496796,0
0.00609579405298506,0.0359675475348714,0
0.00611827407511844,0.035974747525134,0
0.0061407621465128,0.0359819326484506,0
0.00616325841560151,0.0359891029311696,0
0.00618576302563576,0.0359962583980731,0
0.00620827611484426,0.0360033990724285,0
0.006230797816686,0.0360105249760698,0
0.00625332825999187,0.0360176361294432,0
0.00627586756917415,0.0360247325516741,0
0.00629841586435076,0.0360318142606071,0
0.00632097326158672,0.0360388812728827,0
0.00634353987294707,0.0360459336039553,0
0.00636611580673055,0.0360529712681662,0
0.00638870116757027,0.0360599942787767,0
0.00641129605657613,0.0360670026480126,0
0.00643390057146402,0.0360739963871055,0
0.00645651480668902,0.036080975506335,0
0.00647913885354108,0.0360879400150583,0
0.00650177280029641,0.0360948899217586,0
0.00652441673228702,0.0361018252340666,0
0.00654707073203784,0.0361087459588033,0
0.00656973487932433,0.0361156521019986,0
0.00659240925132777,0.0361225436689394,0
0.0066150939226801,0.0361294206641838,0
0.00663778896557386,0.0361362830915949,0
0.00666049444982292,0.0361431309543606,0
0.0066832104429828,0.0361499642550299,0
0.00670593701040025,0.0361567829955288,0
0.0067286742152898,0.0361635871771839,0
0.00675142211881202,0.0361703768007463,0
0.00677418078014712,0.0361771518664144,0
0.00679695025655024,0.0361839123738512,0
0.00681973060341865,0.0361906583222041,0
0.00684252187437524,0.0361973897101311,0
0.00686532412126477,0.0362041065357997,0
0.00688813739429855,0.0362108087969303,0
0.00691096174204062,0.0362174964907926,0
0.00693379721146943,0.0362241696142244,0
0.00695664384808044,0.0362308281636618,0
0.00697950169585128,0.03623747213513,0
0.00700237079737159,0.0362441015242809,0
0.00702525119382362,0.0362507163263887,0
0.00704814292506273,0.0362573165363733,0
0.00707104602964003,0.0362639021488071,0
0.00709396054486617,0.0362704731579341,0
0.00711688650681673,0.0362770295576718,0
0.00713982395038469,0.0362835713416269,0
0.00716277290934162,0.0362900985031124,0
0.00718573341633118,0.0362966110351472,0
0.00720870550291949,0.0363031089304699,0
0.00723168919964273,0.0363095921815534,0
0.00725468453600774,0.0363160607806049,0
0.00727769154054762,0.0363225147195821,0
0.00730071024084901,0.0363289539902013,0
0.00732374066355373,0.0363353785839382,0
0.00734678283441575,0.0363417884920441,0
0.00736983677832449,0.0363481837055527,0
0.0073929025193022,0.0363545642152798,0
0.00741598008056389,0.0363609300118401,0
0.00743906948452711,0.0363672810856502,0
0.00746217075279901,0.0363736174269256,0
0.00748528390628979,0.0363799390257119,0
0.00750840896511434,0.0363862458718581,0
0.00753154594872078,0.0363925379550523,0
0.00755469487583812,0.0363988152648073,0
0.00757785576452721,0.0364050777904751,0
0.00760102863219426,0.0364113255212506,0
0.00762421349560506,0.0364175584461759,0
0.00764741037091395,0.0364237765541479,0
0.0076706192736497,0.0364299798339153,0
0.00769384021878274,0.0364361682740967,0
0.00771707322067742,0.0364423418631677,0
0.00774031829317663,0.036448500589484,0
0.00776357544955281,0.0364546444412689,0
0.00778684470255983,0.0364607734066265,0
0.00781012606445262,0.0364668874735477,0
0.00783341954695854,0.0364729866299026,0
0.00785672516133545,0.0364790708634562,0
0.00788004291836606,0.0364851401618668,0
0.00790337282835491,0.0364911945126854,0
0.00792671490117084,0.0364972339033675,0
0.00795006914624286,0.0365032583212714,0
0.00797343557255549,0.0365092677536577,0
0.00799681418869256,0.0365152621877007,0
0.00802020500282193,0.0365212416104846,0
0.00804360802271929,0.0365272060090097,0
0.00806702325575812,0.03653315537019,0
0.00809045070895994,0.0365390896808663,0
0.00811389038895135,0.0365450089277954,0
0.00813734230200506,0.0365509130976605,0
0.008160806454064,0.0365568021770777,0
0.00818428285069441,0.036562676152584,0
0.00820777149714992,0.0365685350106539,0
0.00823127239835502,0.0365743787376952,0
0.00825478555891722,0.0365802073200519,0
0.00827831098311558,0.0365860207440023,0
0.00830184867493797,0.0365918189957674,0
0.00832539863808644,0.036597602061513,0
0.00834896087594513,0.0366033699273417,0
0.00837253539163674,0.0366091225793069,0
0.00839612218800737,0.0366148600034092,0
0.00841972126759854,0.03662058218559,0
0.00844333263274278,0.0366262891117541,0
0.00846695628547317,0.0366319807677488,0
0.00849059222756699,0.0366376571393739,0
0.00851424046059135,0.0366433182123932,0
0.00853790098582227,0.0366489639725149,0
0.0085615738043516,0.0366545944054175,0
0.0085852589169858,0.0366602094967256,0
0.00860895632434962,0.0366658092320349,0
0.00863266602682232,0.0366713935968968,0
0.00865638802456958,0.0366769625768264,0
0.00868012231755059,0.036682516157304,0
0.0087038689055238,0.0366880543237769,0
0.00872762778801257,0.036693577061651,0
0.00875139896437796,0.0366990843563082,0
0.00877518243377332,0.0367045761930958,0
0.00879897819514663,0.0367100525573271,0
0.00882278624728985,0.0367155134342931,0
0.00884660658877652,0.0367209588092479,0
0.00887043921802521,0.0367263886674236,0
0.00889428413327309,0.0367318029940243,0
0.00891814133258636,0.0367372017742283,0
0.00894201081384735,0.0367425849931857,0
0.00896589257480237,0.0367479526360288,0
0.00898978661300912,0.0367533046878608,0
0.00901369292587252,0.0367586411337637,0
0.00903761151066095,0.0367639619588017,0
0.00906154236446577,0.0367692671480131,0
0.00908548548422626,0.0367745566864148,0
0.00910944086676832,0.036779830559012,0
0.0091334085087379,0.0367850887507827,0
0.00915738840665468,0.0367903312466902,0
0.00918138055689711,0.0367955580316797,0
0.00920538495572214,0.0368007690906825,0
0.00922940159921995,0.0368059644086063,0
0.00925343048338129,0.0368111439703501,0
0.00927747160405727,0.0368163077607953,0
0.00930152495697236,0.0368214557648087,0
0.00932559053771593,0.0368265879672405,0
0.0093496683417832,0.0368317043529336,0
0.00937375836452188,0.0368368049067119,0
0.00939786060117751,0.03684188961339,0
0.00942197504687427,0.0368469584577693,0
0.00944610169662661,0.0368520114246407,0
0.00947024054533923,0.0368570484987843,0
0.00949439158779856,0.0368620696649677,0
0.00951855481869335,0.0368670749079508,0
0.0095427302325985,0.0368720642124818,0
0.00956691782399809,0.0368770375633026,0
0.00959111758725633,0.0368819949451427,0
0.00961532951665333,0.0368869363427264,0
0.00963955360635705,0.0368918617407672,0
0.00966378985044786,0.0368967711239732,0
0.00968803824290888,0.0369016644770447,0
0.00971229877762745,0.0369065417846746,0
0.00973657144839247,0.0369114030315485,0
0.00976085624892397,0.0369162482023497,0
0.00978515317282028,0.0369210772817498,0
0.00980946221362031,0.0369258902544201,0
0.00983378336476259,0.0369306871050243,0
0.00985811661959786,0.0369354678182206,0
0.00988246197140745,0.0369402323786654,0
0.00990681941336359,0.0369449807710059,0
0.00993118893860372,0.0369497129798943,0
0.00995557054011713,0.0369544289899658,0
0.00997996421088855,0.0369591287858667,0
0.0100043699437699,0.0369638123522296,0
0.0100287877315552,0.0369684796736877,0
0.0100532175669771,0.0369731307348742,0
0.0100776594426703,0.0369777655204157,0
0.0101021133512092,0.0369823840149389,0
0.0101265792850956,0.0369869862030686,0
0.010151057236763,0.0369915720694285,0
0.0101755471985515,0.0369961415986367,0
0.0102000491627828,0.0370006947753193,0
0.0102245631216497,0.0370052315840904,0
0.0102490890673228,0.0370097520095714,0
0.0102736269918893,0.0370142560363803,0
0.0102981768873677,0.037018743649134,0
0.0103227387457211,0.0370232148324508,0
0.0103473125588407,0.0370276695709477,0
0.0103718983185706,0.0370321078492448,0
0.0103964960166725,0.0370365296519589,0
0.0104211056448575,0.0370409349637092,0
0.0104457271947823,0.0370453237691169,0
0.0104703606580237,0.0370496960528005,0
0.0104950060261382,0.0370540517993863,0
0.0105196632905733,0.037058390993493,0
0.0105443324427668,0.0370627136197493,0
0.010569013474065,0.0370670196627792,0
0.0105937063757887,0.0370713091072137,0
0.0106184111391781,0.0370755819376815,0
0.0106431277554281,0.0370798381388149,0
0.0106678562156845,0.0370840776952491,0
0.0106925965110412,0.0370883005916223,0
0.0107173486325258,0.0370925068125723,0
0.0107421125711353,0.0370966963427436,0
0.0107668883177936,0.0371008691667796,0
0.0107916758633922,0.0371050252693297,0
0.0108164751987607,0.0371091646350444,0
0.0108412863146918,0.0371132872485794,0
0.0108661092019083,0.0371173930945904,0
0.0108909438511032,0.0371214821577393,0
0.0109157902529287,0.0371255544226931,0
0.010940648397959,0.037129609874117,0
0.0109655182767572,0.0371336484966859,0
0.0109903998798131,0.0371376702750744,0
0.0110152931975873,0.0371416751939636,0
0.0110401982204825,0.0371456632380367,0
0.0110651149388754,0.037149634391984,0
0.0110900433430795,0.0371535886404972,0
0.0111149834233686,0.0371575259682731,0
0.0111399351699927,0.037161446360016,0
0.0111648985731228,0.0371653498004292,0
0.0111898736229268,0.0371692362742267,0
0.0112148603094972,0.0371731057661224,0
0.0112398586229106,0.0371769582608389,0
0.011264868553188,0.0371807937431015,0
0.0112898900903113,0.0371846121976409,0
0.0113149232242336,0.0371884136091947,0
0.01133996794485,0.0371921979625031,0
0.0113650242420281,0.0371959652423132,0
0.011390092105595,0.0371997154333777,0
0.011415171525334,0.0372034485204536,0
0.0114402624910039,0.037207164488306,0
0.0114653649923041,0.0372108633217021,0
0.0114904790189123,0.0372145450054175,0
0.0115156045604688,0.0372182095242333,0
0.011540741606563,0.0372218568629348,0
0.011565890146768,0.0372254870063159,0
0.0115910501706017,0.0372290999391739,0
0.0116162216675574,0.0372326956463141,0
0.0116414046270954,0.0372362741125478,0
0.0116665990386206,0.0372398353226903,0
0.0116918048915341,0.0372433792615671,0
0.0117170221751715,0.0372469059140062,0
0.0117422508788533,0.0372504152648444,0
0.011767490991867,0.0372539072989252,0
0.0117927425034475,0.0372573820010963,0
0.0118180054028154,0.0372608393562146,0
0.0118432796791505,0.0372642793491423,0
0.011868565321597,0.0372677019647486,0
0.0118938623192662,0.037271107187909,0
0.011919170661257,0.0372744950035088,0
0.0119444903365927,0.0372778653964343,0
0.0119698213343115,0.0372812183515851,0
0.0119951636433896,0.0372845538538638,0
0.01202051725278,0.0372878718881812,0
0.0120458821514161,0.0372911724394567,0
0.012071258328177,0.0372944554926138,0
0.0120966457719282,0.0372977210325857,0
0.0121220444715043,0.0373009690443126,0
0.012147454415693,0.0373041995127401,0
0.0121728755932789,0.0373074124228244,0
0.0121983079929949,0.0373106077595267,0
0.0122237516035443,0.0373137855078154,0
0.0122492064136228,0.0373169456526694,0
0.0122746724118638,0.0373200881790708,0
0.012300149586905,0.0373232130720138,0
0.0123256379273306,0.0373263203164969,0
0.0123511374217028,0.0373294098975274,0
0.0123766480585632,0.0373324818001211,0
0.0124021698264203,0.0373355360093012,0
0.0124277027137438,0.0373385725100974,0
0.0124532467089895,0.0373415912875488,0
0.0124788018005899,0.0373445923267033,0
0.0125043679769207,0.037347575612613,0
0.0125299452263701,0.0373505411303428,0
0.0125555335372703,0.0373534888649624,0
0.0125811328979258,0.0373564188015493,0
0.0126067432966402,0.0373593309251922,0
0.0126323647216584,0.0373622252209845,0
0.0126579971612275,0.0373651016740307,0
0.0126836406035425,0.0373679602694411,0
0.012709295036786,0.0373708009923353,0
0.012734960449117,0.037373623827842,0
0.0127606368286583,0.0373764287610968,0
0.012786324163513,0.0373792157772444,0
0.0128120224417588,0.037381984861438,0
0.0128377316514466,0.0373847359988392,0
0.0128634517805968,0.0373874691746173,0
0.0128891828172203,0.0373901843739519,0
0.0129149247492796,0.0373928815820289,0
0.0129406775647311,0.0373955607840445,0
0.0129664412514938,0.0373982219652023,0
0.0129922157974754,0.037400865110716,0
0.013018001190545,0.0374034902058064,0
0.0130437974185511,0.0374060972357036,0
0.0130696044693295,0.0374086861856474,0
0.0130954223306754,0.037411257040885,0
0.0131212509903654,0.0374138097866727,0
0.0131470904361557,0.0374163444082761,0
0.0131729406557752,0.0374188608909693,0
0.0131988016369231,0.0374213592200349,0
0.0132246733672998,0.0374238393807666,0
0.0132505558345449,0.0374263013584635,0
0.0132764490262997,0.0374287451384361,0
0.013302352930177,0.0374311707060036,0
0.0133282675337669,0.037433578046494,0
0.0133541928246285,0.0374359671452439,0
0.0133801287903049,0.0374383379875994,0
0.0134060754183253,0.0374406905589167,0
0.0134320326961709,0.0374430248445588,0
0.0134580006113213,0.0374453408298999,0
0.0134839791512341,0.0374476385003232,0
0.0135099683033254,0.0374499178412196,0
0.0135359680550074,0.0374521788379911,0
0.013561978393665,0.0374544214760481,0
0.0135879993066527,0.03745664574081,0
0.0136140307813194,0.0374588516177067,0
0.0136400728049645,0.0374610390921752,0
0.0136661253649027,0.0374632081496651,0
0.0136921884483928,0.0374653587756324,0
0.0137182620426913,0.0374674909555443,0
0.0137443461350247,0.0374696046748768,0
0.0137704407125999,0.0374716999191153,0
0.0137965457626122,0.0374737766737558,0
0.0138226612722067,0.0374758349243014,0
0.013848787228543,0.0374778746562675,0
0.0138749236187353,0.0374798958551774,0
0.0139010704298867,0.0374818985065646,0
0.0139272276490767,0.0374838825959721,0
0.0139533952633516,0.0374858481089518,0
0.0139795732597672,0.0374877950310672,0
0.0140057616253217,0.037489723347889,0
0.0140319603470192,0.0374916330449996,0
0.0140581694118367,0.0374935241079906,0
0.0140843888067166,0.0374953965224623,0
0.0141106185186034,0.0374972502740266,0
0.0141368585343992,0.0374990853483035,0
0.0141631088410019,0.0375009017309239,0
0.0141893694252773,0.037502699407528,0
0.0142156402740833,0.0375044783637665,0
0.0142419213742379,0.0375062385852988,0
0.0142682127125609,0.0375079800577954,0
0.014294514275844,0.0375097027669367,0
0.0143208260508511,0.0375114066984121,0
0.0143471480243276,0.0375130918379213,0
0.0143734801830112,0.0375147581711748,0
0.0143998225136062,0.037516405683892,0
0.0144261750028089,0.0375180343618035,0
0.0144525376372709,0.037519644190648,0
0.0144789104036728,0.0375212351561776,0
0.0145052932886171,0.0375228072441507,0
0.0145316862787249,0.0375243604403383,0
0.0145580893605855,0.0375258947305207,0
0.0145845025207725,0.0375274101004886,0
0.0146109257458364,0.0375289065360426,0
0.0146373590223092,0.0375303840229938,0
0.0146638023367064,0.0375318425471634,0
0.014690255675514,0.0375332820943824,0
0.0147167190252151,0.0375347026504929,0
0.0147431923722613,0.0375361042013467,0
0.0147696757030877,0.037537486732806,0
0.0147961690041136,0.0375388502307433,0
0.0148226722617298,0.0375401946810413,0
0.0148491854623283,0.0375415200695937,0
0.0148757085922516,0.0375428263823034,0
0.0149022416378616,0.0375441136050852,0
0.0149287845854545,0.0375453817238625,0
0.0149553374213595,0.0375466307245711,0
0.0149819001318401,0.0375478605931554,0
0.0150084727031742,0.0375490713155716,0
0.0150350551216061,0.0375502628777858,0
0.0150616473733581,0.0375514352657745,0
0.0150882494446471,0.0375525884655252,0
0.0151148613216639,0.0375537224630355,0
0.0151414829905739,0.0375548372443136,0
0.0151681144375424,0.0375559327953787,0
0.0151947556486932,0.0375570091022598,0
0.0152214066101484,0.0375580661509972,0
0.0152480673080136,0.0375591039276417,0
0.0152747377283602,0.0375601224182546,0
0.0153014178572561,0.0375611216089078,0
0.0153281076807362,0.0375621014856838,0
0.0153548071848401,0.0375630620346764,0
0.0153815163555727,0.0375640032419897,0
0.0154082351789122,0.037564925093738,0
0.0154349636408452,0.0375658275760475,0
0.0154617017273162,0.0375667106750542,0
0.0154884494242616,0.0375675743769052,0
0.0155152067176063,0.0375684186677586,0
0.0155419735932411,0.0375692435337831,0
0.0155687500370566,0.0375700489611584,0
0.0155955360349062,0.0375708349360747,0
0.0156223315726524,0.0375716014447337,0
0.0156491366361072,0.0375723484733471,0
0.0156759512110899,0.0375730760081384,0
0.0157027752833992,0.0375737840353417,0
0.0157296088387943,0.0375744725412015,0
0.0157564518630522,0.0375751415119743,0
0.0157833043419033,0.0375757909339267,0
0.0158101662610701,0.0375764207933366,0
0.0158370376062598,0.037577031076493,0
0.015863918363162,0.0375776217696957,0
0.0158908085174489,0.0375781928592559,0
0.015917708054768,0.0375787443314954,0
0.0159446169607601,0.0375792761727474,0
0.0159715352210403,0.037579788369356,0
0.0159984628212143,0.0375802809076767,0
0.0160253997468588,0.0375807537740757,0
0.016052345983547,0.0375812069549306,0
0.0160793015168262,0.0375816404366302,0
0.0161062663322319,0.0375820542055744,0
0.0161332404152703,0.0375824482481741,0
0.0161602237514463,0.0375828225508517,0
0.0161872163262459,0.0375831771000408,0
0.0162142181251269,0.0375835118821861,0
0.0162412291335273,0.0375838268837433,0
0.0162682493368928,0.03758412209118,0
0.0162952787206318,0.0375843974909746,0
0.0163223172701302,0.037584653069617,0
0.0163493649707866,0.0375848888136084,0
0.0163764218079418,0.0375851047094611,0
0.0164034877669596,0.0375853007436992,0
0.0164305628331518,0.0375854769028577,0
0.0164576469918415,0.0375856331734834,0
0.0164847402283267,0.0375857695421341,0
0.0165118425278745,0.0375858859953793,0
0.01653895387575,0.0375859825197998,0
0.0165660742572047,0.037586059101988,0
0.0165932036574632,0.0375861157285475,0
0.0166203420617289,0.0375861523860935,0
0.0166474894552088,0.0375861690612528,0
0.0166746458230794,0.0375861657406636,0
0.0167018111504918,0.0375861424109756,0
0.0167289854226071,0.03758609905885,0
0.0167561686245419,0.0375860356709598,0
0.016783360741415,0.0375859522339893,0
0.016810561758318,0.0375858487346346,0
0.016837771660337,0.037585725159603,0
0.0168649904325272,0.0375855814956141,0
0.0168922180599385,0.0375854177293984,0
0.016919454527605,0.0375852338476985,0
0.01694669982054,0.0375850298372686,0
0.016973953923734,0.0375848056848745,0
0.0170012168221752,0.0375845613772937,0
0.0170284885008276,0.0375842969013153,0
0.0170557689446413,0.0375840122437405,0
0.0170830581385458,0.0375837073913818,0
0.0171103560674629,0.0375833823310637,0
0.0171376627162874,0.0375830370496224,0
0.0171649780699038,0.037582671533906,0
0.0171923021131896,0.037582285770774,0
0.0172196348309834,0.0375818797470985,0
0.0172469762081346,0.0375814534497624,0
0.0172743262294496,0.0375810068656615,0
0.0173016848797457,0.0375805399817026,0
0.0173290521438044,0.0375800527848048,0
0.017356428006398,0.0375795452618991,0
0.0173838124522815,0.0375790173999283,0
0.017411205466197,0.0375784691858471,0
0.0174386070328694,0.0375779006066222,0
0.0174660171370029,0.0375773116492323,0
0.0174934357633024,0.0375767023006678,0
0.0175208628964243,0.0375760725479317,0
0.017548298521049,0.037575422378038,0
0.0175757426218098,0.0375747517780138,0
0.0176031951833409,0.0375740607348974,0
0.0176306561902554,0.0375733492357396,0
0.0176581256271443,0.0375726172676032,0
0.017685603478606,0.0375718648175625,0
0.0177130897291867,0.0375710918727051,0
0.0177405843634563,0.0375702984201293,0
0.0177680873659277,0.0375694844469469,0
0.017795598721145,0.0375686499402803,0
0.0178231184135992,0.0375677948872653,0
0.0178506464277754,0.0375669192750494,0
0.0178781827481462,0.0375660230907925,0
0.017905727359183,0.0375651063216659,0
0.0179332802453118,0.0375641689548542,0
0.017960841390962,0.0375632109775535,0
0.0179884107805515,0.0375622323769723,0
0.0180159883984687,0.0375612331403314,0
0.0180435742290885,0.0375602132548642,0
0.018071168256789,0.0375591727078154,0
0.0180987704659045,0.0375581114864432,0
0.0181263808407768,0.0375570295780171,0
0.0181539993657267,0.0375559269698194,0
0.0181816260250484,0.0375548036491449,0
0.0182092608030321,0.0375536596033004,0
0.0182369036839506,0.0375524948196052,0
0.0182645546520589,0.037551309285391,0
0.0182922136916009,0.0375501029880019,0
0.0183198807868002,0.0375488759147942,0
0.0183475559218719,0.0375476280531369,0
0.0183752390810062,0.0375463593904114,0
0.0184029302483866,0.0375450699140114,0
0.0184306294081769,0.0375437596113432,0
0.0184583365445288,0.0375424284698254,0
0.018486051641572,0.0375410764768896,0
0.0185137746834328,0.037539703619979,0
0.0185415056542132,0.0375383098865503,0
0.0185692445379973,0.0375368952640723,0
0.0185969913188758,0.0375354597400256,0
0.0186247459808827,0.0375340033019054,0
0.0186525085080846,0.0375325259372171,0
0.0186802788845028,0.0375310276334802,0
0.0187080570941464,0.0375295083782266,0
0.018735843121019,0.0375279681590005,0
0.0187636369491078,0.0375264069633586,0
0.0187914385623753,0.0375248247788709,0
0.0188192479447855,0.0375232215931192,0
0.0188470650802617,0.0375215973936993,0
0.0188748899527479,0.0375199521682178,0
0.0189027225461349,0.0375182859042962,0
0.0189305628443329,0.0375165985895666,0
0.0189584108312142,0.0375148902116753,0
0.0189862664906406,0.0375131607582811,0
0.0190141298064679,0.037511410217055,0
0.0190420007625295,0.0375096385756812,0
0.0190698793426428,0.0375078458218569,0
0.0190977655306194,0.0375060319432914,0
0.0191256593102434,0.0375041969277078,0
0.0191535606653006,0.0375023407628407,0
0.0191814695795395,0.0375004634364394,0
0.019209386036719,0.0374985649362641,0
0.0192373100205616,0.0374966452500895,0
0.0192652415147895,0.0374947043657021,0
0.0192931805031039,0.0374927422709018,0
0.0193211269691936,0.0374907589535013,0
0.0193490808967335,0.0374887544013262,0
0.0193770422693756,0.0374867286022155,0
0.0194050110707706,0.0374846815440203,0
0.0194329872845477,0.0374826132146052,0
0.01946097089432,0.037480523601848,0
0.0194889618836818,0.0374784126936396,0
0.0195169602362351,0.0374762804778823,0
0.019544965935536,0.0374741269424939,0
0.0195729789651409,0.0374719520754043,0
0.0196009993086027,0.0374697558645551,0
0.0196290269494495,0.0374675382979022,0
0.0196570618711785,0.0374652993634158,0
0.0196851040573072,0.0374630390490763,0
0.0197131534913094,0.0374607573428798,0
0.019741210156655,0.0374584542328345,0
0.0197692740368071,0.0374561297069612,0
0.0197973451151959,0.0374537837532954,0
0.0198254233752631,0.0374514163598834,0
0.0198535088004049,0.0374490275147878,0
0.0198816013740323,0.0374466172060813,0
0.0199097010795216,0.0374441854218521,0
0.0199378079002467,0.0374417321502002,0
0.0199659218195589,0.03743925737924,0
0.0199940428207995,0.0374367610970983,0
0.020022170887305,0.0374342432919147,0
0.0200503060023702,0.0374317039518443,0
0.0200784481493079,0.0374291430650528,0
0.020106597311399,0.0374265606197206,0
0.0201347534719049,0.0374239566040421,0
0.0201629166140927,0.0374213310062231,0
0.0201910867211965,0.0374186838144845,0
0.0202192637764445,0.0374160150170599,0
0.0202474477630538,0.0374133246021958,0
0.0202756386642207,0.037410612558153,0
0.0203038364631283,0.0374078788732054,0
0.0203320411429507,0.0374051235356399,0
0.0203602526868405,0.0374023465337575,0
0.0203884710779439,0.0373995478558721,0
0.020416696299391,0.0373967274903109,0
0.0204449283342888,0.0373938854254159,0
0.0204731671657446,0.0373910216495408,0
0.0205014127768454,0.0373881361510537,0
0.020529665150655,0.0373852289183371,0
0.0205579242702447,0.0373822999397846,0
0.0205861901186498,0.0373793492038058,0
0.0206144626788979,0.0373763766988234,0
0.02064274193402,0.0373733824132715,0
0.0206710278670061,0.0373703663356009,0
0.0206993204608462,0.0373673284542743,0
0.0207276196985193,0.037364268757768,0
0.0207559255629816,0.0373611872345725,0
0.0207842380371939,0.0373580838731904,0
0.0208125571040672,0.0373549586621414,0
0.0208408827465364,0.0373518115899551,0
0.0208692149475081,0.0373486426451762,0
0.0208975536898645,0.0373454518163643,0
0.0209258989564897,0.0373422390920909,0
0.0209542507302442,0.0373390044609425,0
0.0209826089939862,0.0373357479115179,0
0.0210109737305436,0.0373324694324315,0
0.0210393449227416,0.0373291690123103,0
0.021067722553399,0.0373258466397941,0
0.0210961066052904,0.0373225023035402,0
0.0211244970612224,0.0373191359922143,0
0.0211528939039431,0.0373157476945011,0
0.0211812971162192,0.0373123373990954,0
0.0212097066807831,0.0373089050947083,0
0.0212381225803714,0.0373054507700625,0
0.0212665447976897,0.0373019744138968,0
0.0212949733154394,0.0372984760149628,0
0.0213234081163114,0.0372949555620254,0
0.0213518491829726,0.0372914130438649,0
0.0213802964980875,0.037287848449274,0
0.0214087500442946,0.0372842617670609,0
0.0214372098042353,0.0372806529860458,0
0.0214656757605237,0.0372770220950644,0
0.0214941478957587,0.0372733690829669,0
0.0215226261925415,0.0372696939386152,0
0.0215511106334459,0.037265996650887,0
0.021579601201036,0.0372622772086738,0
0.0216080978778672,0.0372585356008802,0
0.0216366006464725,0.0372547718164261,0
0.0216651094893736,0.0372509858442453,0
0.021693624389089,0.0372471776732841,0
0.0217221453281117,0.0372433472925048,0
0.0217506722889283,0.0372394946908826,0
0.0217792052540067,0.0372356198574076,0
0.0218077442058009,0.0372317227810842,0
0.0218362891267661,0.0372278034509287,0
0.0218648399993222,0.0372238618559748,0
0.0218933968058912,0.0372198979852682,0
0.0219219595288748,0.0372159118278696,0
0.0219505281506668,0.0372119033728534,0
0.0219791026536445,0.0372078726093084,0
0.0220076830201683,0.0372038195263382,0
0.0220362692325932,0.0371997441130595,0
0.0220648612732547,0.0371956463586044,0
0.022093459124479,0.0371915262521182,0
0.0221220627685731,0.0371873837827617,0
0.0221506721878398,0.0371832189397086,0
0.0221792873645638,0.0371790317121476,0
0.0222079082810157,0.0371748220892818,0
0.0222365349194512,0.0371705900603289,0
0.0222651672621207,0.0371663356145197,0
0.0222938052912517,0.0371620587411011,0
0.0223224489890703,0.0371577594293321,0
0.0223510983377729,0.0371534376684891,0
0.0223797533195606,0.0371490934478599,0
0.0224084139166155,0.0371447267567476,0
0.0224370801110882,0.0371403375844726,0
0.0224657518851516,0.0371359259203642,0
0.0224944292209389,0.0371314917537705,0
0.0225231121005727,0.0371270350740534,0
0.0225518005061777,0.0371225558705871,0
0.0225804944198552,0.0371180541327617,0
0.0226091938236769,0.0371135298499847,0
0.0226378986997435,0.0371089830116712,0
0.0226666090301,0.0371044136072577,0
0.0226953247968017,0.0370998216261915,0
0.0227240459818906,0.0370952070579347,0
0.0227527725673829,0.0370905698919657,0
0.0227815045352953,0.0370859101177755,0
0.0228102418676241,0.0370812277248708,0
0.0228389845463525,0.0370765227027732,0
0.0228677325534587,0.0370717950410172,0
0.0228964858709015,0.0370670447291534,0
0.0229252444806231,0.0370622717567473,0
0.022954008364561,0.037057476113378,0
0.0229827775046359,0.0370526577886398,0
0.0230115518827574,0.0370478167721412,0
0.0230403314808217,0.0370429530535059,0
0.0230691162807044,0.0370380666223732,0
0.0230979062642926,0.0370331574683934,0
0.0231267014134258,0.0370282255812371,0
0.0231555017099597,0.0370232709505848,0
0.0231843071357215,0.0370182935661346,0
0.0232131176725369,0.0370132934175973,0
0.023241933302202,0.0370082704947015,0
0.0232707540065223,0.0370032247871866,0
0.0232995797672722,0.0369981562848101,0
0.0233284105662278,0.0369930649773418,0
0.0233572463851338,0.0369879508545697,0
0.0233860872057435,0.0369828139062928,0
0.0234149330097788,0.0369776541223283,0
0.0234437837789766,0.0369724714925033,0
0.0234726394950172,0.0369672660066678,0
0.0235015001396134,0.0369620376546785,0
0.0235303656944439,0.0369567864264107,0
0.0235592361411657,0.0369515123117567,0
0.0235881114614421,0.03694621530062,0
0.0236169916369262,0.0369408953829186,0
0.0236458766492214,0.0369355525485925,0
0.0236747664799778,0.0369301867875855,0
0.0237036611107799,0.0369247980898665,0
0.0237325605232299,0.0369193864454134,0
0.023768348680605,0.0369126542549064,0
