-0.02531797,0.03253313,-0
-0.02528767,0.03254495,-0
-0.0252583,0.03255639,-0
-0.0252291,0.03256774,-0
-0.0251988,0.03257948,-0
-0.02517215,0.0325898,-0
-0.02514249,0.03260124,-0
-0.02510957,0.0326139,-0
-0.02508743,0.03262243,-0
-0.0250526,0.03263575,-0
-0.02502532,0.03264619,-0
-0.02499691,0.03265702,-0
-0.0249656,0.03266893,-0
-0.02493929,0.03267893,-0
-0.02490797,0.03269078,-0
-0.0248786,0.03270188,-0
-0.02484903,0.03271303,-0
-0.02482292,0.03272286,-0
-0.02479209,0.03273442,-0
-0.02476196,0.03274569,-0
-0.02473268,0.03275663,-0
-0.02470304,0.03276767,-0
-0.02467694,0.03277738,-0
-0.02464544,0.03278904,-0
-0.0246154,0.03280016,-0
-0.02458742,0.03281049,-0
-0.02455899,0.03282095,-0
-0.02452901,0.03283196,-0
-0.02449941,0.0328428,-0
-0.02447017,0.03285349,-0
-0.02444055,0.03286429,-0
-0.02441352,0.03287412,-0
-0.02438162,0.03288569,-0
-0.02435288,0.03289609,-0
-0.0243246,0.03290631,-0
-0.02429482,0.03291703,-0
-0.02426661,0.03292717,-0
-0.02423454,0.03293866,-0
-0.024207,0.03294851,-0
-0.02417809,0.03295882,-0
-0.02414862,0.03296931,-0
-0.02412182,0.03297882,-0
-0.02408876,0.03299052,-0
-0.02406055,0.03300048,-0
-0.02403202,0.03301053,-0
-0.02400067,0.03302155,-0
-0.02397373,0.033031,-0
-0.02394596,0.03304071,-0
-0.02391451,0.03305167,-0
-0.02388564,0.03306171,-0
-0.02385418,0.03307262,-0
-0.02382778,0.03308177,-0
-0.02379578,0.03309281,-0
-0.02376869,0.03310215,-0
-0.02373625,0.03311329,-0
-0.02371122,0.03312188,-0
-0.02367906,0.03313287,-0
-0.0236528,0.03314182,-0
-0.02362035,0.03315285,-0
-0.0235941,0.03316176,-0
-0.02356191,0.03317264,-0
-0.02353195,0.03318275,-0
-0.02350486,0.03319188,-0
-0.02347558,0.03320171,-0
-0.02344519,0.03321188,-0
-0.02341784,0.03322102,-0
-0.02338564,0.03323174,-0
-0.02335871,0.03324069,-0
-0.02332664,0.03325131,-0
-0.02330013,0.03326008,-0
-0.02326889,0.03327037,-0
-0.02324015,0.03327983,-0
-0.02321183,0.03328912,-0
-0.02317948,0.03329969,-0
-0.02315215,0.03330861,-0
-0.02312187,0.03331847,-0
-0.0230948,0.03332725,-0
-0.02306242,0.03333772,-0
-0.02303707,0.03334592,-0
-0.02300523,0.03335616,-0
-0.02297566,0.03336565,-0
-0.02294834,0.0333744,-0
-0.02291453,0.03338519,-0
-0.02289004,0.033393,-0
-0.0228572,0.03340342,-0
-0.02282945,0.03341221,-0
-0.02279806,0.03342213,-0
-0.02277128,0.03343057,-0
-0.02274198,0.03343978,-0
-0.02271227,0.03344908,-0
-0.02268186,0.03345858,-0
-0.02265282,0.03346763,-0
-0.02262325,0.03347682,-0
-0.02259309,0.03348617,-0
-0.02256632,0.03349444,-0
-0.02253251,0.03350485,-0
-0.0225079,0.03351243,-0
-0.02247546,0.03352237,-0
-0.02244699,0.03353107,-0
-0.0224169,0.03354024,-0
-0.02239002,0.03354841,-0
-0.02235795,0.03355813,-0
-0.02232943,0.03356675,-0
-0.02230038,0.03357551,-0
-0.02227056,0.03358447,-0
-0.02224129,0.03359324,-0
-0.02220984,0.03360263,-0
-0.02218518,0.03360999,-0
-0.02215159,0.03361996,-0
-0.02212249,0.03362858,-0
-0.02209562,0.03363653,-0
-0.02206473,0.03364562,-0
-0.02203601,0.03365406,-0
-0.02200413,0.03366339,-0
-0.0219764,0.03367149,-0
-0.02194781,0.03367982,-0
-0.02191861,0.0336883,-0
-0.02188611,0.0336977,-0
-0.02186085,0.033705,-0
-0.02182956,0.033714,-0
-0.02179964,0.03372258,-0
-0.02176958,0.03373118,-0
-0.02174187,0.03373909,-0
-0.02171156,0.03374771,-0
-0.02168163,0.0337562,-0
-0.02165183,0.03376462,-0
-0.02162436,0.03377237,-0
-0.0215937,0.03378098,-0
-0.02156364,0.0337894,-0
-0.02153656,0.03379698,-0
-0.02150489,0.03380579,-0
-0.02147658,0.03381366,-0
-0.02144589,0.03382215,-0
-0.02141598,0.03383041,-0
-0.02138876,0.0338379,-0
-0.02135975,0.03384585,-0
-0.02132666,0.03385489,-0
-0.02129974,0.03386224,-0
-0.02126921,0.03387054,-0
-0.0212395,0.03387859,-0
-0.02121209,0.033886,-0
-0.0211804,0.03389453,-0
-0.02115224,0.03390209,-0
-0.02112368,0.03390973,-0
-0.0210924,0.03391808,-0
-0.02106268,0.03392598,-0
-0.02103441,0.03393348,-0
-0.02100714,0.03394068,-0
-0.02097382,0.03394945,-0
-0.02094526,0.03395696,-0
-0.02091743,0.03396425,-0
-0.02088566,0.03397253,-0
-0.020856,0.03398025,-0
-0.02083016,0.03398696,-0
-0.0207978,0.0339953,-0
-0.02076846,0.03400286,-0
-0.02074126,0.03400985,-0
-0.02070778,0.03401841,-0
-0.02068108,0.03402523,-0
-0.02065134,0.03403279,-0
-0.02062292,0.03403999,-0
-0.02059131,0.03404797,-0
-0.0205631,0.03405508,-0
-0.02053159,0.03406298,-0
-0.02050647,0.03406927,-0
-0.02047376,0.03407741,-0
-0.0204438,0.03408486,-0
-0.0204145,0.03409212,-0
-0.02038398,0.03409965,-0
-0.02035878,0.03410586,-0
-0.02032583,0.03411392,-0
-0.02029698,0.03412097,-0
-0.02026969,0.03412762,-0
-0.02023764,0.03413539,-0
-0.02020756,0.03414267,-0
-0.02018117,0.03414903,-0
-0.02014865,0.03415683,-0
-0.02012138,0.03416337,-0
-0.0200911,0.03417058,-0
-0.02005982,0.03417801,-0
-0.02003466,0.03418399,-0
-0.02000192,0.0341917,-0
-0.01997299,0.0341985,-0
-0.01994361,0.03420539,-0
-0.01991422,0.03421226,-0
-0.01988509,0.03421903,-0
-0.01985513,0.03422598,-0
-0.01982338,0.03423332,-0
-0.01979732,0.03423933,-0
-0.01976519,0.03424669,-0
-0.01973907,0.03425267,-0
-0.01970897,0.03425952,-0
-0.01967771,0.03426661,-0
-0.01964736,0.03427347,-0
-0.01961965,0.03427972,-0
-0.01959038,0.03428629,-0
-0.01956081,0.0342929,-0
-0.01953074,0.0342996,-0
-0.01950157,0.03430608,-0
-0.01946941,0.03431319,-0
-0.01944273,0.03431908,-0
-0.01941286,0.03432564,-0
-0.01938531,0.03433166,-0
-0.01935265,0.03433877,-0
-0.01932509,0.03434476,-0
-0.01929624,0.034351,-0
-0.01926598,0.03435751,-0
-0.01923393,0.03436439,-0
-0.01920637,0.03437029,-0
-0.01917714,0.03437652,-0
-0.01914799,0.0343827,-0
-0.01911674,0.03438931,-0
-0.01908929,0.03439509,-0
-0.01906056,0.03440112,-0
-0.01902894,0.03440772,-0
-0.0190006,0.03441361,-0
-0.01896873,0.03442022,-0
-0.01894207,0.03442573,-0
-0.01891393,0.03443152,-0
-0.0188825,0.03443795,-0
-0.01885145,0.03444428,-0
-0.01882547,0.03444957,-0
-0.01879251,0.03445622,-0
-0.01876309,0.03446216,-0
-0.01873676,0.03446745,-0
-0.01870435,0.03447393,-0
-0.01867711,0.03447935,-0
-0.01864589,0.03448554,-0
-0.01861675,0.0344913,-0
-0.01858862,0.03449683,-0
-0.01855667,0.03450308,-0
-0.01852991,0.03450831,-0
-0.01849778,0.03451455,-0
-0.01847094,0.03451975,-0
-0.01844029,0.03452564,-0
-0.01840895,0.03453165,-0
-0.0183825,0.03453671,-0
-0.01835138,0.03454263,-0
-0.01832331,0.03454795,-0
-0.01829279,0.0345537,-0
-0.01826455,0.034559,-0
-0.01823526,0.03456447,-0
-0.01820389,0.03457031,-0
-0.01817329,0.03457598,-0
-0.01814581,0.03458106,-0
-0.0181167,0.0345864,-0
-0.01808725,0.03459179,-0
-0.01805606,0.03459746,-0
-0.01803012,0.03460217,-0
-0.01799726,0.03460809,-0
-0.01796916,0.03461314,-0
-0.01794182,0.03461803,-0
-0.0179082,0.03462401,-0
-0.01788028,0.03462896,-0
-0.01785154,0.03463404,-0
-0.01781992,0.03463959,-0
-0.01779294,0.03464431,-0
-0.01776421,0.03464931,-0
-0.01773412,0.03465451,-0
-0.01770294,0.03465988,-0
-0.01767591,0.03466453,-0
-0.01764406,0.03466996,-0
-0.01761582,0.03467476,-0
-0.01758772,0.03467952,-0
-0.0175558,0.03468488,-0
-0.01752664,0.03468977,-0
-0.01749794,0.03469456,-0
-0.01746925,0.03469932,-0
-0.01743841,0.03470441,-0
-0.01741065,0.03470897,-0
-0.0173802,0.03471395,-0
-0.01735021,0.03471883,-0
-0.01732239,0.03472333,-0
-0.01729048,0.03472847,-0
-0.01726445,0.03473265,-0
-0.0172344,0.03473744,-0
-0.01720148,0.03474265,-0
-0.01717562,0.03474675,-0
-0.01714449,0.03475163,-0
-0.01711686,0.03475595,-0
-0.01708473,0.03476094,-0
-0.01705625,0.03476535,-0
-0.017028,0.0347697,-0
-0.01699845,0.03477422,-0
-0.01696748,0.03477893,-0
-0.01694139,0.03478289,-0
-0.01690863,0.03478781,-0
-0.01688197,0.03479181,-0
-0.01684942,0.03479666,-0
-0.01682162,0.03480078,-0
-0.01679284,0.03480503,-0
-0.01676122,0.03480966,-0
-0.01673598,0.03481335,-0
-0.01670177,0.0348183,-0
-0.01667567,0.03482208,-0
-0.01664545,0.03482641,-0
-0.0166155,0.03483067,-0
-0.01658689,0.03483474,-0
-0.01655749,0.03483888,-0
-0.01652916,0.03484285,-0
-0.01649634,0.03484742,-0
-0.01646969,0.03485113,-0
-0.01644037,0.03485516,-0
-0.01640937,0.03485941,-0
-0.0163826,0.03486306,-0
-0.01635086,0.03486735,-0
-0.01632236,0.03487119,-0
-0.01629294,0.03487513,-0
-0.01626189,0.03487926,-0
-0.01623535,0.03488278,-0
-0.01620524,0.03488673,-0
-0.01617683,0.03489044,-0
-0.01614473,0.0348946,-0
-0.01611834,0.03489801,-0
-0.01608801,0.0349019,-0
-0.01605822,0.03490569,-0
-0.01602765,0.03490956,-0
-0.01600116,0.0349129,-0
-0.01596849,0.03491698,-0
-0.01594112,0.03492039,-0
-0.0159124,0.03492393,-0
-0.01588246,0.0349276,-0
-0.01585239,0.03493126,-0
-0.01582322,0.0349348,-0
-0.0157947,0.03493823,-0
-0.01576565,0.0349417,-0
-0.01573709,0.03494509,-0
-0.01570361,0.03494903,-0
-0.01568056,0.03495174,-0
-0.0156453,0.03495582,-0
-0.01561848,0.03495893,-0
-0.01559024,0.03496217,-0
-0.01555853,0.03496578,-0
-0.01553101,0.03496889,-0
-0.01550083,0.03497228,-0
-0.01547271,0.03497542,-0
-0.01544438,0.03497855,-0
-0.01541252,0.03498205,-0
-0.01538589,0.03498496,-0
-0.01535236,0.03498858,-0
-0.01532589,0.03499144,-0
-0.01529758,0.03499446,-0
-0.01526764,0.03499763,-0
-0.0152384,0.0350007,-0
-0.01520737,0.03500394,-0
-0.01517928,0.03500685,-0
-0.01515015,0.03500985,-0
-0.01512069,0.03501285,-0
-0.01509363,0.03501559,-0
-0.01505905,0.03501905,-0
-0.01503546,0.03502142,-0
-0.01500359,0.03502455,-0
-0.01497517,0.03502734,-0
-0.01494622,0.03503015,-0
-0.01491437,0.03503322,-0
-0.01488805,0.03503574,-0
-0.01485888,0.03503851,-0
-0.01482899,0.03504131,-0
-0.01479784,0.03504422,-0
-0.01476904,0.03504688,-0
-0.01474169,0.0350494,-0
-0.01471166,0.03505212,-0
-0.0146835,0.03505466,-0
-0.01465249,0.03505743,-0
-0.0146245,0.0350599,-0
-0.01459463,0.03506252,-0
-0.01456631,0.03506498,-0
-0.01453452,0.03506772,-0
-0.01450833,0.03506996,-0
-0.01447918,0.03507242,-0
-0.01444761,0.03507506,-0
-0.01442007,0.03507735,-0
-0.0143913,0.03507971,-0
-0.01436139,0.03508215,-0
-0.01433326,0.03508441,-0
-0.01430137,0.03508695,-0
-0.01427429,0.0350891,-0
-0.01424532,0.03509136,-0
-0.01421709,0.03509355,-0
-0.01418466,0.03509603,-0
-0.01415732,0.03509811,-0
-0.01412658,0.03510041,-0
-0.01410323,0.03510216,-0
-0.01406769,0.03510475,-0
-0.01403973,0.03510679,-0
-0.01401066,0.03510888,-0
-0.0139846,0.03511074,-0
-0.01395462,0.03511284,-0
-0.01392294,0.03511504,-0
-0.01389321,0.03511708,-0
-0.01386867,0.03511876,-0
-0.01383714,0.03512087,-0
-0.01380814,0.03512279,-0
-0.01377557,0.03512492,-0
-0.01375219,0.03512646,-0
-0.01372245,0.03512835,-0
-0.01368785,0.03513052,-0
-0.0136627,0.03513211,-0
-0.0136348,0.03513383,-0
-0.01360585,0.03513559,-0
-0.01357327,0.03513753,-0
-0.01354637,0.03513914,-0
-0.01351736,0.03514083,-0
-0.01348859,0.03514249,-0
-0.01345778,0.03514424,-0
-0.01342899,0.03514586,-0
-0.01340298,0.0351473,-0
-0.01337037,0.03514907,-0
-0.01334433,0.03515048,-0
-0.01331454,0.03515205,-0
-0.01328301,0.03515369,-0
-0.01325505,0.03515513,-0
-0.01322816,0.0351565,-0
-0.01319843,0.03515797,-0
-0.01316672,0.03515952,-0
-0.01313894,0.03516086,-0
-0.01311387,0.03516206,-0
-0.01308145,0.03516356,-0
-0.01305075,0.03516496,-0
-0.0130238,0.03516618,-0
-0.01299415,0.0351675,-0
-0.01296444,0.03516879,-0
-0.01293857,0.0351699,-0
-0.01290693,0.03517122,-0
-0.01287917,0.03517237,-0
-0.01284852,0.0351736,-0
-0.0128198,0.03517474,-0
-0.01279202,0.03517582,-0
-0.01276338,0.0351769,-0
-0.01273271,0.03517804,-0
-0.01270408,0.03517909,-0
-0.01267915,0.03517998,-0
-0.01264473,0.03518116,-0
-0.01261891,0.03518206,-0
-0.01259121,0.03518298,-0
-0.01255874,0.03518402,-0
-0.01253107,0.0351849,-0
-0.0125033,0.03518576,-0
-0.01247093,0.03518673,-0
-0.01244697,0.03518745,-0
-0.01241267,0.03518841,-0
-0.01238493,0.03518919,-0
-0.01235826,0.03518992,-0
-0.01233061,0.03519064,-0
-0.01230105,0.03519139,-0
-0.01227147,0.03519211,-0
-0.01224099,0.03519283,-0
-0.01221146,0.03519352,-0
-0.01218571,0.0351941,-0
-0.01215423,0.03519477,-0
-0.0121257,0.03519536,-0
-0.01209907,0.03519589,-0
-0.01206953,0.03519646,-0
-0.01204103,0.03519697,-0
-0.01201054,0.03519751,-0
-0.01198203,0.03519799,-0
-0.01195443,0.03519843,-0
-0.01192307,0.0351989,-0
-0.01189646,0.03519929,-0
-0.01186506,0.03519972,-0
-0.01183945,0.03520005,-0
-0.01180904,0.03520041,-0
-0.01177862,0.03520076,-0
-0.01175401,0.03520102,-0
-0.01172361,0.03520131,-0
-0.01169611,0.03520155,-0
-0.01166381,0.03520181,-0
-0.01163826,0.035202,-0
-0.01160593,0.03520221,-0
-0.01157847,0.03520237,-0
-0.01155102,0.03520251,-0
-0.01151871,0.03520264,-0
-0.01149419,0.03520273,-0
-0.01146287,0.03520281,-0
-0.01143544,0.03520286,-0
-0.01140706,0.03520289,-0
-0.01137771,0.0352029,-0
-0.0113513,0.03520289,-0
-0.01131608,0.03520283,-0
-0.01129458,0.0352028,-0
-0.01126035,0.03520269,-0
-0.01123494,0.03520261,-0
-0.01120367,0.03520247,-0
-0.01117829,0.03520234,-0
-0.01114703,0.03520215,-0
-0.01112068,0.03520197,-0
-0.01108943,0.03520173,-0
-0.01106309,0.03520151,-0
-0.01102891,0.03520119,-0
-0.01100554,0.03520098,-0
-0.0109763,0.03520066,-0
-0.01094999,0.03520035,-0
-0.01091782,0.03519995,-0
-0.0108856,0.03519953,-0
-0.01086231,0.03519922,-0
-0.01083112,0.03519876,-0
-0.01080684,0.03519839,-0
-0.01077268,0.03519783,-0
-0.01074746,0.03519741,-0
-0.01071827,0.03519689,-0
-0.01068809,0.03519633,-0
-0.01065991,0.03519579,-0
-0.01063272,0.03519524,-0
-0.01060355,0.03519463,-0
-0.01057343,0.03519397,-0
-0.01054524,0.03519335,-0
-0.01051714,0.03519269,-0
-0.01048899,0.03519202,-0
-0.01046287,0.03519137,-0
-0.0104298,0.03519052,-0
-0.0104056,0.03518989,-0
-0.01037554,0.03518906,-0
-0.01034349,0.03518816,-0
-0.01031535,0.03518736,-0
-0.01028828,0.03518657,-0
-0.01026026,0.03518572,-0
-0.01023219,0.03518485,-0
-0.01020507,0.03518399,-0
-0.01017312,0.03518293,-0
-0.01014605,0.03518204,-0
-0.01011807,0.03518108,-0
-0.01008598,0.03517995,-0
-0.01006303,0.03517915,-0
-0.01003099,0.03517796,-0
-0.01000402,0.03517696,-0
-0.009972018,0.03517574,-0
-0.009949103,0.03517486,-0
-0.009916065,0.03517354,-0
-0.009890122,0.0351725,-0
-0.00986227,0.03517134,-0
-0.009830158,0.03516999,-0
-0.009806376,0.03516898,-0
-0.009774367,0.03516758,-0
-0.009744473,0.03516625,-0
-0.009720648,0.03516519,-0
-0.009688588,0.03516371,-0
-0.009662916,0.03516252,-0
-0.009632884,0.03516109,-0
-0.009607052,0.03515984,-0
-0.00957216,0.03515812,-0
-0.009546258,0.03515684,-0
-0.009523659,0.03515571,-0
-0.00948756,0.03515383,-0
-0.009461807,0.0351525,-0
-0.009434002,0.03515103,-0
-0.009406209,0.03514954,-0
-0.009378467,0.03514803,-0
-0.009347606,0.03514632,-0
-0.009320821,0.03514482,-0
-0.009292078,0.03514318,-0
-0.009261305,0.03514141,-0
-0.009233519,0.0351398,-0
-0.009210872,0.03513847,-0
-0.009179174,0.03513655,-0
-0.009147243,0.03513461,-0
-0.009120559,0.03513297,-0
-0.009097112,0.03513152,-0
-0.009065267,0.0351295,-0
-0.009034479,0.03512753,-0
-0.009007823,0.03512581,-0
-0.008980129,0.035124,-0
-0.008949586,0.03512198,-0
-0.008923887,0.03512027,-0
-0.008894237,0.03511826,-0
-0.008866668,0.03511637,-0
-0.008839977,0.03511452,-0
-0.008808311,0.0351123,-0
-0.00878184,0.03511043,-0
-0.008753151,0.03510838,-0
-0.008725593,0.03510638,-0
-0.008696094,0.03510422,-0
-0.008667354,0.0351021,-0
-0.008640862,0.03510012,-0
-0.008613399,0.03509805,-0
-0.008582767,0.0350957,-0
-0.008554365,0.03509352,-0
-0.008525855,0.0350913,-0
-0.008500273,0.0350893,-0
-0.008469738,0.03508687,-0
-0.008442346,0.03508467,-0
-0.008412736,0.03508228,-0
-0.008383246,0.03507987,-0
-0.00835891,0.03507787,-0
-0.008329509,0.03507542,-0
-0.008300035,0.03507295,-0
-0.008274618,0.03507079,-0
-0.008245225,0.03506828,-0
-0.008214663,0.03506563,-0
-0.008186233,0.03506316,-0
-0.008160003,0.03506086,-0
-0.008129495,0.03505815,-0
-0.008105484,0.03505602,-0
-0.008074847,0.03505324,-0
-0.00804547,0.03505057,-0
-0.008018233,0.03504808,-0
-0.007990748,0.03504554,-0
-0.007962718,0.03504292,-0
-0.007932099,0.03504004,-0
-0.00790491,0.03503747,-0
-0.007877633,0.03503487,-0
-0.007850498,0.03503225,-0
-0.007816944,0.03502899,-0
-0.007793839,0.03502674,-0
-0.007764875,0.03502388,-0
-0.007736303,0.03502104,-0
-0.007709232,0.03501833,-0
-0.007676784,0.03501505,-0
-0.00765394,0.03501274,-0
-0.007621538,0.03500941,-0
-0.007596383,0.03500683,-0
-0.00756727,0.0350038,-0
-0.007539311,0.03500087,-0
-0.007508679,0.03499763,-0
-0.007484913,0.03499512,-0
-0.007451662,0.03499155,-0
-0.00742749,0.03498896,-0
-0.007398532,0.03498581,-0
-0.007369318,0.03498262,-0
-0.00734238,0.03497966,-0
-0.007312117,0.0349763,-0
-0.007283019,0.03497306,-0
-0.007260407,0.03497053,-0
-0.007224839,0.0349665,-0
-0.007203234,0.03496405,-0
-0.007171017,0.03496035,-0
-0.007144989,0.03495736,-0
-0.00711504,0.03495388,-0
-0.007088061,0.03495073,-0
-0.007057916,0.03494719,-0
-0.00703438,0.03494442,-0
-0.007001142,0.03494044,-0
-0.006977385,0.03493761,-0
-0.006944114,0.03493359,-0
-0.006920645,0.03493075,-0
-0.00688844,0.03492682,-0
-0.00686388,0.03492381,-0
-0.006832694,0.03491995,-0
-0.006803692,0.03491635,-0
-0.00677898,0.03491328,-0
-0.006750467,0.03490969,-0
-0.006723653,0.03490629,-0
-0.006688345,0.03490179,-0
-0.006665698,0.03489891,-0
-0.006637156,0.03489524,-0
-0.006605146,0.03489109,-0
-0.006583627,0.0348883,-0
-0.00654834,0.03488367,-0
-0.006523135,0.03488037,-0
-0.006493102,0.0348764,-0
-0.006469694,0.03487329,-0
-0.00643572,0.03486874,-0
-0.006409014,0.03486516,-0
-0.006383573,0.03486172,-0
-0.006352651,0.03485752,-0
-0.006327251,0.03485405,-0
-0.006296536,0.03484983,-0
-0.00626678,0.03484572,-0
-0.006239087,0.03484188,-0
-0.006210539,0.03483791,-0
-0.006184201,0.03483422,-0
-0.006154247,0.03483,-0
-0.006128265,0.03482633,-0
-0.006092809,0.03482128,-0
-0.006073201,0.03481849,-0
-0.006037128,0.0348133,-0
-0.006011653,0.03480963,-0
-0.005986409,0.03480598,-0
-0.005954748,0.03480136,-0
-0.005927307,0.03479734,-0
-0.005895736,0.0347927,-0
-0.005870579,0.034789,-0
-0.005839892,0.03478444,-0
-0.005810452,0.03478006,-0
-0.005786415,0.03477647,-0
-0.005750592,0.03477107,-0
-0.005729686,0.03476793,-0
-0.005694682,0.03476261,-0
-0.00566656,0.03475834,-0
-0.005644091,0.03475491,-0
-0.005609844,0.03474963,-0
-0.005581691,0.0347453,-0
-0.00555145,0.03474062,-0
-0.005522016,0.03473604,-0
-0.005496028,0.034732,-0
-0.005468268,0.03472765,-0
-0.005432867,0.03472207,-0
-0.005411957,0.03471878,-0
-0.005375725,0.03471302,-0
-0.005348963,0.03470878,-0
-0.005319812,0.03470412,-0
-0.00528733,0.03469892,-0
-0.005260355,0.03469459,-0
-0.005233571,0.03469028,-0
-0.005200021,0.03468484,-0
-0.005174297,0.03468066,-0
-0.00514123,0.03467527,-0
-0.005115111,0.03467101,-0
-0.005082913,0.03466572,-0
-0.005055238,0.03466117,-0
-0.005024372,0.03465606,-0
-0.004992764,0.03465083,-0
-0.004965438,0.0346463,-0
-0.004934286,0.0346411,-0
-0.004902288,0.03463575,-0
-0.004871051,0.03463053,-0
-0.004841261,0.03462553,-0
-0.004813798,0.03462091,-0
-0.004781088,0.03461539,-0
-0.004747264,0.03460966,-0
-0.004724681,0.03460585,-0
-0.004687289,0.03459948,-0
-0.004656499,0.03459424,-0
-0.00462704,0.03458921,-0
-0.004592758,0.03458335,-0
-0.004568065,0.03457913,-0
-0.00453184,0.03457289,-0
-0.004496498,0.03456682,-0
-0.004468775,0.03456206,-0
-0.00443653,0.03455649,-0
-0.004402266,0.03455057,-0
-0.00437225,0.03454539,-0
-0.00433729,0.03453933,-0
-0.004304139,0.0345336,-0
-0.004270503,0.03452777,-0
-0.004233352,0.03452133,-0
-0.00420098,0.03451574,-0
-0.004163996,0.03450934,-0
-0.004128553,0.03450322,-0
-0.004096617,0.03449771,-0
-0.004059187,0.03449124,-0
-0.004016854,0.03448395,-0
-0.003986385,0.03447873,-0
-0.003944993,0.03447162,-0
-0.003910381,0.0344657,-0
-0.003876029,0.03445983,-0
-0.003834432,0.03445273,-0
-0.003804364,0.03444761,-0
-0.003766487,0.03444116,-0
-0.003727296,0.0344345,-0
-0.003696171,0.03442922,-0
-0.00365516,0.03442226,-0
-0.003624393,0.03441705,-0
-0.003590158,0.03441124,-0
-0.003556178,0.03440548,-0
-0.003522687,0.0343998,-0
-0.003489258,0.03439412,-0
-0.003457656,0.03438874,-0
-0.00342036,0.03438239,-0
-0.003393538,0.03437783,-0
-0.003355791,0.03437138,-0
-0.003328961,0.0343668,-0
-0.003286709,0.03435955,-0
-0.003258992,0.03435482,-0
-0.003223251,0.03434868,-0
-0.003194546,0.03434376,-0
-0.003153177,0.03433663,-0
-0.003122927,0.03433144,-0
-0.003085739,0.03432504,-0
-0.003053844,0.03431956,-0
-0.003012128,0.03431238,-0
-0.0029769,0.03430634,-0
-0.002938525,0.03429977,-0
-0.002894312,0.03429221,-0
-0.002858905,0.03428619,-0
-0.002817342,0.03427913,-0
-0.002773148,0.03427166,-0
-0.002734847,0.03426522,-0
-0.002688073,0.03425739,-0
-0.002642383,0.03424979,-0
-0.002597992,0.03424247,-0
-0.00255033,0.03423465,-0
-0.002502014,0.0342268,-0
-0.002453566,0.034219,-0
-0.002402266,0.03421083,-0
-0.002346562,0.03420206,-0
-0.002292562,0.03419369,-0
-0.002239623,0.03418558,-0
-0.002173912,0.03417569,-0
-0.002115508,0.03416708,-0
-0.002050868,0.03415773,-0
-0.001983595,0.03414823,-0
-0.001919157,0.03413935,-0
-0.001848929,0.03412992,-0
-0.001773433,0.03412009,-0
-0.001699141,0.03411074,-0
-0.001623043,0.0341015,-0
-0.001541769,0.03409201,-0
-0.001462641,0.03408316,-0
-0.001368453,0.03407314,-0
-0.001282295,0.0340645,-0
-0.001188956,0.03405568,-0
-0.001082941,0.0340464,-0
-0.0009771266,0.03403794,-0
-0.0008698467,0.03403019,-0
-0.0007499346,0.03402254,-0
-0.0006292431,0.03401594,-0
-0.0005040792,0.03401027,-0
-0.0003673476,0.03400549,-0
-0.0002307997,0.03400219,-0
-8.454655e-05,0.03400033,-0
5.818013e-05,0.03400018,0
0.0002087367,0.03400183,0
0.0003659478,0.03400557,0
0.0005244729,0.03401142,0
0.0006787005,0.03401914,0
0.0008320864,0.0340288,0
0.0009886698,0.0340407,0
0.001142468,0.03405441,0
0.001285294,0.03406893,0
0.001428954,0.03408525,0
0.00156515,0.03410232,0
0.001695982,0.03412016,0
0.001821171,0.03413856,0
0.00193527,0.03415643,0
0.002046834,0.03417491,0
0.002150144,0.03419289,0
0.002245189,0.03421015,0
0.002339347,0.03422792,0
0.002420472,0.03424374,0
0.00249474,0.03425862,0
0.002569257,0.03427391,0
0.002635953,0.03428789,0
0.002701888,0.03430197,0
0.002761855,0.034315,0
0.002822661,0.03432842,0
0.00287851,0.03434091,0
0.002931792,0.03435298,0
0.002982965,0.03436469,0
0.003033242,0.03437631,0
0.003081578,0.03438758,0
0.003124997,0.03439779,0
0.00317084,0.03440863,0
0.00321163,0.03441834,0
0.003253785,0.03442843,0
0.003295732,0.03443851,0
0.003332049,0.03444728,0
0.003373634,0.03445736,0
0.003410255,0.03446627,0
0.003448369,0.03447556,0
0.003484102,0.03448431,0
0.003519364,0.03449296,0
0.003551152,0.03450077,0
0.003582838,0.03450856,0
0.00361141,0.03451557,0
0.003641314,0.03452292,0
0.003668416,0.03452956,0
0.003698555,0.03453694,0
0.003722274,0.03454274,0
0.003752575,0.03455012,0
0.003778929,0.03455653,0
0.003806172,0.03456315,0
0.003834785,0.03457008,0
0.003867232,0.03457793,0
0.00389738,0.03458522,0
0.003924758,0.03459184,0
0.003959278,0.03460018,0
0.003997549,0.03460943,0
0.004031527,0.03461767,0
0.004068459,0.03462664,0
0.004107386,0.03463613,0
0.004147159,0.03464587,0
0.004193493,0.03465727,0
0.00423905,0.03466857,0
0.004287051,0.03468058,0
0.004340636,0.03469411,0
0.004390853,0.03470694,0
0.004445868,0.03472114,0
0.004501763,0.03473575,0
0.004554077,0.0347496,0
0.004608458,0.03476417,0
0.004663976,0.03477922,0
0.004720629,0.03479478,0
0.004771514,0.03480892,0
0.004823349,0.03482348,0
0.004874558,0.03483802,0
0.004922413,0.03485174,0
0.004972313,0.03486618,0
0.005016533,0.0348791,0
0.005059,0.03489159,0
0.005102498,0.03490447,0
0.005140806,0.03491587,0
0.005180063,0.03492762,0
0.005217856,0.03493898,0
0.005253541,0.03494976,0
0.005290149,0.03496085,0
0.005327065,0.03497208,0
0.00536178,0.03498267,0
0.005395873,0.03499311,0
0.005431862,0.03500416,0
0.005462946,0.03501374,0
0.005497501,0.0350244,0
0.00553114,0.0350348,0
0.0055637,0.0350449,0
0.005595,0.03505463,0
0.005626456,0.03506443,0
0.005658144,0.03507431,0
0.005689195,0.03508401,0
0.00572204,0.03509428,0
0.005752396,0.03510381,0
0.005778469,0.03511199,0
0.005809091,0.0351216,0
0.005841894,0.0351319,0
0.00587041,0.03514088,0
0.00589695,0.03514924,0
0.005927446,0.03515885,0
0.00595542,0.03516766,0
0.005984681,0.0351769,0
0.006010679,0.03518509,0
0.006038214,0.03519379,0
0.006068154,0.03520323,0
0.006093437,0.03521122,0
0.006123554,0.03522072,0
0.006150465,0.03522922,0
0.006175862,0.03523724,0
0.006201772,0.03524542,0
0.006229545,0.03525418,0
0.006255282,0.03526229,0
0.006282007,0.03527072,0
0.006308825,0.03527917,0
0.006334567,0.03528728,0
0.006361203,0.03529567,0
0.006384606,0.03530303,0
0.006411242,0.03531141,0
0.006436633,0.03531938,0
0.006464167,0.03532802,0
0.006487561,0.03533537,0
0.006514071,0.03534368,0
0.006536636,0.03535075,0
0.006564697,0.03535952,0
0.006589833,0.03536738,0
0.006611754,0.03537423,0
0.006638465,0.03538255,0
0.00666315,0.03539025,0
0.006687249,0.03539775,0
0.006711964,0.03540543,0
0.006735308,0.03541268,0
0.006762447,0.03542109,0
0.006784426,0.0354279,0
0.006809781,0.03543574,0
0.006835046,0.03544354,0
0.006857225,0.03545039,0
0.006881884,0.03545798,0
0.006905372,0.03546521,0
0.006930248,0.03547284,0
0.006953675,0.03548003,0
0.006976785,0.0354871,0
0.007002814,0.03549506,0
0.007024968,0.03550182,0
0.007050398,0.03550957,0
0.007073795,0.03551669,0
0.007096165,0.03552349,0
0.007119619,0.0355306,0
0.007144261,0.03553806,0
0.007168366,0.03554534,0
0.007190039,0.03555188,0
0.007216522,0.03555986,0
0.007237933,0.0355663,0
0.007262466,0.03557366,0
0.007283558,0.03557998,0
0.007308553,0.03558744,0
0.007332898,0.03559471,0
0.007354589,0.03560118,0
0.007376762,0.03560777,0
0.007403213,0.03561561,0
0.007425497,0.03562221,0
0.007447598,0.03562875,0
0.007472131,0.03563599,0
0.007494513,0.03564258,0
0.00751851,0.03564963,0
0.007539514,0.03565579,0
0.007563708,0.03566286,0
0.007587504,0.03566981,0
0.00761198,0.03567694,0
0.007633978,0.03568335,0
0.007657432,0.03569015,0
0.007678833,0.03569635,0
0.007701488,0.0357029,0
0.007725485,0.03570981,0
0.007750218,0.03571693,0
0.007772896,0.03572344,0
0.007794976,0.03572977,0
0.007818123,0.03573639,0
0.00784043,0.03574275,0
0.007863237,0.03574924,0
0.007887101,0.03575602,0
0.007910186,0.03576256,0
0.007934599,0.03576946,0
0.007954858,0.03577518,0
0.007978741,0.03578189,0
0.008002587,0.03578859,0
0.008023208,0.03579437,0
0.008047637,0.03580119,0
0.008072256,0.03580805,0
0.00809317,0.03581387,0
0.008115245,0.03582,0
0.008139817,0.03582679,0
0.008161906,0.0358329,0
0.00818426,0.03583905,0
0.008209472,0.03584598,0
0.008231267,0.03585196,0
0.008253251,0.03585797,0
0.008277633,0.03586462,0
0.00829951,0.03587057,0
0.008320387,0.03587624,0
0.00834622,0.03588323,0
0.008370014,0.03588966,0
0.008389637,0.03589495,0
0.008414688,0.03590167,0
0.008435716,0.03590731,0
0.008461216,0.03591413,0
0.008482015,0.03591968,0
0.008506374,0.03592616,0
0.008527505,0.03593176,0
0.008554114,0.0359388,0
0.008573202,0.03594385,0
0.008596543,0.03594999,0
0.008620576,0.03595629,0
0.008642906,0.03596214,0
0.008666149,0.03596821,0
0.008689521,0.0359743,0
0.008710647,0.03597979,0
0.008736706,0.03598654,0
0.008757263,0.03599185,0
0.008780643,0.03599788,0
0.008802966,0.03600361,0
0.008827314,0.03600985,0
0.008848919,0.03601537,0
0.008871838,0.03602121,0
0.008896437,0.03602746,0
0.008917576,0.03603283,0
0.008942407,0.0360391,0
0.00896379,0.03604449,0
0.008987002,0.03605033,0
0.009009859,0.03605605,0
0.009033507,0.03606196,0
0.009054246,0.03606714,0
0.009081734,0.03607396,0
0.009102038,0.036079,0
0.009125263,0.03608474,0
0.009147791,0.03609029,0
0.009170091,0.03609577,0
0.009196281,0.03610218,0
0.009214244,0.03610658,0
0.009242399,0.03611342,0
0.009263325,0.03611851,0
0.009285369,0.03612385,0
0.009310693,0.03612996,0
0.009331863,0.03613506,0
0.00935625,0.03614091,0
0.009378328,0.03614619,0
0.009400844,0.03615156,0
0.009425441,0.03615741,0
0.009446569,0.03616242,0
0.009471579,0.03616833,0
0.009495724,0.03617402,0
0.009517306,0.0361791,0
0.009539947,0.0361844,0
0.009562533,0.03618968,0
0.009586319,0.03619521,0
0.009610062,0.03620072,0
0.009633167,0.03620607,0
0.009656005,0.03621134,0
0.009677949,0.03621639,0
0.009704066,0.03622236,0
0.009724857,0.03622712,0
0.009748793,0.03623257,0
0.009770844,0.03623758,0
0.009796053,0.03624328,0
0.009819109,0.03624848,0
0.009841031,0.03625342,0
0.009864882,0.03625876,0
0.009888229,0.03626398,0
0.009912514,0.03626939,0
0.009933357,0.03627402,0
0.009959084,0.03627971,0
0.009981746,0.03628471,0
0.01000239,0.03628925,0
0.0100293,0.03629514,0
0.0100507,0.03629982,0
0.01007257,0.03630457,0
0.01009916,0.03631034,0
0.01012096,0.03631506,0
0.01014444,0.03632012,0
0.01016879,0.03632534,0
0.0101896,0.0363298,0
0.0102163,0.03633549,0
0.01023768,0.03634004,0
0.01026062,0.0363449,0
0.0102868,0.03635043,0
0.01030558,0.03635439,0
0.0103339,0.03636032,0
0.01035235,0.03636418,0
0.01038036,0.03637,0
0.01040106,0.0363743,0
0.01042555,0.03637936,0
0.01044886,0.03638417,0
0.01047066,0.03638865,0
0.01049666,0.03639396,0
0.01052023,0.03639877,0
0.01054083,0.03640296,0
0.0105662,0.03640808,0
0.01059139,0.03641316,0
0.01061312,0.03641754,0
0.0106367,0.03642226,0
0.01066195,0.03642729,0
0.01068172,0.03643123,0
0.01070873,0.03643657,0
0.0107302,0.03644081,0
0.01075485,0.03644565,0
0.01077969,0.03645052,0
0.01080167,0.03645481,0
0.01082542,0.03645943,0
0.01084962,0.03646411,0
0.01087154,0.03646835,0
0.01089721,0.03647327,0
0.01092187,0.036478,0
0.01094109,0.03648167,0
0.01096801,0.03648677,0
0.01099258,0.03649143,0
0.01101276,0.03649524,0
0.01103963,0.03650028,0
0.01106334,0.03650472,0
0.01108443,0.03650866,0
0.01111014,0.03651343,0
0.0111349,0.036518,0
0.01115646,0.03652198,0
0.01118143,0.03652656,0
0.01120405,0.03653069,0
0.01122899,0.03653523,0
0.01125477,0.0365399,0
0.01127603,0.03654375,0
0.01129875,0.03654783,0
0.01132437,0.03655242,0
0.01134818,0.03655666,0
0.01137219,0.03656093,0
0.01139668,0.03656526,0
0.01141732,0.03656891,0
0.01144435,0.03657364,0
0.01146688,0.03657758,0
0.01149163,0.03658189,0
0.01151432,0.03658582,0
0.01153896,0.03659007,0
0.01156299,0.0365942,0
0.01158835,0.03659853,0
0.0116099,0.03660221,0
0.0116345,0.03660638,0
0.01165768,0.03661029,0
0.01168438,0.03661478,0
0.01170736,0.03661864,0
0.01173106,0.03662258,0
0.01175524,0.0366266,0
0.0117791,0.03663054,0
0.01180062,0.03663409,0
0.01182836,0.03663862,0
0.01185189,0.03664246,0
0.01187393,0.03664604,0
0.01189967,0.0366502,0
0.01192405,0.03665412,0
0.01194659,0.03665774,0
0.0119715,0.0366617,0
0.01199575,0.03666555,0
0.01202099,0.03666954,0
0.01204426,0.0366732,0
0.01206644,0.03667668,0
0.01209381,0.03668093,0
0.01211752,0.03668461,0
0.0121378,0.03668775,0
0.01216677,0.03669218,0
0.01218866,0.03669554,0
0.01221512,0.03669956,0
0.01223597,0.03670272,0
0.01226194,0.03670663,0
0.01228576,0.0367102,0
0.0123107,0.03671392,0
0.01233335,0.03671729,0
0.01236029,0.03672126,0
0.01238331,0.03672465,0
0.01240904,0.03672842,0
0.01243059,0.03673156,0
0.01245811,0.03673554,0
0.01247838,0.03673847,0
0.01250482,0.03674226,0
0.0125297,0.0367458,0
0.01255448,0.03674932,0
0.01257872,0.03675275,0
0.01260206,0.03675603,0
0.01262638,0.03675942,0
0.01265188,0.03676297,0
0.01267465,0.03676612,0
0.01270101,0.03676975,0
0.01272595,0.03677316,0
0.01274735,0.03677608,0
0.01277388,0.03677966,0
0.01279833,0.03678296,0
0.01282263,0.03678621,0
0.01284661,0.03678941,0
0.01287223,0.0367928,0
0.01289477,0.03679578,0
0.01292042,0.03679913,0
0.01294653,0.03680253,0
0.01296854,0.03680539,0
0.01299387,0.03680865,0
0.01301932,0.03681191,0
0.01304468,0.03681514,0
0.0130672,0.036818,0
0.01309323,0.03682128,0
0.01311733,0.03682429,0
0.01314144,0.0368273,0
0.01316711,0.03683047,0
0.01319073,0.03683338,0
0.01321582,0.03683645,0
0.01324081,0.03683949,0
0.01326466,0.03684237,0
0.01328934,0.03684533,0
0.0133148,0.03684837,0
0.0133416,0.03685155,0
0.01336259,0.03685404,0
0.01338945,0.03685718,0
0.01341264,0.03685988,0
0.01343853,0.03686288,0
0.01346187,0.03686557,0
0.01348845,0.0368686,0
0.01351327,0.03687143,0
0.01353736,0.03687415,0
0.01356115,0.03687681,0
0.01358794,0.0368798,0
0.01361157,0.03688242,0
0.01363738,0.03688525,0
0.01366162,0.0368879,0
0.01368601,0.03689055,0
0.01371179,0.03689333,0
0.01373592,0.03689591,0
0.01376082,0.03689856,0
0.01378561,0.03690118,0
0.01381009,0.03690375,0
0.01383678,0.03690652,0
0.01386092,0.03690902,0
0.01388456,0.03691145,0
0.01391227,0.03691427,0
0.013935,0.03691658,0
0.01396106,0.0369192,0
0.01398432,0.03692152,0
0.01400946,0.03692401,0
0.0140377,0.03692679,0
0.01406073,0.03692904,0
0.01408578,0.03693147,0
0.01411017,0.03693382,0
0.01413541,0.03693623,0
0.0141617,0.03693872,0
0.01418404,0.03694082,0
0.01421153,0.03694338,0
0.0142371,0.03694575,0
0.01425964,0.03694782,0
0.01428656,0.03695027,0
0.01431125,0.03695251,0
0.01433574,0.0369547,0
0.01436157,0.036957,0
0.01438778,0.03695931,0
0.01441063,0.03696132,0
0.0144362,0.03696353,0
0.01446416,0.03696593,0
0.01448615,0.03696782,0
0.0145125,0.03697004,0
0.01453756,0.03697215,0
0.01456408,0.03697435,0
0.01458785,0.03697632,0
0.01461317,0.03697838,0
0.01463998,0.03698055,0
0.01466345,0.03698244,0
0.01468903,0.03698447,0
0.01471645,0.03698663,0
0.01473765,0.0369883,0
0.01476501,0.0369904,0
0.0147922,0.03699249,0
0.01481452,0.03699419,0
0.01484103,0.03699618,0
0.01486651,0.03699808,0
0.01489148,0.03699992,0
0.01491748,0.03700182,0
0.01494445,0.03700377,0
0.01496677,0.03700537,0
0.01499244,0.03700719,0
0.01501902,0.03700905,0
0.01504325,0.03701074,0
0.01506981,0.03701255,0
0.01509634,0.03701436,0
0.01511889,0.03701588,0
0.01514728,0.03701776,0
0.01517104,0.03701933,0
0.01519665,0.037021,0
0.01522388,0.03702275,0
0.01524771,0.03702427,0
0.01527208,0.03702581,0
0.01529769,0.0370274,0
0.01532452,0.03702904,0
0.01534918,0.03703054,0
0.01537682,0.03703219,0
0.01540023,0.03703359,0
0.01542611,0.0370351,0
0.01545279,0.03703665,0
0.01547875,0.03703813,0
0.01550206,0.03703945,0
0.01553006,0.037041,0
0.01555466,0.03704236,0
0.01557946,0.03704371,0
0.01560418,0.03704503,0
0.01563217,0.0370465,0
0.01565893,0.0370479,0
0.01568165,0.03704907,0
0.01570843,0.03705043,0
0.01573431,0.03705171,0
0.01575814,0.03705289,0
0.0157862,0.03705424,0
0.01581089,0.03705543,0
0.01583791,0.0370567,0
0.01586293,0.03705786,0
0.01588656,0.03705894,0
0.01591365,0.03706015,0
0.01594059,0.03706133,0
0.01596566,0.03706243,0
0.01599151,0.03706353,0
0.01601655,0.03706458,0
0.01604252,0.03706565,0
0.0160687,0.03706671,0
0.01609467,0.03706774,0
0.01612064,0.03706876,0
0.01614678,0.03706976,0
0.01617074,0.03707067,0
0.01619902,0.0370717,0
0.01622289,0.03707258,0
0.01625016,0.03707354,0
0.01627434,0.03707438,0
0.01630244,0.03707533,0
0.01632762,0.03707618,0
0.0163527,0.03707699,0
0.01637886,0.03707783,0
0.01640522,0.03707865,0
0.01643032,0.03707942,0
0.01645755,0.03708022,0
0.01648279,0.03708095,0
0.01650904,0.03708169,0
0.01653433,0.03708239,0
0.0165606,0.03708309,0
0.01658793,0.0370838,0
0.01661319,0.03708445,0
0.0166364,0.03708503,0
0.01666592,0.03708572,0
0.01669112,0.03708631,0
0.01671764,0.03708691,0
0.01674073,0.03708741,0
0.01677147,0.03708805,0
0.01679359,0.03708851,0
0.01682209,0.03708906,0
0.01684755,0.03708955,0
0.01687188,0.03708999,0
0.01690044,0.03709048,0
0.01692584,0.03709091,0
0.0169513,0.03709132,0
0.01697676,0.03709171,0
0.01700536,0.03709212,0
0.01702983,0.03709246,0
0.01705632,0.03709281,0
0.01708292,0.03709314,0
0.01710632,0.03709342,0
0.01713501,0.03709372,0
0.01716265,0.037094,0
0.0171861,0.03709423,0
0.0172127,0.03709446,0
0.0172415,0.03709469,0
0.01726389,0.03709486,0
0.01729267,0.03709504,0
0.01731828,0.0370952,0
0.01734605,0.03709534,0
0.01736849,0.03709545,0
0.01739732,0.03709554,0
0.01742408,0.03709562,0
0.01744867,0.03709568,0
0.0174765,0.03709572,0
0.01750433,0.03709575,0
0.01752686,0.03709576,0
0.01755578,0.03709573,0
0.01757939,0.0370957,0
0.01760834,0.03709564,0
0.01763518,0.03709557,0
0.01765989,0.03709548,0
0.01768674,0.03709537,0
0.01771362,0.03709523,0
0.01773837,0.0370951,0
0.01776846,0.0370949,0
0.01779006,0.03709475,0
0.01782016,0.03709451,0
0.01784389,0.03709431,0
0.01787191,0.03709405,0
0.01789676,0.0370938,0
0.01792581,0.03709348,0
0.01795072,0.0370932,0
0.01797876,0.03709286,0
0.01800363,0.03709254,0
0.0180296,0.03709219,0
0.01805769,0.03709178,0
0.01808261,0.03709141,0
0.01811072,0.03709096,0
0.01813566,0.03709055,0
0.01816277,0.03709009,0
0.01818981,0.0370896,0
0.0182159,0.03708911,0
0.018243,0.03708859,0
0.01826805,0.03708808,0
0.01829625,0.03708749,0
0.01832333,0.03708691,0
0.01834946,0.03708633,0
0.01837355,0.03708578,0
0.01840277,0.03708508,0
0.01842891,0.03708444,0
0.01845616,0.03708376,0
0.01848121,0.03708311,0
0.01850853,0.03708238,0
0.01853571,0.03708164,0
0.01856207,0.0370809,0
0.01858808,0.03708015,0
0.01861547,0.03707934,0
0.01864179,0.03707854,0
0.01867003,0.03707767,0
0.01869322,0.03707694,0
0.01872364,0.03707594,0
0.01874891,0.03707511,0
0.01877621,0.03707419,0
0.01880035,0.03707336,0
0.01882897,0.03707234,0
0.01885632,0.03707135,0
0.01888263,0.03707039,0
0.01890893,0.0370694,0
0.01893533,0.0370684,0
0.01896399,0.03706728,0
0.01898918,0.03706628,0
0.01901659,0.03706517,0
0.01904317,0.03706408,0
0.01906954,0.03706298,0
0.01909905,0.03706172,0
0.01912245,0.03706072,0
0.01915096,0.03705946,0
0.01917655,0.03705832,0
0.01920478,0.03705703,0
0.01923043,0.03705585,0
0.01925816,0.03705455,0
0.01928574,0.03705323,0
0.01930989,0.03705207,0
0.01933862,0.03705065,0
0.01936637,0.03704927,0
0.01939289,0.03704793,0
0.01941742,0.03704668,0
0.019448,0.03704508,0
0.01947163,0.03704384,0
0.01950148,0.03704225,0
0.01952801,0.03704081,0
0.01955352,0.03703941,0
0.01958132,0.03703787,0
0.01960807,0.03703636,0
0.01963452,0.03703485,0
0.01966236,0.03703324,0
0.01968808,0.03703174,0
0.01971674,0.03703004,0
0.01974261,0.03702849,0
0.01976916,0.03702688,0
0.0197971,0.03702516,0
0.01982473,0.03702345,0
0.01985156,0.03702176,0
0.01987737,0.03702012,0
0.01990516,0.03701834,0
0.01993304,0.03701652,0
0.01995858,0.03701485,0
0.0199866,0.03701298,0
0.02001454,0.0370111,0
0.02003932,0.03700942,0
0.02006925,0.03700736,0
0.02009391,0.03700566,0
0.02012186,0.0370037,0
0.02014893,0.03700178,0
0.02017573,0.03699986,0
0.02020356,0.03699784,0
0.02023163,0.03699579,0
0.02025659,0.03699396,0
0.02028446,0.03699188,0
0.02031221,0.03698979,0
0.02033953,0.03698772,0
0.02036656,0.03698565,0
0.02039316,0.03698359,0
0.02042044,0.03698146,0
0.02044927,0.03697918,0
0.02047576,0.03697708,0
0.02050137,0.03697503,0
0.02052842,0.03697283,0
0.02055839,0.03697037,0
0.02058348,0.03696831,0
0.02061202,0.03696594,0
0.02063959,0.03696362,0
0.0206649,0.03696148,0
0.02069305,0.03695907,0
0.02072218,0.03695656,0
0.02074594,0.03695451,0
0.02077442,0.03695201,0
0.0208027,0.03694951,0
0.02083174,0.03694692,0
0.02085586,0.03694477,0
0.02088282,0.03694233,0
0.02091337,0.03693953,0
0.02093835,0.03693724,0
0.0209667,0.03693461,0
0.02099374,0.03693208,0
0.02102118,0.0369295,0
0.02104709,0.03692704,0
0.02107639,0.03692424,0
0.02110304,0.03692167,0
0.02113121,0.03691894,0
0.0211572,0.0369164,0
0.02118685,0.03691348,0
0.02121199,0.03691099,0
0.02124034,0.03690815,0
0.02126764,0.0369054,0
0.02129591,0.03690253,0
0.0213213,0.03689994,0
0.02134847,0.03689714,0
0.02137906,0.03689396,0
0.02140342,0.03689143,0
0.0214335,0.03688826,0
0.02146043,0.03688542,0
0.0214866,0.03688263,0
0.02151478,0.03687961,0
0.02154121,0.03687675,0
0.02156969,0.03687365,0
0.0215971,0.03687065,0
0.02162497,0.03686757,0
0.02165169,0.03686461,0
0.02167998,0.03686145,0
0.02170806,0.03685829,0
0.02173571,0.03685517,0
0.02176071,0.03685233,0
0.02179067,0.03684888,0
0.02181687,0.03684586,0
0.02184384,0.03684273,0
0.02187392,0.03683921,0
0.02190067,0.03683607,0
0.02192869,0.03683276,0
0.02195441,0.0368297,0
0.02198363,0.0368262,0
0.02200896,0.03682315,0
0.02203849,0.03681957,0
0.0220672,0.03681606,0
0.02209198,0.03681303,0
0.02212199,0.03680932,0
0.02215022,0.03680582,0
0.02217547,0.03680267,0
0.02220292,0.03679922,0
0.02223158,0.03679559,0
0.02225949,0.03679204,0
0.0222869,0.03678855,0
0.02231509,0.03678492,0
0.02234204,0.03678143,0
0.0223709,0.03677768,0
0.02239545,0.03677447,0
0.02242585,0.03677046,0
0.02245305,0.03676687,0
0.02248164,0.03676306,0
0.0225078,0.03675957,0
0.02253789,0.03675552,0
0.02256226,0.03675224,0
0.0225935,0.03674798,0
0.02261896,0.03674451,0
0.02264723,0.03674062,0
0.02267443,0.03673686,0
0.02270258,0.03673295,0
0.02273099,0.03672899,0
0.02275746,0.03672527,0
0.0227856,0.0367213,0
0.02281514,0.0367171,0
0.02284082,0.03671345,0
0.02286934,0.03670936,0
0.02289743,0.03670531,0
0.02292418,0.03670144,0
0.02295336,0.03669719,0
0.02298077,0.03669318,0
0.02300905,0.03668902,0
0.02303706,0.03668489,0
0.0230628,0.03668107,0
0.02309046,0.03667694,0
0.02312174,0.03667224,0
0.02314766,0.03666834,0
0.02317458,0.03666426,0
0.02320476,0.03665967,0
0.02323065,0.03665571,0
0.02325767,0.03665156,0
0.02328811,0.03664685,0
0.02331529,0.03664264,0
0.02334287,0.03663834,0
0.02337061,0.03663399,0
0.02339776,0.03662972,0
0.02342772,0.03662498,0
0.02345402,0.0366208,0
0.02348173,0.03661638,0
0.02351014,0.03661182,0
0.02354487,0.03660622,0
