28.264,-24.513,0,,-0.024513,0.028264,0
28.283,-24.487,0,,-0.024487,0.028283,0
28.302,-24.461,0,,-0.024461,0.028302,0
28.322,-24.435,0,,-0.024435,0.028322,0
28.341,-24.409,0,,-0.024409,0.028341,0
28.36,-24.383,0,,-0.024383,0.02836,0
28.379,-24.357,0,,-0.024357,0.028379,0
28.398,-24.331,0,,-0.024331,0.028398,0
28.418,-24.304,0,,-0.024304,0.028418,0
28.437,-24.278,0,,-0.024278,0.028437,0
28.456,-24.252,0,,-0.024252,0.028456,0
28.475,-24.226,0,,-0.024226,0.028475,0
28.494,-24.2,0,,-0.0242,0.028494,0
28.513,-24.174,0,,-0.024174,0.028513,0
28.532,-24.147,0,,-0.024147,0.028532,0
28.551,-24.121,0,,-0.024121,0.028551,0
28.57,-24.095,0,,-0.024095,0.02857,0
28.589,-24.069,0,,-0.024069,0.028589,0
28.608,-24.042,0,,-0.024042,0.028608,0
28.627,-24.016,0,,-0.024016,0.028627,0
28.646,-23.99,0,,-0.02399,0.028646,0
28.664,-23.963,0,,-0.023963,0.028664,0
28.683,-23.937,0,,-0.023937,0.028683,0
28.702,-23.911,0,,-0.023911,0.028702,0
28.721,-23.884,0,,-0.023884,0.028721,0
28.739,-23.858,0,,-0.023858,0.028739,0
28.758,-23.831,0,,-0.023831,0.028758,0
28.777,-23.805,0,,-0.023805,0.028777,0
28.795,-23.779,0,,-0.023779,0.028795,0
28.814,-23.752,0,,-0.023752,0.028814,0
28.833,-23.726,0,,-0.023726,0.028833,0
28.851,-23.699,0,,-0.023699,0.028851,0
28.87,-23.673,0,,-0.023673,0.02887,0
28.888,-23.646,0,,-0.023646,0.028888,0
28.907,-23.62,0,,-0.02362,0.028907,0
28.925,-23.593,0,,-0.023593,0.028925,0
28.944,-23.567,0,,-0.023567,0.028944,0
28.962,-23.54,0,,-0.02354,0.028962,0
28.98,-23.513,0,,-0.023513,0.02898,0
28.999,-23.487,0,,-0.023487,0.028999,0
29.017,-23.46,0,,-0.02346,0.029017,0
29.035,-23.434,0,,-0.023434,0.029035,0
29.054,-23.407,0,,-0.023407,0.029054,0
29.072,-23.38,0,,-0.02338,0.029072,0
29.09,-23.354,0,,-0.023354,0.02909,0
29.108,-23.327,0,,-0.023327,0.029108,0
29.126,-23.3,0,,-0.0233,0.029126,0
29.145,-23.274,0,,-0.023274,0.029145,0
29.163,-23.247,0,,-0.023247,0.029163,0
29.181,-23.22,0,,-0.02322,0.029181,0
29.199,-23.193,0,,-0.023193,0.029199,0
29.217,-23.167,0,,-0.023167,0.029217,0
29.235,-23.14,0,,-0.02314,0.029235,0
29.253,-23.113,0,,-0.023113,0.029253,0
29.271,-23.086,0,,-0.023086,0.029271,0
29.289,-23.059,0,,-0.023059,0.029289,0
29.307,-23.032,0,,-0.023032,0.029307,0
29.325,-23.006,0,,-0.023006,0.029325,0
29.343,-22.979,0,,-0.022979,0.029343,0
29.36,-22.952,0,,-0.022952,0.02936,0
29.378,-22.925,0,,-0.022925,0.029378,0
29.396,-22.898,0,,-0.022898,0.029396,0
29.414,-22.871,0,,-0.022871,0.029414,0
29.431,-22.844,0,,-0.022844,0.029431,0
29.449,-22.817,0,,-0.022817,0.029449,0
29.467,-22.79,0,,-0.02279,0.029467,0
29.484,-22.763,0,,-0.022763,0.029484,0
29.502,-22.736,0,,-0.022736,0.029502,0
29.52,-22.709,0,,-0.022709,0.02952,0
29.537,-22.682,0,,-0.022682,0.029537,0
29.555,-22.655,0,,-0.022655,0.029555,0
29.572,-22.628,0,,-0.022628,0.029572,0
29.59,-22.601,0,,-0.022601,0.02959,0
29.607,-22.574,0,,-0.022574,0.029607,0
29.625,-22.547,0,,-0.022547,0.029625,0
29.642,-22.52,0,,-0.02252,0.029642,0
29.659,-22.493,0,,-0.022493,0.029659,0
29.677,-22.466,0,,-0.022466,0.029677,0
29.694,-22.438,0,,-0.022438,0.029694,0
29.711,-22.411,0,,-0.022411,0.029711,0
29.729,-22.384,0,,-0.022384,0.029729,0
29.746,-22.357,0,,-0.022357,0.029746,0
29.763,-22.33,0,,-0.02233,0.029763,0
29.78,-22.302,0,,-0.022302,0.02978,0
29.797,-22.275,0,,-0.022275,0.029797,0
29.815,-22.248,0,,-0.022248,0.029815,0
29.832,-22.221,0,,-0.022221,0.029832,0
29.849,-22.193,0,,-0.022193,0.029849,0
29.866,-22.166,0,,-0.022166,0.029866,0
29.883,-22.139,0,,-0.022139,0.029883,0
29.9,-22.112,0,,-0.022112,0.0299,0
29.917,-22.084,0,,-0.022084,0.029917,0
29.934,-22.057,0,,-0.022057,0.029934,0
29.951,-22.03,0,,-0.02203,0.029951,0
29.968,-22.002,0,,-0.022002,0.029968,0
29.984,-21.975,0,,-0.021975,0.029984,0
30.001,-21.948,0,,-0.021948,0.030001,0
30.018,-21.92,0,,-0.02192,0.030018,0
30.035,-21.893,0,,-0.021893,0.030035,0
30.052,-21.865,0,,-0.021865,0.030052,0
30.068,-21.838,0,,-0.021838,0.030068,0
30.085,-21.81,0,,-0.02181,0.030085,0
30.102,-21.783,0,,-0.021783,0.030102,0
30.118,-21.755,0,,-0.021755,0.030118,0
30.135,-21.728,0,,-0.021728,0.030135,0
30.152,-21.7,0,,-0.0217,0.030152,0
30.168,-21.673,0,,-0.021673,0.030168,0
30.185,-21.645,0,,-0.021645,0.030185,0
30.201,-21.618,0,,-0.021618,0.030201,0
30.218,-21.59,0,,-0.02159,0.030218,0
30.234,-21.563,0,,-0.021563,0.030234,0
30.25,-21.535,0,,-0.021535,0.03025,0
30.267,-21.508,0,,-0.021508,0.030267,0
30.283,-21.48,0,,-0.02148,0.030283,0
30.3,-21.452,0,,-0.021452,0.0303,0
30.316,-21.425,0,,-0.021425,0.030316,0
30.332,-21.397,0,,-0.021397,0.030332,0
30.348,-21.37,0,,-0.02137,0.030348,0
30.365,-21.342,0,,-0.021342,0.030365,0
30.381,-21.314,0,,-0.021314,0.030381,0
30.397,-21.286,0,,-0.021286,0.030397,0
30.413,-21.259,0,,-0.021259,0.030413,0
30.429,-21.231,0,,-0.021231,0.030429,0
30.445,-21.203,0,,-0.021203,0.030445,0
30.462,-21.176,0,,-0.021176,0.030462,0
30.478,-21.148,0,,-0.021148,0.030478,0
30.494,-21.12,0,,-0.02112,0.030494,0
30.51,-21.092,0,,-0.021092,0.03051,0
30.526,-21.065,0,,-0.021065,0.030526,0
30.541,-21.037,0,,-0.021037,0.030541,0
30.557,-21.009,0,,-0.021009,0.030557,0
30.573,-20.981,0,,-0.020981,0.030573,0
30.589,-20.953,0,,-0.020953,0.030589,0
30.605,-20.925,0,,-0.020925,0.030605,0
30.621,-20.898,0,,-0.020898,0.030621,0
30.636,-20.87,0,,-0.02087,0.030636,0
30.652,-20.842,0,,-0.020842,0.030652,0
30.668,-20.814,0,,-0.020814,0.030668,0
30.684,-20.786,0,,-0.020786,0.030684,0
30.699,-20.758,0,,-0.020758,0.030699,0
30.715,-20.73,0,,-0.02073,0.030715,0
30.731,-20.702,0,,-0.020702,0.030731,0
30.746,-20.674,0,,-0.020674,0.030746,0
30.762,-20.646,0,,-0.020646,0.030762,0
30.777,-20.618,0,,-0.020618,0.030777,0
30.793,-20.59,0,,-0.02059,0.030793,0
30.808,-20.562,0,,-0.020562,0.030808,0
30.824,-20.534,0,,-0.020534,0.030824,0
30.839,-20.506,0,,-0.020506,0.030839,0
30.854,-20.478,0,,-0.020478,0.030854,0
30.87,-20.45,0,,-0.02045,0.03087,0
30.885,-20.422,0,,-0.020422,0.030885,0
30.9,-20.394,0,,-0.020394,0.0309,0
30.916,-20.366,0,,-0.020366,0.030916,0
30.931,-20.338,0,,-0.020338,0.030931,0
30.946,-20.31,0,,-0.02031,0.030946,0
30.961,-20.282,0,,-0.020282,0.030961,0
30.976,-20.254,0,,-0.020254,0.030976,0
30.991,-20.226,0,,-0.020226,0.030991,0
31.007,-20.197,0,,-0.020197,0.031007,0
31.022,-20.169,0,,-0.020169,0.031022,0
31.037,-20.141,0,,-0.020141,0.031037,0
31.052,-20.113,0,,-0.020113,0.031052,0
31.067,-20.085,0,,-0.020085,0.031067,0
31.082,-20.057,0,,-0.020057,0.031082,0
31.096,-20.028,0,,-0.020028,0.031096,0
31.111,-20,0,,-0.02,0.031111,0
31.126,-19.972,0,,-0.019972,0.031126,0
31.141,-19.944,0,,-0.019944,0.031141,0
31.156,-19.915,0,,-0.019915,0.031156,0
31.171,-19.887,0,,-0.019887,0.031171,0
31.185,-19.859,0,,-0.019859,0.031185,0
31.2,-19.831,0,,-0.019831,0.0312,0
31.215,-19.802,0,,-0.019802,0.031215,0
31.23,-19.774,0,,-0.019774,0.03123,0
31.244,-19.746,0,,-0.019746,0.031244,0
31.259,-19.717,0,,-0.019717,0.031259,0
31.273,-19.689,0,,-0.019689,0.031273,0
31.288,-19.661,0,,-0.019661,0.031288,0
31.302,-19.632,0,,-0.019632,0.031302,0
31.317,-19.604,0,,-0.019604,0.031317,0
31.331,-19.576,0,,-0.019576,0.031331,0
31.346,-19.547,0,,-0.019547,0.031346,0
31.36,-19.519,0,,-0.019519,0.03136,0
31.375,-19.49,0,,-0.01949,0.031375,0
31.389,-19.462,0,,-0.019462,0.031389,0
31.403,-19.434,0,,-0.019434,0.031403,0
31.418,-19.405,0,,-0.019405,0.031418,0
31.432,-19.377,0,,-0.019377,0.031432,0
31.446,-19.348,0,,-0.019348,0.031446,0
31.46,-19.32,0,,-0.01932,0.03146,0
31.475,-19.291,0,,-0.019291,0.031475,0
31.489,-19.263,0,,-0.019263,0.031489,0
31.503,-19.234,0,,-0.019234,0.031503,0
31.517,-19.206,0,,-0.019206,0.031517,0
31.531,-19.177,0,,-0.019177,0.031531,0
31.545,-19.149,0,,-0.019149,0.031545,0
31.559,-19.12,0,,-0.01912,0.031559,0
31.573,-19.092,0,,-0.019092,0.031573,0
31.587,-19.063,0,,-0.019063,0.031587,0
31.601,-19.034,0,,-0.019034,0.031601,0
31.615,-19.006,0,,-0.019006,0.031615,0
31.629,-18.977,0,,-0.018977,0.031629,0
31.643,-18.949,0,,-0.018949,0.031643,0
31.656,-18.92,0,,-0.01892,0.031656,0
31.67,-18.891,0,,-0.018891,0.03167,0
31.684,-18.863,0,,-0.018863,0.031684,0
31.698,-18.834,0,,-0.018834,0.031698,0
31.711,-18.806,0,,-0.018806,0.031711,0
31.725,-18.777,0,,-0.018777,0.031725,0
31.739,-18.748,0,,-0.018748,0.031739,0
31.752,-18.72,0,,-0.01872,0.031752,0
31.766,-18.691,0,,-0.018691,0.031766,0
31.779,-18.662,0,,-0.018662,0.031779,0
31.793,-18.634,0,,-0.018634,0.031793,0
31.807,-18.605,0,,-0.018605,0.031807,0
31.82,-18.576,0,,-0.018576,0.03182,0
31.833,-18.547,0,,-0.018547,0.031833,0
31.847,-18.519,0,,-0.018519,0.031847,0
31.86,-18.49,0,,-0.01849,0.03186,0
31.874,-18.461,0,,-0.018461,0.031874,0
31.887,-18.432,0,,-0.018432,0.031887,0
31.9,-18.404,0,,-0.018404,0.0319,0
31.913,-18.375,0,,-0.018375,0.031913,0
31.927,-18.346,0,,-0.018346,0.031927,0
31.94,-18.317,0,,-0.018317,0.03194,0
31.953,-18.288,0,,-0.018288,0.031953,0
31.966,-18.26,0,,-0.01826,0.031966,0
31.979,-18.231,0,,-0.018231,0.031979,0
31.992,-18.202,0,,-0.018202,0.031992,0
32.005,-18.173,0,,-0.018173,0.032005,0
32.018,-18.144,0,,-0.018144,0.032018,0
32.031,-18.115,0,,-0.018115,0.032031,0
32.044,-18.087,0,,-0.018087,0.032044,0
32.057,-18.058,0,,-0.018058,0.032057,0
32.07,-18.029,0,,-0.018029,0.03207,0
32.083,-18,0,,-0.018,0.032083,0
32.096,-17.971,0,,-0.017971,0.032096,0
32.109,-17.942,0,,-0.017942,0.032109,0
32.122,-17.913,0,,-0.017913,0.032122,0
32.134,-17.884,0,,-0.017884,0.032134,0
32.147,-17.855,0,,-0.017855,0.032147,0
32.16,-17.826,0,,-0.017826,0.03216,0
32.173,-17.797,0,,-0.017797,0.032173,0
32.185,-17.768,0,,-0.017768,0.032185,0
32.198,-17.739,0,,-0.017739,0.032198,0
32.21,-17.71,0,,-0.01771,0.03221,0
32.223,-17.682,0,,-0.017682,0.032223,0
32.235,-17.653,0,,-0.017653,0.032235,0
32.248,-17.624,0,,-0.017624,0.032248,0
32.26,-17.595,0,,-0.017595,0.03226,0
32.273,-17.565,0,,-0.017565,0.032273,0
32.285,-17.536,0,,-0.017536,0.032285,0
32.298,-17.507,0,,-0.017507,0.032298,0
32.31,-17.478,0,,-0.017478,0.03231,0
32.322,-17.449,0,,-0.017449,0.032322,0
32.335,-17.42,0,,-0.01742,0.032335,0
32.347,-17.391,0,,-0.017391,0.032347,0
32.359,-17.362,0,,-0.017362,0.032359,0
32.371,-17.333,0,,-0.017333,0.032371,0
32.384,-17.304,0,,-0.017304,0.032384,0
32.396,-17.275,0,,-0.017275,0.032396,0
32.408,-17.246,0,,-0.017246,0.032408,0
32.42,-17.217,0,,-0.017217,0.03242,0
32.432,-17.188,0,,-0.017188,0.032432,0
32.444,-17.158,0,,-0.017158,0.032444,0
32.456,-17.129,0,,-0.017129,0.032456,0
32.468,-17.1,0,,-0.0171,0.032468,0
32.48,-17.071,0,,-0.017071,0.03248,0
32.492,-17.042,0,,-0.017042,0.032492,0
32.504,-17.013,0,,-0.017013,0.032504,0
32.515,-16.984,0,,-0.016984,0.032515,0
32.527,-16.954,0,,-0.016954,0.032527,0
32.539,-16.925,0,,-0.016925,0.032539,0
32.551,-16.896,0,,-0.016896,0.032551,0
32.563,-16.867,0,,-0.016867,0.032563,0
32.574,-16.838,0,,-0.016838,0.032574,0
32.586,-16.808,0,,-0.016808,0.032586,0
32.598,-16.779,0,,-0.016779,0.032598,0
32.609,-16.75,0,,-0.01675,0.032609,0
32.621,-16.721,0,,-0.016721,0.032621,0
32.632,-16.692,0,,-0.016692,0.032632,0
32.644,-16.662,0,,-0.016662,0.032644,0
32.655,-16.633,0,,-0.016633,0.032655,0
32.667,-16.604,0,,-0.016604,0.032667,0
32.678,-16.575,0,,-0.016575,0.032678,0
32.69,-16.545,0,,-0.016545,0.03269,0
32.701,-16.516,0,,-0.016516,0.032701,0
32.712,-16.487,0,,-0.016487,0.032712,0
32.724,-16.458,0,,-0.016458,0.032724,0
32.735,-16.428,0,,-0.016428,0.032735,0
32.746,-16.399,0,,-0.016399,0.032746,0
32.757,-16.37,0,,-0.01637,0.032757,0
32.768,-16.34,0,,-0.01634,0.032768,0
32.78,-16.311,0,,-0.016311,0.03278,0
32.791,-16.282,0,,-0.016282,0.032791,0
32.802,-16.252,0,,-0.016252,0.032802,0
32.813,-16.223,0,,-0.016223,0.032813,0
32.824,-16.194,0,,-0.016194,0.032824,0
32.835,-16.164,0,,-0.016164,0.032835,0
32.846,-16.135,0,,-0.016135,0.032846,0
32.857,-16.106,0,,-0.016106,0.032857,0
32.868,-16.076,0,,-0.016076,0.032868,0
32.879,-16.047,0,,-0.016047,0.032879,0
32.889,-16.018,0,,-0.016018,0.032889,0
32.9,-15.988,0,,-0.015988,0.0329,0
32.911,-15.959,0,,-0.015959,0.032911,0
32.922,-15.929,0,,-0.015929,0.032922,0
32.933,-15.9,0,,-0.0159,0.032933,0
32.943,-15.871,0,,-0.015871,0.032943,0
32.954,-15.841,0,,-0.015841,0.032954,0
32.965,-15.812,0,,-0.015812,0.032965,0
32.975,-15.782,0,,-0.015782,0.032975,0
32.986,-15.753,0,,-0.015753,0.032986,0
32.996,-15.724,0,,-0.015724,0.032996,0
33.007,-15.694,0,,-0.015694,0.033007,0
33.017,-15.665,0,,-0.015665,0.033017,0
33.028,-15.635,0,,-0.015635,0.033028,0
33.038,-15.606,0,,-0.015606,0.033038,0
33.049,-15.576,0,,-0.015576,0.033049,0
33.059,-15.547,0,,-0.015547,0.033059,0
33.069,-15.517,0,,-0.015517,0.033069,0
33.08,-15.488,0,,-0.015488,0.03308,0
33.09,-15.458,0,,-0.015458,0.03309,0
33.1,-15.429,0,,-0.015429,0.0331,0
33.11,-15.4,0,,-0.0154,0.03311,0
33.12,-15.37,0,,-0.01537,0.03312,0
33.131,-15.341,0,,-0.015341,0.033131,0
33.141,-15.311,0,,-0.015311,0.033141,0
33.151,-15.282,0,,-0.015282,0.033151,0
33.161,-15.252,0,,-0.015252,0.033161,0
33.171,-15.223,0,,-0.015223,0.033171,0
33.181,-15.193,0,,-0.015193,0.033181,0
33.191,-15.164,0,,-0.015164,0.033191,0
33.201,-15.134,0,,-0.015134,0.033201,0
33.211,-15.104,0,,-0.015104,0.033211,0
33.22,-15.075,0,,-0.015075,0.03322,0
33.23,-15.045,0,,-0.015045,0.03323,0
33.24,-15.016,0,,-0.015016,0.03324,0
33.25,-14.986,0,,-0.014986,0.03325,0
33.26,-14.957,0,,-0.014957,0.03326,0
33.269,-14.927,0,,-0.014927,0.033269,0
33.279,-14.898,0,,-0.014898,0.033279,0
33.289,-14.868,0,,-0.014868,0.033289,0
33.298,-14.839,0,,-0.014839,0.033298,0
33.308,-14.809,0,,-0.014809,0.033308,0
33.317,-14.779,0,,-0.014779,0.033317,0
33.327,-14.75,0,,-0.01475,0.033327,0
33.336,-14.72,0,,-0.01472,0.033336,0
33.346,-14.691,0,,-0.014691,0.033346,0
33.355,-14.661,0,,-0.014661,0.033355,0
33.365,-14.632,0,,-0.014632,0.033365,0
33.374,-14.602,0,,-0.014602,0.033374,0
33.383,-14.572,0,,-0.014572,0.033383,0
33.393,-14.543,0,,-0.014543,0.033393,0
33.402,-14.513,0,,-0.014513,0.033402,0
33.411,-14.484,0,,-0.014484,0.033411,0
33.42,-14.454,0,,-0.014454,0.03342,0
33.43,-14.424,0,,-0.014424,0.03343,0
33.439,-14.395,0,,-0.014395,0.033439,0
33.448,-14.365,0,,-0.014365,0.033448,0
33.457,-14.336,0,,-0.014336,0.033457,0
33.466,-14.306,0,,-0.014306,0.033466,0
33.475,-14.276,0,,-0.014276,0.033475,0
33.484,-14.247,0,,-0.014247,0.033484,0
33.493,-14.217,0,,-0.014217,0.033493,0
33.502,-14.188,0,,-0.014188,0.033502,0
33.511,-14.158,0,,-0.014158,0.033511,0
33.52,-14.128,0,,-0.014128,0.03352,0
33.528,-14.099,0,,-0.014099,0.033528,0
33.537,-14.069,0,,-0.014069,0.033537,0
33.546,-14.039,0,,-0.014039,0.033546,0
33.555,-14.01,0,,-0.01401,0.033555,0
33.563,-13.98,0,,-0.01398,0.033563,0
33.572,-13.95,0,,-0.01395,0.033572,0
33.581,-13.921,0,,-0.013921,0.033581,0
33.589,-13.891,0,,-0.013891,0.033589,0
33.598,-13.862,0,,-0.013862,0.033598,0
33.606,-13.832,0,,-0.013832,0.033606,0
33.615,-13.802,0,,-0.013802,0.033615,0
33.623,-13.773,0,,-0.013773,0.033623,0
33.632,-13.743,0,,-0.013743,0.033632,0
33.64,-13.713,0,,-0.013713,0.03364,0
33.649,-13.684,0,,-0.013684,0.033649,0
33.657,-13.654,0,,-0.013654,0.033657,0
33.665,-13.624,0,,-0.013624,0.033665,0
33.674,-13.595,0,,-0.013595,0.033674,0
33.682,-13.565,0,,-0.013565,0.033682,0
33.69,-13.535,0,,-0.013535,0.03369,0
33.698,-13.506,0,,-0.013506,0.033698,0
33.706,-13.476,0,,-0.013476,0.033706,0
33.715,-13.446,0,,-0.013446,0.033715,0
33.723,-13.417,0,,-0.013417,0.033723,0
33.731,-13.387,0,,-0.013387,0.033731,0
33.739,-13.357,0,,-0.013357,0.033739,0
33.747,-13.328,0,,-0.013328,0.033747,0
33.755,-13.298,0,,-0.013298,0.033755,0
33.763,-13.268,0,,-0.013268,0.033763,0
33.771,-13.239,0,,-0.013239,0.033771,0
33.778,-13.209,0,,-0.013209,0.033778,0
33.786,-13.179,0,,-0.013179,0.033786,0
33.794,-13.15,0,,-0.01315,0.033794,0
33.802,-13.12,0,,-0.01312,0.033802,0
33.81,-13.09,0,,-0.01309,0.03381,0
33.817,-13.061,0,,-0.013061,0.033817,0
33.825,-13.031,0,,-0.013031,0.033825,0
33.833,-13.001,0,,-0.013001,0.033833,0
33.84,-12.972,0,,-0.012972,0.03384,0
33.848,-12.942,0,,-0.012942,0.033848,0
33.855,-12.912,0,,-0.012912,0.033855,0
33.863,-12.883,0,,-0.012883,0.033863,0
33.87,-12.853,0,,-0.012853,0.03387,0
33.878,-12.823,0,,-0.012823,0.033878,0
33.885,-12.794,0,,-0.012794,0.033885,0
33.893,-12.764,0,,-0.012764,0.033893,0
33.9,-12.734,0,,-0.012734,0.0339,0
33.907,-12.705,0,,-0.012705,0.033907,0
33.914,-12.675,0,,-0.012675,0.033914,0
33.922,-12.645,0,,-0.012645,0.033922,0
33.929,-12.616,0,,-0.012616,0.033929,0
33.936,-12.586,0,,-0.012586,0.033936,0
33.943,-12.557,0,,-0.012557,0.033943,0
33.95,-12.527,0,,-0.012527,0.03395,0
33.957,-12.497,0,,-0.012497,0.033957,0
33.965,-12.468,0,,-0.012468,0.033965,0
33.972,-12.438,0,,-0.012438,0.033972,0
33.979,-12.408,0,,-0.012408,0.033979,0
33.985,-12.379,0,,-0.012379,0.033985,0
33.992,-12.349,0,,-0.012349,0.033992,0
33.999,-12.319,0,,-0.012319,0.033999,0
34.006,-12.29,0,,-0.01229,0.034006,0
34.013,-12.26,0,,-0.01226,0.034013,0
34.02,-12.23,0,,-0.01223,0.03402,0
34.026,-12.201,0,,-0.012201,0.034026,0
34.033,-12.171,0,,-0.012171,0.034033,0
34.04,-12.142,0,,-0.012142,0.03404,0
34.047,-12.112,0,,-0.012112,0.034047,0
34.053,-12.082,0,,-0.012082,0.034053,0
34.06,-12.053,0,,-0.012053,0.03406,0
34.066,-12.023,0,,-0.012023,0.034066,0
34.073,-11.994,0,,-0.011994,0.034073,0
34.079,-11.964,0,,-0.011964,0.034079,0
34.086,-11.934,0,,-0.011934,0.034086,0
34.092,-11.905,0,,-0.011905,0.034092,0
34.099,-11.875,0,,-0.011875,0.034099,0
34.105,-11.846,0,,-0.011846,0.034105,0
34.111,-11.816,0,,-0.011816,0.034111,0
34.118,-11.786,0,,-0.011786,0.034118,0
34.124,-11.757,0,,-0.011757,0.034124,0
34.13,-11.727,0,,-0.011727,0.03413,0
34.136,-11.698,0,,-0.011698,0.034136,0
34.142,-11.668,0,,-0.011668,0.034142,0
34.148,-11.639,0,,-0.011639,0.034148,0
34.155,-11.609,0,,-0.011609,0.034155,0
34.161,-11.579,0,,-0.011579,0.034161,0
34.167,-11.55,0,,-0.01155,0.034167,0
34.173,-11.52,0,,-0.01152,0.034173,0
34.179,-11.491,0,,-0.011491,0.034179,0
34.184,-11.461,0,,-0.011461,0.034184,0
34.19,-11.432,0,,-0.011432,0.03419,0
34.196,-11.402,0,,-0.011402,0.034196,0
34.202,-11.373,0,,-0.011373,0.034202,0
34.208,-11.343,0,,-0.011343,0.034208,0
34.214,-11.314,0,,-0.011314,0.034214,0
34.219,-11.284,0,,-0.011284,0.034219,0
34.225,-11.255,0,,-0.011255,0.034225,0
34.231,-11.225,0,,-0.011225,0.034231,0
34.236,-11.196,0,,-0.011196,0.034236,0
34.242,-11.166,0,,-0.011166,0.034242,0
34.247,-11.137,0,,-0.011137,0.034247,0
34.253,-11.107,0,,-0.011107,0.034253,0
34.258,-11.078,0,,-0.011078,0.034258,0
34.264,-11.048,0,,-0.011048,0.034264,0
34.269,-11.019,0,,-0.011019,0.034269,0
34.275,-10.99,0,,-0.01099,0.034275,0
34.28,-10.96,0,,-0.01096,0.03428,0
34.285,-10.931,0,,-0.010931,0.034285,0
34.29,-10.901,0,,-0.010901,0.03429,0
34.296,-10.872,0,,-0.010872,0.034296,0
34.301,-10.843,0,,-0.010843,0.034301,0
34.306,-10.813,0,,-0.010813,0.034306,0
34.311,-10.784,0,,-0.010784,0.034311,0
34.316,-10.754,0,,-0.010754,0.034316,0
34.321,-10.725,0,,-0.010725,0.034321,0
34.326,-10.696,0,,-0.010696,0.034326,0
34.331,-10.666,0,,-0.010666,0.034331,0
34.336,-10.637,0,,-0.010637,0.034336,0
34.341,-10.608,0,,-0.010608,0.034341,0
34.346,-10.578,0,,-0.010578,0.034346,0
34.351,-10.549,0,,-0.010549,0.034351,0
34.356,-10.52,0,,-0.01052,0.034356,0
34.361,-10.49,0,,-0.01049,0.034361,0
34.365,-10.461,0,,-0.010461,0.034365,0
34.37,-10.432,0,,-0.010432,0.03437,0
34.375,-10.403,0,,-0.010403,0.034375,0
34.379,-10.373,0,,-0.010373,0.034379,0
34.384,-10.344,0,,-0.010344,0.034384,0
34.388,-10.315,0,,-0.010315,0.034388,0
34.393,-10.286,0,,-0.010286,0.034393,0
34.398,-10.257,0,,-0.010257,0.034398,0
34.402,-10.227,0,,-0.010227,0.034402,0
34.406,-10.198,0,,-0.010198,0.034406,0
34.411,-10.169,0,,-0.010169,0.034411,0
34.415,-10.14,0,,-0.01014,0.034415,0
34.419,-10.111,0,,-0.010111,0.034419,0
34.424,-10.082,0,,-0.010082,0.034424,0
34.428,-10.052,0,,-0.010052,0.034428,0
34.432,-10.023,0,,-0.010023,0.034432,0
34.436,-9.9943,0,,-0.0099943,0.034436,0
34.441,-9.9652,0,,-0.0099652,0.034441,0
34.445,-9.9361,0,,-0.0099361,0.034445,0
34.449,-9.907,0,,-0.009907,0.034449,0
34.453,-9.878,0,,-0.009878,0.034453,0
34.457,-9.849,0,,-0.009849,0.034457,0
34.461,-9.82,0,,-0.00982,0.034461,0
34.465,-9.791,0,,-0.009791,0.034465,0
34.469,-9.762,0,,-0.009762,0.034469,0
34.472,-9.733,0,,-0.009733,0.034472,0
34.476,-9.704,0,,-0.009704,0.034476,0
34.48,-9.6751,0,,-0.0096751,0.03448,0
34.484,-9.6462,0,,-0.0096462,0.034484,0
34.488,-9.6173,0,,-0.0096173,0.034488,0
34.491,-9.5884,0,,-0.0095884,0.034491,0
34.495,-9.5595,0,,-0.0095595,0.034495,0
34.498,-9.5306,0,,-0.0095306,0.034498,0
34.502,-9.5018,0,,-0.0095018,0.034502,0
34.506,-9.473,0,,-0.009473,0.034506,0
34.509,-9.4442,0,,-0.0094442,0.034509,0
34.513,-9.4154,0,,-0.0094154,0.034513,0
34.516,-9.3866,0,,-0.0093866,0.034516,0
34.519,-9.3578,0,,-0.0093578,0.034519,0
34.523,-9.3291,0,,-0.0093291,0.034523,0
34.526,-9.3004,0,,-0.0093004,0.034526,0
34.529,-9.2717,0,,-0.0092717,0.034529,0
34.533,-9.243,0,,-0.009243,0.034533,0
34.536,-9.2143,0,,-0.0092143,0.034536,0
34.539,-9.1857,0,,-0.0091857,0.034539,0
34.542,-9.1571,0,,-0.0091571,0.034542,0
34.545,-9.1285,0,,-0.0091285,0.034545,0
34.548,-9.0999,0,,-0.0090999,0.034548,0
34.551,-9.0713,0,,-0.0090713,0.034551,0
34.554,-9.0428,0,,-0.0090428,0.034554,0
34.557,-9.0143,0,,-0.0090143,0.034557,0
34.56,-8.9858,0,,-0.0089858,0.03456,0
34.563,-8.9573,0,,-0.0089573,0.034563,0
34.566,-8.9289,0,,-0.0089289,0.034566,0
34.569,-8.9004,0,,-0.0089004,0.034569,0
34.571,-8.872,0,,-0.008872,0.034571,0
34.574,-8.8437,0,,-0.0088437,0.034574,0
34.577,-8.8153,0,,-0.0088153,0.034577,0
34.579,-8.787,0,,-0.008787,0.034579,0
34.582,-8.7587,0,,-0.0087587,0.034582,0
34.585,-8.7304,0,,-0.0087304,0.034585,0
34.587,-8.7022,0,,-0.0087022,0.034587,0
34.59,-8.6739,0,,-0.0086739,0.03459,0
34.592,-8.6457,0,,-0.0086457,0.034592,0
34.594,-8.6176,0,,-0.0086176,0.034594,0
34.597,-8.5894,0,,-0.0085894,0.034597,0
34.599,-8.5613,0,,-0.0085613,0.034599,0
34.602,-8.5332,0,,-0.0085332,0.034602,0
34.604,-8.5051,0,,-0.0085051,0.034604,0
34.606,-8.4771,0,,-0.0084771,0.034606,0
34.608,-8.4491,0,,-0.0084491,0.034608,0
34.61,-8.4211,0,,-0.0084211,0.03461,0
34.613,-8.3932,0,,-0.0083932,0.034613,0
34.615,-8.3653,0,,-0.0083653,0.034615,0
34.617,-8.3374,0,,-0.0083374,0.034617,0
34.619,-8.3096,0,,-0.0083096,0.034619,0
34.621,-8.2818,0,,-0.0082818,0.034621,0
34.623,-8.254,0,,-0.008254,0.034623,0
34.624,-8.2263,0,,-0.0082263,0.034624,0
34.626,-8.1985,0,,-0.0081985,0.034626,0
34.628,-8.1709,0,,-0.0081709,0.034628,0
34.63,-8.1432,0,,-0.0081432,0.03463,0
34.632,-8.1156,0,,-0.0081156,0.034632,0
34.633,-8.0881,0,,-0.0080881,0.034633,0
34.635,-8.0605,0,,-0.0080605,0.034635,0
34.637,-8.0331,0,,-0.0080331,0.034637,0
34.638,-8.0056,0,,-0.0080056,0.034638,0
34.64,-7.9782,0,,-0.0079782,0.03464,0
34.641,-7.9508,0,,-0.0079508,0.034641,0
34.643,-7.9235,0,,-0.0079235,0.034643,0
34.644,-7.8962,0,,-0.0078962,0.034644,0
34.645,-7.869,0,,-0.007869,0.034645,0
34.647,-7.8418,0,,-0.0078418,0.034647,0
34.648,-7.8146,0,,-0.0078146,0.034648,0
34.649,-7.7875,0,,-0.0077875,0.034649,0
34.651,-7.7605,0,,-0.0077605,0.034651,0
34.652,-7.7334,0,,-0.0077334,0.034652,0
34.653,-7.7065,0,,-0.0077065,0.034653,0
34.654,-7.6795,0,,-0.0076795,0.034654,0
34.655,-7.6527,0,,-0.0076527,0.034655,0
34.656,-7.6259,0,,-0.0076259,0.034656,0
34.657,-7.5991,0,,-0.0075991,0.034657,0
34.658,-7.5724,0,,-0.0075724,0.034658,0
34.659,-7.5457,0,,-0.0075457,0.034659,0
34.66,-7.5191,0,,-0.0075191,0.03466,0
34.661,-7.4925,0,,-0.0074925,0.034661,0
34.662,-7.466,0,,-0.007466,0.034662,0
34.662,-7.4396,0,,-0.0074396,0.034662,0
34.663,-7.4132,0,,-0.0074132,0.034663,0
34.664,-7.3867,0,,-0.0073867,0.034664,0
34.664,-7.3603,0,,-0.0073603,0.034664,0
34.665,-7.3339,0,,-0.0073339,0.034665,0
34.666,-7.3074,0,,-0.0073074,0.034666,0
34.666,-7.2809,0,,-0.0072809,0.034666,0
34.667,-7.2544,0,,-0.0072544,0.034667,0
34.667,-7.2279,0,,-0.0072279,0.034667,0
34.667,-7.2013,0,,-0.0072013,0.034667,0
34.668,-7.1748,0,,-0.0071748,0.034668,0
34.668,-7.1482,0,,-0.0071482,0.034668,0
34.668,-7.1216,0,,-0.0071216,0.034668,0
34.669,-7.095,0,,-0.007095,0.034669,0
34.669,-7.0684,0,,-0.0070684,0.034669,0
34.669,-7.0418,0,,-0.0070418,0.034669,0
34.669,-7.0152,0,,-0.0070152,0.034669,0
34.669,-6.9885,0,,-0.0069885,0.034669,0
34.67,-6.9619,0,,-0.0069619,0.03467,0
34.67,-6.9352,0,,-0.0069352,0.03467,0
34.67,-6.9086,0,,-0.0069086,0.03467,0
34.67,-6.8819,0,,-0.0068819,0.03467,0
34.669,-6.8552,0,,-0.0068552,0.034669,0
34.669,-6.8285,0,,-0.0068285,0.034669,0
34.669,-6.8018,0,,-0.0068018,0.034669,0
34.669,-6.7751,0,,-0.0067751,0.034669,0
34.669,-6.7484,0,,-0.0067484,0.034669,0
34.669,-6.7217,0,,-0.0067217,0.034669,0
34.668,-6.695,0,,-0.006695,0.034668,0
34.668,-6.6682,0,,-0.0066682,0.034668,0
34.668,-6.6415,0,,-0.0066415,0.034668,0
34.667,-6.6148,0,,-0.0066148,0.034667,0
34.667,-6.5881,0,,-0.0065881,0.034667,0
34.666,-6.5613,0,,-0.0065613,0.034666,0
34.666,-6.5346,0,,-0.0065346,0.034666,0
34.665,-6.5079,0,,-0.0065079,0.034665,0
34.665,-6.4812,0,,-0.0064812,0.034665,0
34.664,-6.4545,0,,-0.0064545,0.034664,0
34.663,-6.4278,0,,-0.0064278,0.034663,0
34.663,-6.4011,0,,-0.0064011,0.034663,0
34.662,-6.3744,0,,-0.0063744,0.034662,0
34.661,-6.3477,0,,-0.0063477,0.034661,0
34.66,-6.321,0,,-0.006321,0.03466,0
34.66,-6.2944,0,,-0.0062944,0.03466,0
34.659,-6.2677,0,,-0.0062677,0.034659,0
34.658,-6.2411,0,,-0.0062411,0.034658,0
34.657,-6.2145,0,,-0.0062145,0.034657,0
34.656,-6.1879,0,,-0.0061879,0.034656,0
34.655,-6.1613,0,,-0.0061613,0.034655,0
34.654,-6.1347,0,,-0.0061347,0.034654,0
34.653,-6.1082,0,,-0.0061082,0.034653,0
34.652,-6.0816,0,,-0.0060816,0.034652,0
34.651,-6.0551,0,,-0.0060551,0.034651,0
34.649,-6.0286,0,,-0.0060286,0.034649,0
34.648,-6.0022,0,,-0.0060022,0.034648,0
34.647,-5.9757,0,,-0.0059757,0.034647,0
34.646,-5.9493,0,,-0.0059493,0.034646,0
34.644,-5.923,0,,-0.005923,0.034644,0
34.643,-5.8966,0,,-0.0058966,0.034643,0
34.642,-5.8703,0,,-0.0058703,0.034642,0
34.64,-5.844,0,,-0.005844,0.03464,0
34.639,-5.8178,0,,-0.0058178,0.034639,0
34.637,-5.7916,0,,-0.0057916,0.034637,0
34.636,-5.7654,0,,-0.0057654,0.034636,0
34.634,-5.7393,0,,-0.0057393,0.034634,0
34.632,-5.7133,0,,-0.0057133,0.034632,0
34.631,-5.6872,0,,-0.0056872,0.034631,0
34.629,-5.6613,0,,-0.0056613,0.034629,0
34.628,-5.6354,0,,-0.0056354,0.034628,0
34.626,-5.6095,0,,-0.0056095,0.034626,0
34.624,-5.5837,0,,-0.0055837,0.034624,0
34.622,-5.558,0,,-0.005558,0.034622,0
34.62,-5.5323,0,,-0.0055323,0.03462,0
34.619,-5.5067,0,,-0.0055067,0.034619,0
34.617,-5.4811,0,,-0.0054811,0.034617,0
34.615,-5.4557,0,,-0.0054557,0.034615,0
34.613,-5.4303,0,,-0.0054303,0.034613,0
34.611,-5.4049,0,,-0.0054049,0.034611,0
34.609,-5.3797,0,,-0.0053797,0.034609,0
34.607,-5.3546,0,,-0.0053546,0.034607,0
34.605,-5.3295,0,,-0.0053295,0.034605,0
34.603,-5.3045,0,,-0.0053045,0.034603,0
34.6,-5.2797,0,,-0.0052797,0.0346,0
34.598,-5.2549,0,,-0.0052549,0.034598,0
34.596,-5.2303,0,,-0.0052303,0.034596,0
34.594,-5.2057,0,,-0.0052057,0.034594,0
34.592,-5.1813,0,,-0.0051813,0.034592,0
34.589,-5.157,0,,-0.005157,0.034589,0
34.587,-5.1328,0,,-0.0051328,0.034587,0
34.585,-5.1088,0,,-0.0051088,0.034585,0
34.583,-5.0849,0,,-0.0050849,0.034583,0
34.58,-5.0612,0,,-0.0050612,0.03458,0
34.578,-5.0376,0,,-0.0050376,0.034578,0
34.575,-5.0141,0,,-0.0050141,0.034575,0
34.573,-4.9908,0,,-0.0049908,0.034573,0
34.57,-4.9664,0,,-0.0049664,0.03457,0
34.567,-4.94,0,,-0.00494,0.034567,0
34.565,-4.9137,0,,-0.0049137,0.034565,0
34.562,-4.8875,0,,-0.0048875,0.034562,0
34.559,-4.8589,0,,-0.0048589,0.034559,0
34.555,-4.8279,0,,-0.0048279,0.034555,0
34.551,-4.7967,0,,-0.0047967,0.034551,0
34.548,-4.7657,0,,-0.0047657,0.034548,0
34.544,-4.7349,0,,-0.0047349,0.034544,0
34.541,-4.7042,0,,-0.0047042,0.034541,0
34.537,-4.6735,0,,-0.0046735,0.034537,0
34.534,-4.6427,0,,-0.0046427,0.034534,0
34.53,-4.6121,0,,-0.0046121,0.03453,0
34.526,-4.5816,0,,-0.0045816,0.034526,0
34.523,-4.5511,0,,-0.0045511,0.034523,0
34.519,-4.5207,0,,-0.0045207,0.034519,0
34.515,-4.4903,0,,-0.0044903,0.034515,0
34.512,-4.46,0,,-0.00446,0.034512,0
34.508,-4.4297,0,,-0.0044297,0.034508,0
34.504,-4.3995,0,,-0.0043995,0.034504,0
34.5,-4.3692,0,,-0.0043692,0.0345,0
34.497,-4.339,0,,-0.004339,0.034497,0
34.493,-4.3089,0,,-0.0043089,0.034493,0
34.489,-4.2787,0,,-0.0042787,0.034489,0
34.485,-4.2485,0,,-0.0042485,0.034485,0
34.481,-4.2184,0,,-0.0042184,0.034481,0
34.477,-4.1882,0,,-0.0041882,0.034477,0
34.473,-4.1581,0,,-0.0041581,0.034473,0
34.469,-4.128,0,,-0.004128,0.034469,0
34.465,-4.0978,0,,-0.0040978,0.034465,0
34.461,-4.0677,0,,-0.0040677,0.034461,0
34.457,-4.0375,0,,-0.0040375,0.034457,0
34.453,-4.0074,0,,-0.0040074,0.034453,0
34.449,-3.9772,0,,-0.0039772,0.034449,0
34.445,-3.947,0,,-0.003947,0.034445,0
34.441,-3.9168,0,,-0.0039168,0.034441,0
34.437,-3.8865,0,,-0.0038865,0.034437,0
34.433,-3.8562,0,,-0.0038562,0.034433,0
34.428,-3.8259,0,,-0.0038259,0.034428,0
34.424,-3.7955,0,,-0.0037955,0.034424,0
34.42,-3.7651,0,,-0.0037651,0.03442,0
34.416,-3.7346,0,,-0.0037346,0.034416,0
34.411,-3.7041,0,,-0.0037041,0.034411,0
34.407,-3.6734,0,,-0.0036734,0.034407,0
34.402,-3.6427,0,,-0.0036427,0.034402,0
34.398,-3.612,0,,-0.003612,0.034398,0
34.393,-3.5811,0,,-0.0035811,0.034393,0
34.389,-3.5501,0,,-0.0035501,0.034389,0
34.384,-3.519,0,,-0.003519,0.034384,0
34.38,-3.4878,0,,-0.0034878,0.03438,0
34.375,-3.4565,0,,-0.0034565,0.034375,0
34.37,-3.425,0,,-0.003425,0.03437,0
34.366,-3.3934,0,,-0.0033934,0.034366,0
34.361,-3.3617,0,,-0.0033617,0.034361,0
34.356,-3.3298,0,,-0.0033298,0.034356,0
34.351,-3.2976,0,,-0.0032976,0.034351,0
34.346,-3.2653,0,,-0.0032653,0.034346,0
34.341,-3.2328,0,,-0.0032328,0.034341,0
34.336,-3.2001,0,,-0.0032001,0.034336,0
34.331,-3.167,0,,-0.003167,0.034331,0
34.326,-3.1338,0,,-0.0031338,0.034326,0
34.321,-3.1003,0,,-0.0031003,0.034321,0
34.316,-3.0664,0,,-0.0030664,0.034316,0
34.31,-3.0322,0,,-0.0030322,0.03431,0
34.305,-2.9977,0,,-0.0029977,0.034305,0
34.3,-2.9629,0,,-0.0029629,0.0343,0
34.294,-2.9276,0,,-0.0029276,0.034294,0
34.288,-2.8917,0,,-0.0028917,0.034288,0
34.283,-2.8554,0,,-0.0028554,0.034283,0
34.277,-2.8187,0,,-0.0028187,0.034277,0
34.271,-2.7812,0,,-0.0027812,0.034271,0
34.265,-2.7431,0,,-0.0027431,0.034265,0
34.259,-2.7043,0,,-0.0027043,0.034259,0
34.253,-2.6647,0,,-0.0026647,0.034253,0
34.247,-2.6243,0,,-0.0026243,0.034247,0
34.24,-2.583,0,,-0.002583,0.03424,0
34.234,-2.5408,0,,-0.0025408,0.034234,0
34.227,-2.4974,0,,-0.0024974,0.034227,0
34.22,-2.4529,0,,-0.0024529,0.03422,0
34.213,-2.407,0,,-0.002407,0.034213,0
34.206,-2.3595,0,,-0.0023595,0.034206,0
34.198,-2.3104,0,,-0.0023104,0.034198,0
34.191,-2.2597,0,,-0.0022597,0.034191,0
34.183,-2.2072,0,,-0.0022072,0.034183,0
34.175,-2.1525,0,,-0.0021525,0.034175,0
34.167,-2.0956,0,,-0.0020956,0.034167,0
34.158,-2.0364,0,,-0.0020364,0.034158,0
34.15,-1.9749,0,,-0.0019749,0.03415,0
34.141,-1.9103,0,,-0.0019103,0.034141,0
34.132,-1.8427,0,,-0.0018427,0.034132,0
34.123,-1.772,0,,-0.001772,0.034123,0
34.113,-1.698,0,,-0.001698,0.034113,0
34.104,-1.6198,0,,-0.0016198,0.034104,0
34.094,-1.5372,0,,-0.0015372,0.034094,0
34.085,-1.4508,0,,-0.0014508,0.034085,0
34.075,-1.3604,0,,-0.0013604,0.034075,0
34.065,-1.2653,0,,-0.0012653,0.034065,0
34.056,-1.1653,0,,-0.0011653,0.034056,0
34.047,-1.0612,0,,-0.0010612,0.034047,0
34.038,-0.95289,0,,-0.00095289,0.034038,0
34.03,-0.83968,0,,-0.00083968,0.03403,0
34.023,-0.72169,0,,-0.00072169,0.034023,0
34.016,-0.60013,0,,-0.00060013,0.034016,0
34.01,-0.47539,0,,-0.00047539,0.03401,0
34.006,-0.34704,0,,-0.00034704,0.034006,0
34.002,-0.21584,0,,-0.00021584,0.034002,0
34,-0.082531,0,,-0.000082531,0.034,0
34,0.051459,0,,0.000051459,0.034,0
34,0.18568,0,,0.00018568,0.034,0
34.002,0.31939,0,,0.00031939,0.034002,0
34.006,0.45168,0,,0.00045168,0.034006,0
34.011,0.58207,0,,0.00058207,0.034011,0
34.016,0.71068,0,,0.00071068,0.034016,0
34.023,0.83701,0,,0.00083701,0.034023,0
34.031,0.96004,0,,0.00096004,0.034031,0
34.04,1.0793,0,,0.0010793,0.03404,0
34.05,1.1945,0,,0.0011945,0.03405,0
34.06,1.3055,0,,0.0013055,0.03406,0
34.071,1.4121,0,,0.0014121,0.034071,0
34.081,1.514,0,,0.001514,0.034081,0
34.093,1.6114,0,,0.0016114,0.034093,0
34.104,1.7046,0,,0.0017046,0.034104,0
34.115,1.7936,0,,0.0017936,0.034115,0
34.126,1.8788,0,,0.0018788,0.034126,0
34.137,1.9604,0,,0.0019604,0.034137,0
34.149,2.0386,0,,0.0020386,0.034149,0
34.16,2.1137,0,,0.0021137,0.03416,0
34.17,2.186,0,,0.002186,0.03417,0
34.181,2.2557,0,,0.0022557,0.034181,0
34.192,2.323,0,,0.002323,0.034192,0
34.203,2.3881,0,,0.0023881,0.034203,0
34.213,2.4513,0,,0.0024513,0.034213,0
34.223,2.5127,0,,0.0025127,0.034223,0
34.234,2.5726,0,,0.0025726,0.034234,0
34.244,2.6309,0,,0.0026309,0.034244,0
34.254,2.6881,0,,0.0026881,0.034254,0
34.264,2.744,0,,0.002744,0.034264,0
34.274,2.799,0,,0.002799,0.034274,0
34.284,2.8531,0,,0.0028531,0.034284,0
34.294,2.9063,0,,0.0029063,0.034294,0
34.304,2.9589,0,,0.0029589,0.034304,0
34.313,3.0108,0,,0.0030108,0.034313,0
34.323,3.0623,0,,0.0030623,0.034323,0
34.333,3.1132,0,,0.0031132,0.034333,0
34.343,3.1638,0,,0.0031638,0.034343,0
34.353,3.214,0,,0.003214,0.034353,0
34.363,3.264,0,,0.003264,0.034363,0
34.373,3.3137,0,,0.0033137,0.034373,0
34.383,3.3633,0,,0.0033633,0.034383,0
34.393,3.4127,0,,0.0034127,0.034393,0
34.403,3.462,0,,0.003462,0.034403,0
34.413,3.5112,0,,0.0035112,0.034413,0
34.424,3.5604,0,,0.0035604,0.034424,0
34.434,3.6096,0,,0.0036096,0.034434,0
34.445,3.6588,0,,0.0036588,0.034445,0
34.455,3.708,0,,0.003708,0.034455,0
34.466,3.7573,0,,0.0037573,0.034466,0
34.477,3.8066,0,,0.0038066,0.034477,0
34.488,3.856,0,,0.003856,0.034488,0
34.499,3.9055,0,,0.0039055,0.034499,0
34.51,3.9552,0,,0.0039552,0.03451,0
34.521,4.0049,0,,0.0040049,0.034521,0
34.532,4.0547,0,,0.0040547,0.034532,0
34.544,4.104,0,,0.004104,0.034544,0
34.555,4.1522,0,,0.0041522,0.034555,0
34.566,4.1989,0,,0.0041989,0.034566,0
34.576,4.2445,0,,0.0042445,0.034576,0
34.587,4.289,0,,0.004289,0.034587,0
34.597,4.3325,0,,0.0043325,0.034597,0
34.607,4.375,0,,0.004375,0.034607,0
34.617,4.4166,0,,0.0044166,0.034617,0
34.627,4.4575,0,,0.0044575,0.034627,0
34.637,4.4976,0,,0.0044976,0.034637,0
34.646,4.5369,0,,0.0045369,0.034646,0
34.656,4.5756,0,,0.0045756,0.034656,0
34.665,4.6137,0,,0.0046137,0.034665,0
34.674,4.6512,0,,0.0046512,0.034674,0
34.683,4.6882,0,,0.0046882,0.034683,0
34.692,4.7247,0,,0.0047247,0.034692,0
34.701,4.7606,0,,0.0047606,0.034701,0
34.71,4.796,0,,0.004796,0.03471,0
34.718,4.831,0,,0.004831,0.034718,0
34.727,4.8656,0,,0.0048656,0.034727,0
34.735,4.8998,0,,0.0048998,0.034735,0
34.744,4.9338,0,,0.0049338,0.034744,0
34.752,4.9674,0,,0.0049674,0.034752,0
34.76,5.0007,0,,0.0050007,0.03476,0
34.768,5.0338,0,,0.0050338,0.034768,0
34.776,5.0665,0,,0.0050665,0.034776,0
34.784,5.0991,0,,0.0050991,0.034784,0
34.792,5.1314,0,,0.0051314,0.034792,0
34.8,5.1634,0,,0.0051634,0.0348,0
34.808,5.1953,0,,0.0051953,0.034808,0
34.816,5.2269,0,,0.0052269,0.034816,0
34.824,5.2583,0,,0.0052583,0.034824,0
34.831,5.2895,0,,0.0052895,0.034831,0
34.839,5.3206,0,,0.0053206,0.034839,0
34.847,5.3517,0,,0.0053517,0.034847,0
34.854,5.3825,0,,0.0053825,0.034854,0
34.862,5.4132,0,,0.0054132,0.034862,0
34.869,5.4437,0,,0.0054437,0.034869,0
34.877,5.4742,0,,0.0054742,0.034877,0
34.884,5.5045,0,,0.0055045,0.034884,0
34.891,5.5346,0,,0.0055346,0.034891,0
34.899,5.5647,0,,0.0055647,0.034899,0
34.906,5.5948,0,,0.0055948,0.034906,0
34.913,5.6247,0,,0.0056247,0.034913,0
34.92,5.6545,0,,0.0056545,0.03492,0
34.928,5.6843,0,,0.0056843,0.034928,0
34.935,5.714,0,,0.005714,0.034935,0
34.942,5.7437,0,,0.0057437,0.034942,0
34.949,5.7732,0,,0.0057732,0.034949,0
34.956,5.8027,0,,0.0058027,0.034956,0
34.963,5.8322,0,,0.0058322,0.034963,0
34.97,5.8616,0,,0.0058616,0.03497,0
34.977,5.8909,0,,0.0058909,0.034977,0
34.984,5.9202,0,,0.0059202,0.034984,0
34.991,5.9494,0,,0.0059494,0.034991,0
34.998,5.9786,0,,0.0059786,0.034998,0
35.005,6.0078,0,,0.0060078,0.035005,0
35.012,6.0369,0,,0.0060369,0.035012,0
35.019,6.066,0,,0.006066,0.035019,0
35.026,6.0951,0,,0.0060951,0.035026,0
35.032,6.1241,0,,0.0061241,0.035032,0
35.039,6.1531,0,,0.0061531,0.035039,0
35.046,6.1821,0,,0.0061821,0.035046,0
35.053,6.211,0,,0.006211,0.035053,0
35.059,6.24,0,,0.00624,0.035059,0
35.066,6.2689,0,,0.0062689,0.035066,0
35.073,6.2978,0,,0.0062978,0.035073,0
35.079,6.3266,0,,0.0063266,0.035079,0
35.086,6.3555,0,,0.0063555,0.035086,0
35.093,6.3843,0,,0.0063843,0.035093,0
35.099,6.4131,0,,0.0064131,0.035099,0
35.106,6.442,0,,0.006442,0.035106,0
35.112,6.4708,0,,0.0064708,0.035112,0
35.119,6.4996,0,,0.0064996,0.035119,0
35.125,6.5284,0,,0.0065284,0.035125,0
35.132,6.5572,0,,0.0065572,0.035132,0
35.139,6.5859,0,,0.0065859,0.035139,0
35.145,6.6147,0,,0.0066147,0.035145,0
35.151,6.6434,0,,0.0066434,0.035151,0
35.158,6.6721,0,,0.0066721,0.035158,0
35.164,6.701,0,,0.006701,0.035164,0
35.171,6.7298,0,,0.0067298,0.035171,0
35.177,6.7585,0,,0.0067585,0.035177,0
35.184,6.7873,0,,0.0067873,0.035184,0
35.19,6.8161,0,,0.0068161,0.03519,0
35.196,6.8448,0,,0.0068448,0.035196,0
35.203,6.8735,0,,0.0068735,0.035203,0
35.209,6.9023,0,,0.0069023,0.035209,0
35.215,6.9312,0,,0.0069312,0.035215,0
35.221,6.96,0,,0.00696,0.035221,0
35.228,6.9888,0,,0.0069888,0.035228,0
35.234,7.0176,0,,0.0070176,0.035234,0
35.24,7.0465,0,,0.0070465,0.03524,0
35.247,7.0753,0,,0.0070753,0.035247,0
35.253,7.1041,0,,0.0071041,0.035253,0
35.259,7.1329,0,,0.0071329,0.035259,0
35.265,7.1618,0,,0.0071618,0.035265,0
35.271,7.1907,0,,0.0071907,0.035271,0
35.277,7.2196,0,,0.0072196,0.035277,0
35.284,7.2485,0,,0.0072485,0.035284,0
35.29,7.2774,0,,0.0072774,0.03529,0
35.296,7.3063,0,,0.0073063,0.035296,0
35.302,7.3352,0,,0.0073352,0.035302,0
35.308,7.3641,0,,0.0073641,0.035308,0
35.314,7.3931,0,,0.0073931,0.035314,0
35.32,7.422,0,,0.007422,0.03532,0
35.326,7.451,0,,0.007451,0.035326,0
35.332,7.48,0,,0.00748,0.035332,0
35.338,7.509,0,,0.007509,0.035338,0
35.344,7.5381,0,,0.0075381,0.035344,0
35.35,7.5671,0,,0.0075671,0.03535,0
35.356,7.5962,0,,0.0075962,0.035356,0
35.362,7.6252,0,,0.0076252,0.035362,0
35.368,7.6543,0,,0.0076543,0.035368,0
35.374,7.6835,0,,0.0076835,0.035374,0
35.38,7.7126,0,,0.0077126,0.03538,0
35.386,7.7417,0,,0.0077417,0.035386,0
35.392,7.7709,0,,0.0077709,0.035392,0
35.398,7.8002,0,,0.0078002,0.035398,0
35.404,7.8294,0,,0.0078294,0.035404,0
35.41,7.8586,0,,0.0078586,0.03541,0
35.416,7.8879,0,,0.0078879,0.035416,0
35.422,7.9172,0,,0.0079172,0.035422,0
35.427,7.9464,0,,0.0079464,0.035427,0
35.433,7.9756,0,,0.0079756,0.035433,0
35.439,8.005,0,,0.008005,0.035439,0
35.445,8.0344,0,,0.0080344,0.035445,0
35.451,8.0638,0,,0.0080638,0.035451,0
35.457,8.0932,0,,0.0080932,0.035457,0
35.462,8.1226,0,,0.0081226,0.035462,0
35.468,8.152,0,,0.008152,0.035468,0
35.474,8.1813,0,,0.0081813,0.035474,0
35.48,8.2107,0,,0.0082107,0.03548,0
35.485,8.2402,0,,0.0082402,0.035485,0
35.491,8.2698,0,,0.0082698,0.035491,0
35.497,8.2995,0,,0.0082995,0.035497,0
35.503,8.329,0,,0.008329,0.035503,0
35.508,8.3586,0,,0.0083586,0.035508,0
35.514,8.3883,0,,0.0083883,0.035514,0
35.52,8.4178,0,,0.0084178,0.03552,0
35.525,8.4474,0,,0.0084474,0.035525,0
35.531,8.477,0,,0.008477,0.035531,0
35.537,8.5068,0,,0.0085068,0.035537,0
35.542,8.5366,0,,0.0085366,0.035542,0
35.548,8.5663,0,,0.0085663,0.035548,0
35.554,8.5961,0,,0.0085961,0.035554,0
35.559,8.6259,0,,0.0086259,0.035559,0
35.565,8.6556,0,,0.0086556,0.035565,0
35.57,8.6853,0,,0.0086853,0.03557,0
35.576,8.7151,0,,0.0087151,0.035576,0
35.582,8.745,0,,0.008745,0.035582,0
35.587,8.775,0,,0.008775,0.035587,0
35.593,8.8049,0,,0.0088049,0.035593,0
35.598,8.8349,0,,0.0088349,0.035598,0
35.604,8.8649,0,,0.0088649,0.035604,0
35.609,8.8949,0,,0.0088949,0.035609,0
35.615,8.9248,0,,0.0089248,0.035615,0
35.621,8.9548,0,,0.0089548,0.035621,0
35.626,8.9849,0,,0.0089849,0.035626,0
35.632,9.015,0,,0.009015,0.035632,0
35.637,9.0452,0,,0.0090452,0.035637,0
35.643,9.0753,0,,0.0090753,0.035643,0
35.648,9.1054,0,,0.0091054,0.035648,0
35.654,9.1356,0,,0.0091356,0.035654,0
35.659,9.1658,0,,0.0091658,0.035659,0
35.665,9.1959,0,,0.0091959,0.035665,0
35.67,9.2261,0,,0.0092261,0.03567,0
35.675,9.2564,0,,0.0092564,0.035675,0
35.681,9.2868,0,,0.0092868,0.035681,0
35.686,9.3171,0,,0.0093171,0.035686,0
35.692,9.3474,0,,0.0093474,0.035692,0
35.697,9.3779,0,,0.0093779,0.035697,0
35.703,9.4084,0,,0.0094084,0.035703,0
35.708,9.4388,0,,0.0094388,0.035708,0
35.714,9.4691,0,,0.0094691,0.035714,0
35.719,9.4997,0,,0.0094997,0.035719,0
35.724,9.5302,0,,0.0095302,0.035724,0
35.73,9.5607,0,,0.0095607,0.03573,0
35.735,9.5911,0,,0.0095911,0.035735,0
35.741,9.6218,0,,0.0096218,0.035741,0
35.746,9.6525,0,,0.0096525,0.035746,0
35.751,9.6831,0,,0.0096831,0.035751,0
35.757,9.7138,0,,0.0097138,0.035757,0
35.762,9.7445,0,,0.0097445,0.035762,0
35.768,9.7753,0,,0.0097753,0.035768,0
35.773,9.806,0,,0.009806,0.035773,0
35.778,9.8367,0,,0.0098367,0.035778,0
35.784,9.8675,0,,0.0098675,0.035784,0
35.789,9.8985,0,,0.0098985,0.035789,0
35.794,9.9293,0,,0.0099293,0.035794,0
35.8,9.9602,0,,0.0099602,0.0358,0
35.805,9.9912,0,,0.0099912,0.035805,0
35.81,10.022,0,,0.010022,0.03581,0
35.816,10.053,0,,0.010053,0.035816,0
35.821,10.084,0,,0.010084,0.035821,0
35.827,10.115,0,,0.010115,0.035827,0
35.832,10.147,0,,0.010147,0.035832,0
35.837,10.178,0,,0.010178,0.035837,0
35.843,10.209,0,,0.010209,0.035843,0
35.848,10.24,0,,0.01024,0.035848,0
35.853,10.271,0,,0.010271,0.035853,0
35.859,10.303,0,,0.010303,0.035859,0
35.864,10.334,0,,0.010334,0.035864,0
35.869,10.365,0,,0.010365,0.035869,0
35.875,10.397,0,,0.010397,0.035875,0
35.88,10.428,0,,0.010428,0.03588,0
35.885,10.46,0,,0.01046,0.035885,0
35.891,10.491,0,,0.010491,0.035891,0
35.896,10.523,0,,0.010523,0.035896,0
35.902,10.554,0,,0.010554,0.035902,0
35.907,10.586,0,,0.010586,0.035907,0
35.912,10.618,0,,0.010618,0.035912,0
35.918,10.649,0,,0.010649,0.035918,0
35.923,10.681,0,,0.010681,0.035923,0
35.929,10.713,0,,0.010713,0.035929,0
35.934,10.745,0,,0.010745,0.035934,0
35.939,10.777,0,,0.010777,0.035939,0
35.945,10.809,0,,0.010809,0.035945,0
35.95,10.841,0,,0.010841,0.03595,0
35.956,10.873,0,,0.010873,0.035956,0
35.961,10.905,0,,0.010905,0.035961,0
35.967,10.937,0,,0.010937,0.035967,0
35.972,10.97,0,,0.01097,0.035972,0
35.978,11.002,0,,0.011002,0.035978,0
35.983,11.034,0,,0.011034,0.035983,0
35.989,11.066,0,,0.011066,0.035989,0
35.994,11.099,0,,0.011099,0.035994,0
36,11.131,0,,0.011131,0.036,0
36.005,11.164,0,,0.011164,0.036005,0
36.011,11.197,0,,0.011197,0.036011,0
36.016,11.229,0,,0.011229,0.036016,0
36.022,11.262,0,,0.011262,0.036022,0
36.027,11.295,0,,0.011295,0.036027,0
36.033,11.328,0,,0.011328,0.036033,0
36.039,11.361,0,,0.011361,0.036039,0
36.044,11.394,0,,0.011394,0.036044,0
36.05,11.427,0,,0.011427,0.03605,0
36.056,11.46,0,,0.01146,0.036056,0
36.062,11.494,0,,0.011494,0.036062,0
36.067,11.527,0,,0.011527,0.036067,0
36.073,11.561,0,,0.011561,0.036073,0
36.079,11.594,0,,0.011594,0.036079,0
36.085,11.628,0,,0.011628,0.036085,0
36.091,11.662,0,,0.011662,0.036091,0
36.097,11.695,0,,0.011695,0.036097,0
36.103,11.729,0,,0.011729,0.036103,0
36.109,11.764,0,,0.011764,0.036109,0
36.115,11.798,0,,0.011798,0.036115,0
36.121,11.833,0,,0.011833,0.036121,0
36.127,11.867,0,,0.011867,0.036127,0
36.133,11.901,0,,0.011901,0.036133,0
36.139,11.935,0,,0.011935,0.036139,0
36.145,11.969,0,,0.011969,0.036145,0
36.151,12.003,0,,0.012003,0.036151,0
36.157,12.036,0,,0.012036,0.036157,0
36.163,12.071,0,,0.012071,0.036163,0
36.169,12.104,0,,0.012104,0.036169,0
36.174,12.132,0,,0.012132,0.036174,0
36.179,12.159,0,,0.012159,0.036179,0
36.184,12.186,0,,0.012186,0.036184,0
36.189,12.213,0,,0.012213,0.036189,0
36.194,12.239,0,,0.012239,0.036194,0
36.198,12.266,0,,0.012266,0.036198,0
36.203,12.292,0,,0.012292,0.036203,0
36.208,12.318,0,,0.012318,0.036208,0
36.212,12.343,0,,0.012343,0.036212,0
36.217,12.369,0,,0.012369,0.036217,0
36.221,12.394,0,,0.012394,0.036221,0
36.225,12.418,0,,0.012418,0.036225,0
36.229,12.443,0,,0.012443,0.036229,0
36.233,12.467,0,,0.012467,0.036233,0
36.237,12.49,0,,0.01249,0.036237,0
36.241,12.513,0,,0.012513,0.036241,0
36.245,12.536,0,,0.012536,0.036245,0
36.249,12.559,0,,0.012559,0.036249,0
36.252,12.581,0,,0.012581,0.036252,0
36.256,12.603,0,,0.012603,0.036256,0
36.259,12.624,0,,0.012624,0.036259,0
36.262,12.645,0,,0.012645,0.036262,0
36.266,12.665,0,,0.012665,0.036266,0
36.269,12.685,0,,0.012685,0.036269,0
36.272,12.704,0,,0.012704,0.036272,0
36.274,12.723,0,,0.012723,0.036274,0
36.277,12.742,0,,0.012742,0.036277,0
36.28,12.761,0,,0.012761,0.03628,0
36.283,12.78,0,,0.01278,0.036283,0
36.285,12.8,0,,0.0128,0.036285,0
36.288,12.819,0,,0.012819,0.036288,0
36.291,12.839,0,,0.012839,0.036291,0
36.293,12.859,0,,0.012859,0.036293,0
36.296,12.879,0,,0.012879,0.036296,0
36.298,12.899,0,,0.012899,0.036298,0
36.301,12.92,0,,0.01292,0.036301,0
36.303,12.94,0,,0.01294,0.036303,0
36.306,12.961,0,,0.012961,0.036306,0
36.308,12.982,0,,0.012982,0.036308,0
36.311,13.003,0,,0.013003,0.036311,0
36.313,13.024,0,,0.013024,0.036313,0
36.315,13.046,0,,0.013046,0.036315,0
36.318,13.067,0,,0.013067,0.036318,0
36.32,13.089,0,,0.013089,0.03632,0
36.322,13.111,0,,0.013111,0.036322,0
36.324,13.133,0,,0.013133,0.036324,0
36.327,13.155,0,,0.013155,0.036327,0
36.329,13.177,0,,0.013177,0.036329,0
36.331,13.199,0,,0.013199,0.036331,0
36.333,13.222,0,,0.013222,0.036333,0
36.335,13.244,0,,0.013244,0.036335,0
36.337,13.267,0,,0.013267,0.036337,0
36.339,13.29,0,,0.01329,0.036339,0
36.341,13.313,0,,0.013313,0.036341,0
36.343,13.336,0,,0.013336,0.036343,0
36.344,13.359,0,,0.013359,0.036344,0
36.346,13.382,0,,0.013382,0.036346,0
36.348,13.406,0,,0.013406,0.036348,0
36.35,13.429,0,,0.013429,0.03635,0
36.351,13.453,0,,0.013453,0.036351,0
36.353,13.477,0,,0.013477,0.036353,0
36.354,13.501,0,,0.013501,0.036354,0
36.356,13.524,0,,0.013524,0.036356,0
36.357,13.549,0,,0.013549,0.036357,0
36.359,13.573,0,,0.013573,0.036359,0
36.36,13.597,0,,0.013597,0.03636,0
36.362,13.621,0,,0.013621,0.036362,0
36.363,13.646,0,,0.013646,0.036363,0
36.364,13.671,0,,0.013671,0.036364,0
36.365,13.695,0,,0.013695,0.036365,0
36.367,13.72,0,,0.01372,0.036367,0
36.368,13.745,0,,0.013745,0.036368,0
36.369,13.77,0,,0.01377,0.036369,0
36.37,13.795,0,,0.013795,0.03637,0
36.371,13.82,0,,0.01382,0.036371,0
36.372,13.845,0,,0.013845,0.036372,0
36.373,13.871,0,,0.013871,0.036373,0
36.374,13.896,0,,0.013896,0.036374,0
36.375,13.922,0,,0.013922,0.036375,0
36.375,13.947,0,,0.013947,0.036375,0
36.376,13.973,0,,0.013973,0.036376,0
36.377,13.999,0,,0.013999,0.036377,0
36.377,14.025,0,,0.014025,0.036377,0
36.378,14.05,0,,0.01405,0.036378,0
36.379,14.076,0,,0.014076,0.036379,0
36.379,14.103,0,,0.014103,0.036379,0
36.38,14.129,0,,0.014129,0.03638,0
36.38,14.155,0,,0.014155,0.03638,0
36.38,14.181,0,,0.014181,0.03638,0
36.381,14.208,0,,0.014208,0.036381,0
36.381,14.234,0,,0.014234,0.036381,0
36.381,14.261,0,,0.014261,0.036381,0
36.381,14.287,0,,0.014287,0.036381,0
36.382,14.314,0,,0.014314,0.036382,0
36.382,14.341,0,,0.014341,0.036382,0
36.382,14.367,0,,0.014367,0.036382,0
36.382,14.394,0,,0.014394,0.036382,0
36.382,14.421,0,,0.014421,0.036382,0
36.382,14.448,0,,0.014448,0.036382,0
36.381,14.475,0,,0.014475,0.036381,0
36.381,14.502,0,,0.014502,0.036381,0
36.381,14.53,0,,0.01453,0.036381,0
36.381,14.557,0,,0.014557,0.036381,0
36.38,14.584,0,,0.014584,0.03638,0
36.38,14.612,0,,0.014612,0.03638,0
36.38,14.639,0,,0.014639,0.03638,0
36.379,14.667,0,,0.014667,0.036379,0
36.379,14.694,0,,0.014694,0.036379,0
36.378,14.722,0,,0.014722,0.036378,0
36.378,14.75,0,,0.01475,0.036378,0
36.377,14.777,0,,0.014777,0.036377,0
36.376,14.805,0,,0.014805,0.036376,0
36.375,14.833,0,,0.014833,0.036375,0
36.375,14.861,0,,0.014861,0.036375,0
36.374,14.889,0,,0.014889,0.036374,0
36.373,14.917,0,,0.014917,0.036373,0
36.372,14.945,0,,0.014945,0.036372,0
36.371,14.973,0,,0.014973,0.036371,0
36.37,15.001,0,,0.015001,0.03637,0
36.369,15.03,0,,0.01503,0.036369,0
36.368,15.058,0,,0.015058,0.036368,0
36.367,15.086,0,,0.015086,0.036367,0
36.365,15.115,0,,0.015115,0.036365,0
36.364,15.143,0,,0.015143,0.036364,0
36.363,15.171,0,,0.015171,0.036363,0
36.361,15.2,0,,0.0152,0.036361,0
36.36,15.229,0,,0.015229,0.03636,0
36.359,15.257,0,,0.015257,0.036359,0
36.357,15.286,0,,0.015286,0.036357,0
36.356,15.315,0,,0.015315,0.036356,0
36.354,15.343,0,,0.015343,0.036354,0
36.352,15.372,0,,0.015372,0.036352,0
36.351,15.401,0,,0.015401,0.036351,0
36.349,15.43,0,,0.01543,0.036349,0
36.347,15.459,0,,0.015459,0.036347,0
36.345,15.488,0,,0.015488,0.036345,0
36.343,15.517,0,,0.015517,0.036343,0
36.341,15.546,0,,0.015546,0.036341,0
36.34,15.575,0,,0.015575,0.03634,0
36.337,15.604,0,,0.015604,0.036337,0
36.335,15.634,0,,0.015634,0.036335,0
36.333,15.663,0,,0.015663,0.036333,0
36.331,15.692,0,,0.015692,0.036331,0
36.329,15.721,0,,0.015721,0.036329,0
36.327,15.751,0,,0.015751,0.036327,0
36.324,15.78,0,,0.01578,0.036324,0
36.322,15.81,0,,0.01581,0.036322,0
36.32,15.839,0,,0.015839,0.03632,0
36.317,15.869,0,,0.015869,0.036317,0
36.315,15.898,0,,0.015898,0.036315,0
36.312,15.928,0,,0.015928,0.036312,0
36.31,15.957,0,,0.015957,0.03631,0
36.307,15.987,0,,0.015987,0.036307,0
36.304,16.017,0,,0.016017,0.036304,0
36.302,16.047,0,,0.016047,0.036302,0
36.299,16.076,0,,0.016076,0.036299,0
36.296,16.106,0,,0.016106,0.036296,0
36.293,16.136,0,,0.016136,0.036293,0
36.29,16.166,0,,0.016166,0.03629,0
36.287,16.196,0,,0.016196,0.036287,0
36.284,16.226,0,,0.016226,0.036284,0
36.281,16.256,0,,0.016256,0.036281,0
36.278,16.286,0,,0.016286,0.036278,0
36.275,16.316,0,,0.016316,0.036275,0
36.272,16.346,0,,0.016346,0.036272,0
36.268,16.376,0,,0.016376,0.036268,0
36.265,16.406,0,,0.016406,0.036265,0
36.262,16.436,0,,0.016436,0.036262,0
36.258,16.466,0,,0.016466,0.036258,0
36.255,16.497,0,,0.016497,0.036255,0
36.252,16.527,0,,0.016527,0.036252,0
36.248,16.557,0,,0.016557,0.036248,0
36.245,16.588,0,,0.016588,0.036245,0
36.241,16.618,0,,0.016618,0.036241,0
36.237,16.648,0,,0.016648,0.036237,0
36.234,16.679,0,,0.016679,0.036234,0
36.23,16.709,0,,0.016709,0.03623,0
36.226,16.74,0,,0.01674,0.036226,0
36.222,16.77,0,,0.01677,0.036222,0
36.218,16.801,0,,0.016801,0.036218,0
36.214,16.831,0,,0.016831,0.036214,0
36.21,16.862,0,,0.016862,0.03621,0
36.206,16.892,0,,0.016892,0.036206,0
36.202,16.923,0,,0.016923,0.036202,0
36.198,16.954,0,,0.016954,0.036198,0
36.194,16.984,0,,0.016984,0.036194,0
36.19,17.015,0,,0.017015,0.03619,0
36.186,17.046,0,,0.017046,0.036186,0
36.181,17.076,0,,0.017076,0.036181,0
36.177,17.107,0,,0.017107,0.036177,0
36.172,17.138,0,,0.017138,0.036172,0
36.168,17.169,0,,0.017169,0.036168,0
36.164,17.2,0,,0.0172,0.036164,0
36.159,17.231,0,,0.017231,0.036159,0
36.154,17.261,0,,0.017261,0.036154,0
36.15,17.292,0,,0.017292,0.03615,0
36.145,17.323,0,,0.017323,0.036145,0
36.14,17.354,0,,0.017354,0.03614,0
36.136,17.385,0,,0.017385,0.036136,0
36.131,17.416,0,,0.017416,0.036131,0
36.126,17.447,0,,0.017447,0.036126,0
36.121,17.478,0,,0.017478,0.036121,0
36.116,17.509,0,,0.017509,0.036116,0
36.111,17.54,0,,0.01754,0.036111,0
36.106,17.572,0,,0.017572,0.036106,0
36.101,17.603,0,,0.017603,0.036101,0
36.096,17.634,0,,0.017634,0.036096,0
36.091,17.665,0,,0.017665,0.036091,0
36.086,17.696,0,,0.017696,0.036086,0
36.08,17.727,0,,0.017727,0.03608,0
36.075,17.759,0,,0.017759,0.036075,0
36.07,17.79,0,,0.01779,0.03607,0
36.064,17.821,0,,0.017821,0.036064,0
36.059,17.853,0,,0.017853,0.036059,0
36.053,17.884,0,,0.017884,0.036053,0
36.048,17.915,0,,0.017915,0.036048,0
36.042,17.946,0,,0.017946,0.036042,0
36.037,17.978,0,,0.017978,0.036037,0
36.031,18.009,0,,0.018009,0.036031,0
36.025,18.041,0,,0.018041,0.036025,0
36.02,18.072,0,,0.018072,0.03602,0
36.014,18.103,0,,0.018103,0.036014,0
36.008,18.135,0,,0.018135,0.036008,0
36.002,18.166,0,,0.018166,0.036002,0
35.996,18.198,0,,0.018198,0.035996,0
35.99,18.229,0,,0.018229,0.03599,0
35.984,18.261,0,,0.018261,0.035984,0
35.978,18.292,0,,0.018292,0.035978,0
35.972,18.324,0,,0.018324,0.035972,0
35.966,18.356,0,,0.018356,0.035966,0
35.96,18.387,0,,0.018387,0.03596,0
35.953,18.419,0,,0.018419,0.035953,0
35.947,18.45,0,,0.01845,0.035947,0
35.941,18.482,0,,0.018482,0.035941,0
35.934,18.514,0,,0.018514,0.035934,0
35.928,18.545,0,,0.018545,0.035928,0
35.921,18.577,0,,0.018577,0.035921,0
35.915,18.609,0,,0.018609,0.035915,0
35.908,18.64,0,,0.01864,0.035908,0
35.902,18.672,0,,0.018672,0.035902,0
35.895,18.704,0,,0.018704,0.035895,0
35.888,18.736,0,,0.018736,0.035888,0
35.882,18.767,0,,0.018767,0.035882,0
35.875,18.799,0,,0.018799,0.035875,0
35.868,18.831,0,,0.018831,0.035868,0
35.861,18.863,0,,0.018863,0.035861,0
35.854,18.895,0,,0.018895,0.035854,0
35.847,18.926,0,,0.018926,0.035847,0
35.84,18.958,0,,0.018958,0.03584,0
35.833,18.99,0,,0.01899,0.035833,0
35.826,19.022,0,,0.019022,0.035826,0
35.819,19.054,0,,0.019054,0.035819,0
35.812,19.086,0,,0.019086,0.035812,0
35.805,19.118,0,,0.019118,0.035805,0
35.798,19.149,0,,0.019149,0.035798,0
35.79,19.181,0,,0.019181,0.03579,0
35.783,19.213,0,,0.019213,0.035783,0
35.775,19.245,0,,0.019245,0.035775,0
35.768,19.277,0,,0.019277,0.035768,0
35.761,19.309,0,,0.019309,0.035761,0
35.753,19.341,0,,0.019341,0.035753,0
35.746,19.373,0,,0.019373,0.035746,0
35.738,19.405,0,,0.019405,0.035738,0
35.73,19.437,0,,0.019437,0.03573,0
35.723,19.469,0,,0.019469,0.035723,0
35.715,19.501,0,,0.019501,0.035715,0
35.707,19.533,0,,0.019533,0.035707,0
35.699,19.565,0,,0.019565,0.035699,0
35.691,19.597,0,,0.019597,0.035691,0
35.683,19.629,0,,0.019629,0.035683,0
35.676,19.661,0,,0.019661,0.035676,0
35.668,19.694,0,,0.019694,0.035668,0
35.659,19.726,0,,0.019726,0.035659,0
35.651,19.758,0,,0.019758,0.035651,0
35.643,19.79,0,,0.01979,0.035643,0
35.635,19.822,0,,0.019822,0.035635,0
35.627,19.854,0,,0.019854,0.035627,0
35.619,19.886,0,,0.019886,0.035619,0
35.61,19.918,0,,0.019918,0.03561,0
35.602,19.951,0,,0.019951,0.035602,0
35.594,19.983,0,,0.019983,0.035594,0
35.585,20.015,0,,0.020015,0.035585,0
35.577,20.047,0,,0.020047,0.035577,0
35.568,20.079,0,,0.020079,0.035568,0
35.56,20.112,0,,0.020112,0.03556,0
35.551,20.144,0,,0.020144,0.035551,0
35.542,20.176,0,,0.020176,0.035542,0
35.534,20.208,0,,0.020208,0.035534,0
35.525,20.24,0,,0.02024,0.035525,0
35.516,20.273,0,,0.020273,0.035516,0
35.508,20.305,0,,0.020305,0.035508,0
35.499,20.337,0,,0.020337,0.035499,0
35.49,20.369,0,,0.020369,0.03549,0
35.481,20.402,0,,0.020402,0.035481,0
35.472,20.434,0,,0.020434,0.035472,0
35.463,20.466,0,,0.020466,0.035463,0
35.454,20.498,0,,0.020498,0.035454,0
35.445,20.531,0,,0.020531,0.035445,0
35.436,20.563,0,,0.020563,0.035436,0
35.426,20.595,0,,0.020595,0.035426,0
35.417,20.628,0,,0.020628,0.035417,0
35.408,20.66,0,,0.02066,0.035408,0
35.399,20.692,0,,0.020692,0.035399,0
35.389,20.725,0,,0.020725,0.035389,0
35.38,20.757,0,,0.020757,0.03538,0
35.37,20.789,0,,0.020789,0.03537,0
35.361,20.822,0,,0.020822,0.035361,0
35.351,20.854,0,,0.020854,0.035351,0
35.342,20.886,0,,0.020886,0.035342,0
35.332,20.919,0,,0.020919,0.035332,0
35.323,20.951,0,,0.020951,0.035323,0
35.313,20.983,0,,0.020983,0.035313,0
35.303,21.016,0,,0.021016,0.035303,0
35.293,21.048,0,,0.021048,0.035293,0
35.284,21.08,0,,0.02108,0.035284,0
35.274,21.113,0,,0.021113,0.035274,0
35.264,21.145,0,,0.021145,0.035264,0
35.254,21.178,0,,0.021178,0.035254,0
35.244,21.21,0,,0.02121,0.035244,0
35.234,21.242,0,,0.021242,0.035234,0
35.224,21.275,0,,0.021275,0.035224,0
35.214,21.307,0,,0.021307,0.035214,0
35.203,21.34,0,,0.02134,0.035203,0
35.193,21.372,0,,0.021372,0.035193,0
35.183,21.404,0,,0.021404,0.035183,0
35.173,21.437,0,,0.021437,0.035173,0
35.162,21.469,0,,0.021469,0.035162,0
35.152,21.502,0,,0.021502,0.035152,0
35.142,21.534,0,,0.021534,0.035142,0
35.131,21.566,0,,0.021566,0.035131,0
35.121,21.599,0,,0.021599,0.035121,0
35.11,21.631,0,,0.021631,0.03511,0
35.1,21.664,0,,0.021664,0.0351,0
35.089,21.696,0,,0.021696,0.035089,0
35.078,21.729,0,,0.021729,0.035078,0
35.068,21.761,0,,0.021761,0.035068,0
35.057,21.794,0,,0.021794,0.035057,0
35.046,21.826,0,,0.021826,0.035046,0
35.035,21.858,0,,0.021858,0.035035,0
35.025,21.891,0,,0.021891,0.035025,0
35.014,21.923,0,,0.021923,0.035014,0
35.003,21.956,0,,0.021956,0.035003,0
34.992,21.988,0,,0.021988,0.034992,0
34.981,22.021,0,,0.022021,0.034981,0
34.97,22.053,0,,0.022053,0.03497,0
34.959,22.086,0,,0.022086,0.034959,0
34.948,22.118,0,,0.022118,0.034948,0
34.936,22.15,0,,0.02215,0.034936,0
34.925,22.183,0,,0.022183,0.034925,0
34.914,22.215,0,,0.022215,0.034914,0
34.903,22.248,0,,0.022248,0.034903,0
34.891,22.28,0,,0.02228,0.034891,0
34.88,22.313,0,,0.022313,0.03488,0
34.868,22.345,0,,0.022345,0.034868,0
34.857,22.378,0,,0.022378,0.034857,0
34.845,22.41,0,,0.02241,0.034845,0
34.834,22.443,0,,0.022443,0.034834,0
34.822,22.475,0,,0.022475,0.034822,0
34.811,22.508,0,,0.022508,0.034811,0
34.799,22.54,0,,0.02254,0.034799,0
34.787,22.573,0,,0.022573,0.034787,0
34.776,22.605,0,,0.022605,0.034776,0
34.764,22.637,0,,0.022637,0.034764,0
34.752,22.67,0,,0.02267,0.034752,0
34.74,22.702,0,,0.022702,0.03474,0
34.728,22.735,0,,0.022735,0.034728,0
34.716,22.767,0,,0.022767,0.034716,0
34.704,22.8,0,,0.0228,0.034704,0
34.692,22.832,0,,0.022832,0.034692,0
34.68,22.865,0,,0.022865,0.03468,0
34.668,22.897,0,,0.022897,0.034668,0
34.656,22.93,0,,0.02293,0.034656,0
34.644,22.962,0,,0.022962,0.034644,0
34.631,22.995,0,,0.022995,0.034631,0
34.619,23.027,0,,0.023027,0.034619,0
34.607,23.06,0,,0.02306,0.034607,0
34.594,23.092,0,,0.023092,0.034594,0
34.582,23.124,0,,0.023124,0.034582,0
34.57,23.157,0,,0.023157,0.03457,0
34.557,23.189,0,,0.023189,0.034557,0
34.545,23.222,0,,0.023222,0.034545,0
34.532,23.254,0,,0.023254,0.034532,0
34.519,23.287,0,,0.023287,0.034519,0
34.507,23.319,0,,0.023319,0.034507,0
34.494,23.352,0,,0.023352,0.034494,0
34.481,23.384,0,,0.023384,0.034481,0
34.469,23.416,0,,0.023416,0.034469,0
34.456,23.449,0,,0.023449,0.034456,0
34.443,23.481,0,,0.023481,0.034443,0
34.43,23.514,0,,0.023514,0.03443,0
34.417,23.546,0,,0.023546,0.034417,0
34.404,23.579,0,,0.023579,0.034404,0
34.391,23.611,0,,0.023611,0.034391,0
34.378,23.643,0,,0.023643,0.034378,0
34.365,23.676,0,,0.023676,0.034365,0
34.352,23.708,0,,0.023708,0.034352,0
34.339,23.741,0,,0.023741,0.034339,0
34.326,23.773,0,,0.023773,0.034326,0
34.313,23.806,0,,0.023806,0.034313,0
34.299,23.838,0,,0.023838,0.034299,0
34.286,23.87,0,,0.02387,0.034286,0
34.273,23.903,0,,0.023903,0.034273,0
34.259,23.935,0,,0.023935,0.034259,0
34.246,23.968,0,,0.023968,0.034246,0
34.232,24,0,,0.024,0.034232,0
34.219,24.032,0,,0.024032,0.034219,0
34.205,24.065,0,,0.024065,0.034205,0
34.192,24.097,0,,0.024097,0.034192,0
34.178,24.13,0,,0.02413,0.034178,0
34.164,24.162,0,,0.024162,0.034164,0
34.151,24.194,0,,0.024194,0.034151,0
34.137,24.227,0,,0.024227,0.034137,0
34.123,24.259,0,,0.024259,0.034123,0
34.109,24.291,0,,0.024291,0.034109,0
34.095,24.324,0,,0.024324,0.034095,0
34.082,24.356,0,,0.024356,0.034082,0
34.068,24.388,0,,0.024388,0.034068,0
34.054,24.421,0,,0.024421,0.034054,0
34.04,24.453,0,,0.024453,0.03404,0
34.026,24.485,0,,0.024485,0.034026,0
34.012,24.518,0,,0.024518,0.034012,0
33.997,24.55,0,,0.02455,0.033997,0
33.983,24.582,0,,0.024582,0.033983,0
33.969,24.615,0,,0.024615,0.033969,0
33.955,24.647,0,,0.024647,0.033955,0
33.94,24.679,0,,0.024679,0.03394,0
33.926,24.712,0,,0.024712,0.033926,0
33.912,24.744,0,,0.024744,0.033912,0
33.897,24.776,0,,0.024776,0.033897,0
33.883,24.809,0,,0.024809,0.033883,0
33.868,24.841,0,,0.024841,0.033868,0
33.854,24.873,0,,0.024873,0.033854,0
33.839,24.905,0,,0.024905,0.033839,0
33.825,24.938,0,,0.024938,0.033825,0
33.81,24.97,0,,0.02497,0.03381,0
33.795,25.002,0,,0.025002,0.033795,0
33.781,25.034,0,,0.025034,0.033781,0
33.766,25.067,0,,0.025067,0.033766,0
33.751,25.099,0,,0.025099,0.033751,0
33.736,25.131,0,,0.025131,0.033736,0
33.721,25.163,0,,0.025163,0.033721,0
33.706,25.196,0,,0.025196,0.033706,0
33.692,25.228,0,,0.025228,0.033692,0
33.677,25.26,0,,0.02526,0.033677,0
33.662,25.292,0,,0.025292,0.033662,0
33.646,25.324,0,,0.025324,0.033646,0
33.631,25.357,0,,0.025357,0.033631,0
33.616,25.389,0,,0.025389,0.033616,0
33.601,25.421,0,,0.025421,0.033601,0
33.586,25.453,0,,0.025453,0.033586,0
33.571,25.485,0,,0.025485,0.033571,0
33.555,25.518,0,,0.025518,0.033555,0
33.54,25.55,0,,0.02555,0.03354,0
33.525,25.582,0,,0.025582,0.033525,0
33.509,25.614,0,,0.025614,0.033509,0
33.494,25.646,0,,0.025646,0.033494,0
33.478,25.678,0,,0.025678,0.033478,0
33.463,25.71,0,,0.02571,0.033463,0
33.447,25.743,0,,0.025743,0.033447,0
33.431,25.775,0,,0.025775,0.033431,0
33.416,25.807,0,,0.025807,0.033416,0
33.4,25.839,0,,0.025839,0.0334,0
33.384,25.871,0,,0.025871,0.033384,0
33.369,25.903,0,,0.025903,0.033369,0
33.353,25.935,0,,0.025935,0.033353,0
33.337,25.967,0,,0.025967,0.033337,0
33.321,25.999,0,,0.025999,0.033321,0
33.305,26.031,0,,0.026031,0.033305,0
33.289,26.063,0,,0.026063,0.033289,0
33.273,26.095,0,,0.026095,0.033273,0
33.257,26.127,0,,0.026127,0.033257,0
33.241,26.159,0,,0.026159,0.033241,0
33.225,26.191,0,,0.026191,0.033225,0
33.209,26.223,0,,0.026223,0.033209,0
33.193,26.255,0,,0.026255,0.033193,0
33.177,26.287,0,,0.026287,0.033177,0
33.16,26.319,0,,0.026319,0.03316,0
33.144,26.351,0,,0.026351,0.033144,0
33.128,26.383,0,,0.026383,0.033128,0
33.111,26.415,0,,0.026415,0.033111,0
33.095,26.447,0,,0.026447,0.033095,0
33.079,26.479,0,,0.026479,0.033079,0
33.062,26.511,0,,0.026511,0.033062,0
33.046,26.543,0,,0.026543,0.033046,0
33.029,26.575,0,,0.026575,0.033029,0
33.012,26.607,0,,0.026607,0.033012,0
32.991,26.648,0,,0.026648,0.032991,0
