-0.0254657878564399,0.0323836165822874,-0
-0.0254365149363342,0.0323957238819232,-0
-0.0254072375113465,0.0324078060656164,-0
-0.0253779556024243,0.0324198631330673,-0
-0.025348669230524,0.0324318950839892,-0
-0.0253193784165627,0.032443901918128,-0
-0.0252900831814787,0.0324558836352374,-0
-0.0252607835462228,0.0324678402350829,-0
-0.0252314795317117,0.0324797717174601,-0
-0.0252021711588795,0.0324916780821743,-0
-0.0251728584486623,0.0325035593290464,-0
-0.0251435414219751,0.0325154154579225,-0
-0.0251142200997522,0.0325272464686575,-0
-0.0250848945029046,0.0325390523611319,-0
-0.025055564652361,0.032550833135236,-0
-0.0250262305690377,0.0325625887908814,-0
-0.0249968922738385,0.0325743193280011,-0
-0.0249675497876986,0.0325860247465324,-0
-0.0249382031315089,0.0325977050464463,-0
-0.0249088523261869,0.0326093602277201,-0
-0.0248794973926355,0.0326209902903533,-0
-0.0248501383517615,0.0326325952343601,-0
-0.0248207752244675,0.0326441750597731,-0
-0.0247914080316527,0.0326557297666426,-0
-0.0247620367942119,0.0326672593550371,-0
-0.0247326615330323,0.0326787638250444,-0
-0.0247032822690293,0.032690243176758,-0
-0.0246738990230711,0.0327016974103061,-0
-0.0246445118160552,0.0327131265258218,-0
-0.0246151206688664,0.0327245305234598,-0
-0.024585725602375,0.0327359094033967,-0
-0.0245563266374874,0.0327472631658116,-0
-0.0245269237950562,0.0327585918109207,-0
-0.0244975170959764,0.0327698953389404,-0
-0.0244681065611029,0.0327811737501187,-0
-0.0244386922113199,0.0327924270447091,-0
-0.0244092740674888,0.0328036552229899,-0
-0.0243798521504752,0.0328148582852542,-0
-0.0243504264811532,0.0328260362318084,-0
-0.0243209970803646,0.0328371890629873,-0
-0.0242915639689764,0.0328483167791329,-0
-0.0242621271678522,0.0328594193806044,-0
-0.0242326866978262,0.0328704968677885,-0
-0.0242032425797642,0.0328815492410768,-0
-0.0241737948345041,0.0328925765008872,-0
-0.0241443434828986,0.0329035786476485,-0
-0.0241148885457793,0.0329145556818139,-0
-0.0240854300439974,0.0329255076038454,-0
-0.0240559679983761,0.0329364344142319,-0
-0.0240265024297617,0.0329473361134699,-0
-0.0239970333589714,0.0329582127020829,-0
-0.0239675608068558,0.0329690641805986,-0
-0.0239380847942103,0.0329798905495811,-0
-0.023908605341882,0.0329906918095919,-0
-0.0238791224706835,0.0330014679612215,-0
-0.0238496362014299,0.0330122190050755,-0
-0.0238201465549271,0.0330229449417793,-0
-0.0237906535520083,0.0330336457719647,-0
-0.0237611572134623,0.0330443214962955,-0
-0.0237316575600975,0.0330549721154452,-0
-0.0237021546127273,0.0330655976301013,-0
-0.0236726483921393,0.0330761980409769,-0
-0.0236431389191383,0.0330867733487953,-0
-0.0236136262145132,0.0330973235543017,-0
-0.0235841102990571,0.0331078486582558,-0
-0.0235545911935562,0.0331183486614363,-0
-0.0235250689187972,0.0331288235646376,-0
-0.0234955434955622,0.0331392733686722,-0
-0.0234660149446269,0.0331496980743709,-0
-0.0234364832867653,0.0331600976825813,-0
-0.0234069485427567,0.0331704721941653,-0
-0.0233774107333661,0.0331808216100062,-0
-0.0233478698793583,0.0331911459310033,-0
-0.0233183260014989,0.033201445158072,-0
-0.0232887791205518,0.0332117192921441,-0
-0.0232592292572678,0.0332219683341725,-0
-0.0232296764323982,0.033232192285126,-0
-0.0232001206667011,0.033242391145987,-0
-0.0231705619809241,0.0332525649177577,-0
-0.0231410003957934,0.033262713601464,-0
-0.0231114359320776,0.0332728371981333,-0
-0.0230818686104942,0.0332829357088263,-0
-0.0230522984517837,0.0332930091346126,-0
-0.0230227254766749,0.0333030574765812,-0
-0.0229931497058978,0.0333130807358373,-0
-0.0229635711601757,0.0333230789135042,-0
-0.0229339898602279,0.0333330520107228,-0
-0.0229044058267753,0.0333430000286494,-0
-0.0228748190805274,0.0333529229684605,-0
-0.0228452296421993,0.0333628208313465,-0
-0.0228156375324902,0.0333726936185192,-0
-0.0227860427721153,0.0333825413312014,-0
-0.0227564453817675,0.0333923639706391,-0
-0.022726845382141,0.0334021615380941,-0
-0.0226972427939425,0.03341193403484,-0
-0.022667637637842,0.0334216814621788,-0
-0.0226380299345366,0.0334314038214192,-0
-0.0226084197047148,0.0334411011138892,-0
-0.0225788069690465,0.0334507733409386,-0
-0.0225491917482093,0.0334604205039309,-0
-0.022519574062873,0.033470042604248,-0
-0.0224899539337109,0.033479639643287,-0
-0.0224603313813839,0.0334892116224646,-0
-0.0224307064265566,0.0334987585432126,-0
-0.0224010790898799,0.0335082804069831,-0
-0.0223714493920128,0.0335177772152417,-0
-0.0223418173535993,0.0335272489694747,-0
-0.0223121829953006,0.0335366956711789,-0
-0.0222825463377364,0.0335461173218803,-0
-0.022252907401564,0.033555513923109,-0
-0.0222232662074034,0.0335648854764228,-0
-0.0221936227759021,0.0335742319833869,-0
-0.0221639771276704,0.033583553445594,-0
-0.0221343292833416,0.0335928498646456,-0
-0.0221046792635375,0.033602121242163,-0
-0.0220750270888608,0.0336113675797889,-0
-0.0220453727799366,0.0336205888791756,-0
-0.0220157163573643,0.0336297851419987,-0
-0.0219860578417562,0.0336389563699462,-0
-0.0219563972536969,0.0336481025647303,-0
-0.0219267346137998,0.0336572237280705,-0
-0.0218970699426436,0.0336663198617126,-0
-0.021867403260824,0.0336753909674133,-0
-0.0218377345889228,0.0336844370469493,-0
-0.0218080639475111,0.0336934581021168,-0
-0.0217783913571837,0.0337024541347202,-0
-0.0217487168384899,0.0337114251465941,-0
-0.0217190404120139,0.0337203711395779,-0
-0.0216893620983091,0.0337292921155367,-0
-0.0216596819179459,0.0337381880763459,-0
-0.0216299998914602,0.0337470590239075,-0
-0.0216003160394226,0.0337559049601288,-0
-0.0215706303823703,0.0337647258869429,-0
-0.0215409429408436,0.0337735218062978,-0
-0.021511253735388,0.0337822927201562,-0
-0.0214815627865308,0.0337910386305015,-0
-0.0214518701147986,0.0337997595393334,-0
-0.0214221757407369,0.0338084554486619,-0
-0.0213924796848345,0.0338171263605295,-0
-0.0213627819676353,0.0338257722769783,-0
-0.0213330826096401,0.0338343932000788,-0
-0.0213033816313535,0.0338429891319163,-0
-0.0212736790532886,0.0338515600745895,-0
-0.021243974895941,0.0338601060302177,-0
-0.0212142691797913,0.0338686270009407,-0
-0.0211845619253513,0.0338771229889048,-0
-0.0211548531530987,0.0338855939962822,-0
-0.0211251428835081,0.0338940400252615,-0
-0.0210954311370611,0.0339024610780451,-0
-0.0210657179342303,0.0339108571568541,-0
-0.0210360032954867,0.0339192282639254,-0
-0.021006287241279,0.0339275744015182,-0
-0.0209765697920874,0.0339358955718985,-0
-0.0209468509683476,0.0339441917773607,-0
-0.0209171307905083,0.0339524630202113,-0
-0.0208874092790278,0.0339607093027696,-0
-0.0208576864543371,0.0339689306273787,-0
-0.0208279623368688,0.0339771269963967,-0
-0.020798236947056,0.0339852984121973,-0
-0.0207685103053277,0.0339934448771713,-0
-0.020738782432097,0.0340015663937294,-0
-0.0207090533477899,0.0340096629642946,-0
-0.0206793230728019,0.0340177345913139,-0
-0.0206495916275588,0.0340257812772418,-0
-0.0206198590324456,0.0340338030245596,-0
-0.020590125307865,0.0340417998357596,-0
-0.0205603904742153,0.0340497717133508,-0
-0.0205306545518636,0.0340577186598666,-0
-0.0205009175612121,0.0340656406778463,-0
-0.0204711795226337,0.0340735377698532,-0
-0.0204414404564893,0.0340814099384691,-0
-0.0204117003831516,0.0340892571862885,-0
-0.0203819593229901,0.0340970795159225,-0
-0.0203522172963491,0.0341048769300045,-0
-0.020322474323587,0.0341126494311797,-0
-0.0202927304250425,0.0341203970221145,-0
-0.0202629856210786,0.0341281197054843,-0
-0.0202332399319953,0.0341358174839967,-0
-0.0202034933781537,0.0341434903603592,-0
-0.0201737459798762,0.0341511383373048,-0
-0.0201439977574683,0.0341587614175864,-0
-0.0201142487312536,0.0341663596039684,-0
-0.0200844989215469,0.0341739328992327,-0
-0.0200547483486502,0.0341814813061802,-0
-0.020024997032855,0.03418900482763,-0
-0.0199952449944654,0.034196503466414,-0
-0.0199654922537643,0.0342039772253847,-0
-0.0199357388310436,0.0342114261074082,-0
-0.0199059847465701,0.0342188501153724,-0
-0.0198762300206183,0.034226249252179,-0
-0.0198464746734601,0.034233623520746,-0
-0.0198167187253575,0.0342409729240094,-0
-0.019786962196564,0.0342482974649228,-0
-0.0197572051073278,0.0342555971464569,-0
-0.0197274474778977,0.0342628719715979,-0
-0.0196976893285134,0.0342701219433496,-0
-0.0196679306794036,0.0342773470647344,-0
-0.0196381715508069,0.0342845473387876,-0
-0.0196084119629285,0.0342917227685683,-0
-0.0195786519360082,0.0342988733571429,-0
-0.0195488914902389,0.0343059991076045,-0
-0.0195191306458269,0.0343131000230589,-0
-0.0194893694229834,0.0343201761066259,-0
-0.0194596078419028,0.0343272273614452,-0
-0.019429845922749,0.0343342537906791,-0
-0.0194000836857359,0.0343412553974939,-0
-0.0193703211510247,0.0343482321850836,-0
-0.019340558338779,0.0343551841566572,-0
-0.0193107952691746,0.0343621113154368,-0
-0.0192810319623721,0.0343690136646632,-0
-0.0192512684385161,0.0343758912075966,-0
-0.0192215047177562,0.0343827439475115,-0
-0.0191917408202285,0.0343895718877014,-0
-0.0191619767660849,0.0343963750314713,-0
-0.0191322125754254,0.0344031533821539,-0
-0.0191024482684029,0.0344099069430852,-0
-0.0190726838651168,0.034416635717629,-0
-0.0190429193856718,0.0344233397091634,-0
-0.0190131548501932,0.0344300189210773,-0
-0.0189833902787543,0.0344366733567871,-0
-0.0189536256914688,0.0344433030197153,-0
-0.0189238611084031,0.0344499079133107,-0
-0.0188940965496505,0.0344564880410316,-0
-0.0188643320352739,0.0344630434063586,-0
-0.0188345675853505,0.0344695740127844,-0
-0.0188048032199242,0.0344760798638249,-0
-0.018775038959066,0.0344825609630054,-0
-0.0187452748228138,0.0344890173138738,-0
-0.0187155108312061,0.0344954489199936,-0
-0.0186857470042848,0.0345018557849428,-0
-0.0186559833620686,0.0345082379123202,-0
-0.0186262199245872,0.0345145953057375,-0
-0.0185964567118534,0.0345209279688257,-0
-0.0185666937438665,0.0345272359052338,-0
-0.0185369310406374,0.0345335191186243,-0
-0.0185071686221529,0.03453977761268,-0
-0.0184774065084111,0.0345460113910968,-0
-0.0184476447193809,0.0345522204575922,-0
-0.0184178832750503,0.0345584048158953,-0
-0.0183881221953689,0.0345645644697586,-0
-0.0183583615003146,0.0345706994229443,-0
-0.0183286012098379,0.0345768096792354,-0
-0.018298841343871,0.0345828952424344,-0
-0.0182690819223679,0.0345889561163549,-0
-0.0182393229652607,0.0345949923048302,-0
-0.0182095644924708,0.0346010038117112,-0
-0.0181798065239207,0.0346069906408642,-0
-0.0181500490795108,0.0346129527961754,-0
-0.0181202921791723,0.0346188902815401,-0
-0.0180905358427666,0.0346248031008832,-0
-0.0180607800902151,0.034630691258133,-0
-0.0180310249413823,0.0346365547572445,-0
-0.0180012704161583,0.0346423936021831,-0
-0.0179715165343906,0.034648207796938,-0
-0.0179417633159662,0.0346539973455063,-0
-0.0179120107807184,0.0346597622519106,-0
-0.0178822589484981,0.0346655025201859,-0
-0.0178525078391564,0.0346712181543825,-0
-0.017822757472511,0.0346769091585723,-0
-0.0177930078683907,0.0346825755368409,-0
-0.0177632590466077,0.0346882172932921,-0
-0.0177335110269889,0.0346938344320427,-0
-0.0177037638293073,0.0346994269572348,-0
-0.0176740174733735,0.034704994873019,-0
-0.0176442719789751,0.0347105381835656,-0
-0.0176145273658837,0.0347160568930634,-0
-0.0175847836538762,0.0347215510057154,-0
-0.0175550408626975,0.034727020525746,-0
-0.0175252990121299,0.0347324654573884,-0
-0.0174955581218999,0.034737885804901,-0
-0.0174658182117472,0.0347432815725556,-0
-0.0174360793014141,0.0347486527646386,-0
-0.0174063414106149,0.0347539993854571,-0
-0.017376604559068,0.0347593214393327,-0
-0.0173468687664722,0.034764618930606,-0
-0.0173171340525366,0.0347698918636313,-0
-0.0172874004369433,0.0347751402427827,-0
-0.0172576679393819,0.0347803640724488,-0
-0.0172279365795206,0.0347855633570371,-0
-0.0171982063770248,0.0347907381009711,-0
-0.0171684773515464,0.0347958883086918,-0
-0.0171387495227541,0.0348010139846532,-0
-0.0171090229102624,0.0348061151333334,-0
-0.0170792975337181,0.0348111917592209,-0
-0.0170495734127419,0.0348162438668236,-0
-0.0170198505669433,0.0348212714606671,-0
-0.0169901290159356,0.0348262745452914,-0
-0.0169604087793106,0.0348312531252556,-0
-0.0169306898766555,0.0348362072051351,-0
-0.0169009723275555,0.0348411367895208,-0
-0.0168712561515714,0.0348460418830233,-0
-0.0168415413682841,0.034850922490265,-0
-0.0168118279972208,0.0348557786158926,-0
-0.0167821160579394,0.0348606102645632,-0
-0.0167524055699801,0.0348654174409521,-0
-0.0167226965528537,0.0348702001497547,-0
-0.0166929890260889,0.034874958395679,-0
-0.0166632830091879,0.0348796921834525,-0
-0.0166335785216469,0.0348844015178192,-0
-0.0166038755829555,0.0348890864035394,-0
-0.016574174212598,0.0348937468453895,-0
-0.0165444744300395,0.0348983828481646,-0
-0.0165147762547419,0.0349029944166754,-0
-0.0164850797061467,0.0349075815557511,-0
-0.0164553848037092,0.0349121442702345,-0
-0.0164256915668617,0.0349166825649869,-0
-0.0163960000150043,0.0349211964448901,-0
-0.0163663101675741,0.0349256859148356,-0
-0.0163366220439627,0.0349301509797371,-0
-0.0163069356635564,0.0349345916445247,-0
-0.0162772510457509,0.0349390079141421,-0
-0.0162475682099049,0.0349433997935541,-0
-0.0162178871753884,0.0349477672877392,-0
-0.0161882079615483,0.0349521104016947,-0
-0.0161585305877341,0.0349564291404326,-0
-0.0161288550732751,0.0349607235089836,-0
-0.0160991814374784,0.0349649935123967,-0
-0.0160695096996816,0.0349692391557321,-0
-0.0160398398791546,0.0349734604440749,-0
-0.016010171995209,0.0349776573825195,-0
-0.0159805060671241,0.0349818299761807,-0
-0.015950842114148,0.0349859782301926,-0
-0.0159211801555562,0.0349901021497011,-0
-0.0158915202105935,0.0349942017398716,-0
-0.0158618622984898,0.034998277005887,-0
-0.0158322064384694,0.0350023279529463,-0
-0.0158025526497571,0.0350063545862639,-0
-0.0157729009515456,0.0350103569110738,-0
-0.0157432513630261,0.0350143349326257,-0
-0.0157136039033796,0.0350182886561859,-0
-0.0156839585917879,0.0350222180870362,-0
-0.015654315447389,0.0350261232304793,-0
-0.0156246744893346,0.0350300040918316,-0
-0.0155950357367664,0.0350338606764263,-0
-0.0155653992088083,0.0350376929896142,-0
-0.0155357649245554,0.0350415010367651,-0
-0.0155061329031208,0.0350452848232621,-0
-0.0154765031635833,0.0350490443545078,-0
-0.0154468757250324,0.035052779635919,-0
-0.0154172506065139,0.0350564906729334,-0
-0.0153876278270913,0.0350601774710018,-0
-0.0153580074057873,0.0350638400355954,-0
-0.0153283893616503,0.0350674783721978,-0
-0.0152987737136757,0.0350710924863145,-0
-0.0152691604808741,0.0350746823834642,-0
-0.0152395496822231,0.0350782480691854,-0
-0.0152099413367234,0.0350817895490291,-0
-0.0151803354633055,0.0350853068285699,-0
-0.0151507320809437,0.0350887999133929,-0
-0.0151211312085651,0.0350922688091038,-0
-0.0150915328650945,0.0350957135213245,-0
-0.0150619370694416,0.0350991340556935,-0
-0.0150323438405107,0.0351025304178658,-0
-0.0150027531971763,0.0351059026135149,-0
-0.0149731651583148,0.0351092506483296,-0
-0.0149435797427818,0.0351125745280165,-0
-0.0149139969694154,0.0351158742582997,-0
-0.0148844168570531,0.0351191498449186,-0
-0.0148548394245056,0.035122401293631,-0
-0.0148252646905698,0.0351256286102118,-0
-0.0147956926740431,0.0351288318004511,-0
-0.0147661233936884,0.0351320108701582,-0
-0.0147365568682672,0.0351351658251583,-0
-0.0147069931165232,0.0351382966712934,-0
-0.0146774321571781,0.0351414034144236,-0
-0.0146478740089646,0.0351444860604233,-0
-0.0146183186905641,0.0351475446151877,-0
-0.0145887662206667,0.0351505790846263,-0
-0.0145592166179352,0.0351535894746672,-0
-0.014529669901037,0.0351565757912533,-0
-0.0145001260885946,0.0351595380403475,-0
-0.014470585199247,0.0351624762279266,-0
-0.0144410472515814,0.035165390359988,-0
-0.0144115122641983,0.0351682804425431,-0
-0.0143819802556853,0.0351711464816204,-0
-0.0143524512445793,0.0351739884832684,-0
-0.0143229252494286,0.0351768064535503,-0
-0.0142934022887633,0.0351796003985463,-0
-0.0142638823811039,0.0351823703243532,-0
-0.0142343655449172,0.0351851162370881,-0
-0.014204851798703,0.0351878381428809,-0
-0.0141753411609076,0.0351905360478816,-0
-0.0141458336499632,0.0351932099582572,-0
-0.0141163292843265,0.0351958598801879,-0
-0.0140868280823615,0.0351984858198778,-0
-0.0140573300624957,0.0352010877835408,-0
-0.0140278352430698,0.0352036657774142,-0
-0.0139983436424642,0.0352062198077472,-0
-0.013968855278986,0.0352087498808108,-0
-0.0139393701709722,0.0352112560028892,-0
-0.013909888336714,0.0352137381802861,-0
-0.0138804097944764,0.0352161964193227,-0
-0.0138509345625603,0.035218630726333,-0
-0.0138214626591518,0.0352210411076758,-0
-0.0137919941025185,0.0352234275697193,-0
-0.0137625289108379,0.0352257901188541,-0
-0.013733067102293,0.0352281287614861,-0
-0.0137036086950571,0.0352304435040378,-0
-0.0136741537072739,0.0352327343529494,-0
-0.0136447021570489,0.0352350013146796,-0
-0.0136152540625015,0.035237244395702,-0
-0.0135858094416976,0.0352394636025097,-0
-0.013556368312715,0.0352416589416104,-0
-0.0135269306935727,0.0352438304195322,-0
-0.0134974966023082,0.0352459780428171,-0
-0.0134680660568912,0.035248101818028,-0
-0.0134386390753199,0.0352502017517413,-0
-0.0134092156755362,0.0352522778505531,-0
-0.0133797958754648,0.0352543301210764,-0
-0.0133503796930239,0.0352563585699405,-0
-0.0133209671460944,0.0352583632037927,-0
-0.0132915582525202,0.0352603440292987,-0
-0.0132621530301608,0.0352623010531389,-0
-0.0132327514968285,0.0352642342820126,-0
-0.0132033536702962,0.0352661437226372,-0
-0.0131739595683388,0.0352680293817461,-0
-0.0131445692087034,0.0352698912660899,-0
-0.0131151826091002,0.0352717293824375,-0
-0.0130857997872265,0.0352735437375745,-0
-0.0130564207607396,0.0352753343383043,-0
-0.0130270455472929,0.035277101191447,-0
-0.0129976741644845,0.0352788443038412,-0
-0.0129683066299242,0.0352805636823412,-0
-0.0129389429611553,0.0352822593338206,-0
-0.0129095831757262,0.0352839312651688,-0
-0.012880227291136,0.0352855794832938,-0
-0.0128508753248708,0.0352872039951202,-0
-0.0128215272943887,0.0352888048075899,-0
-0.0127921832171036,0.0352903819276635,-0
-0.0127628431104133,0.0352919353623179,-0
-0.0127335069917025,0.035293465118547,-0
-0.0127041748782809,0.0352949712033643,-0
-0.0126748467874853,0.0352964536237981,-0
-0.0126455227365759,0.0352979123868962,-0
-0.0126162027428137,0.0352993474997226,-0
-0.0125868868234036,0.03530075896936,-0
-0.0125575749955599,0.0353021468029067,-0
-0.0125282672763973,0.0353035110074815,-0
-0.0124989636830588,0.0353048515902183,-0
-0.0124696642326556,0.0353061685582681,-0
-0.0124403689422156,0.035307461918802,-0
-0.0124110778287774,0.0353087316790066,-0
-0.01238179090934,0.0353099778460864,-0
-0.0123525082008482,0.0353112004272641,-0
-0.0123232297202309,0.0353123994297796,-0
-0.0122939554843642,0.0353135748608907,-0
-0.0122646855101263,0.0353147267278715,-0
-0.0122354198143229,0.0353158550380151,-0
-0.0122061584137234,0.0353169597986322,-0
-0.0121769013250696,0.0353180410170508,-0
-0.0121476485650969,0.0353190987006154,-0
-0.0121184001504448,0.03532013285669,-0
-0.0120891560977483,0.0353211434926554,-0
-0.0120599164236079,0.0353221306159096,-0
-0.0120306811445737,0.0353230942338688,-0
-0.0120014502771352,0.0353240343539673,-0
-0.0119722238377825,0.0353249509836561,-0
-0.0119430018429519,0.035325844130404,-0
-0.0119137843090087,0.0353267138016984,-0
-0.0118845712523094,0.0353275600050436,-0
-0.0118553626891507,0.0353283827479618,-0
-0.0118261586357958,0.0353291820379928,-0
-0.0117969591084496,0.0353299578826944,-0
-0.0117677641232891,0.0353307102896417,-0
-0.0117385736964272,0.035331439266428,-0
-0.0117093878439515,0.0353321448206638,-0
-0.011680206581878,0.0353328269599779,-0
-0.0116510299261849,0.0353334856920166,-0
-0.0116218578928217,0.0353341210244436,-0
-0.0115926904976572,0.0353347329649409,-0
-0.0115635277565284,0.0353353215212079,-0
-0.0115343696852182,0.0353358867009618,-0
-0.011505216299449,0.0353364285119378,-0
-0.0114760676149018,0.0353369469618887,-0
-0.0114469236472113,0.0353374420585848,-0
-0.011417784411932,0.0353379138098146,-0
-0.0113886499245877,0.0353383622233841,-0
-0.0113595202006261,0.0353387873071172,-0
-0.0113303952554694,0.0353391890688554,-0
-0.011301275104442,0.0353395675164583,-0
-0.011272159762847,0.0353399226578028,-0
-0.0112430492458861,0.035340254500784,-0
-0.0112139435687503,0.0353405630533144,-0
-0.0111848427465326,0.0353408483233245,-0
-0.0111557467942677,0.0353411103187625,-0
-0.0111266557269405,0.0353413490475944,-0
-0.0110975695594684,0.0353415645178037,-0
-0.0110684883066782,0.0353417567373921,-0
-0.0110394119833776,0.0353419257143784,-0
-0.0110103406042533,0.0353420714567998,-0
-0.0109812741839552,0.0353421939727108,-0
-0.0109522127370642,0.0353422932701836,-0
-0.0109231562780688,0.0353423693573083,-0
-0.0108941048213995,0.0353424222421925,-0
-0.0108650583814089,0.0353424519329618,-0
-0.0108360169723756,0.0353424584377589,-0
-0.0108069806084948,0.0353424417647447,-0
-0.0107779493039006,0.0353424019220974,-0
-0.010748923072626,0.035342338918013,-0
-0.0107199019286173,0.0353422527607048,-0
-0.0106908858857906,0.035342143458404,-0
-0.0106618749579016,0.0353420110193592,-0
-0.0106328691586845,0.0353418554518366,-0
-0.0106038685017586,0.0353416767641197,-0
-0.0105748730006428,0.0353414749645097,-0
-0.0105458826687804,0.035341250061325,-0
-0.0105168975195455,0.035341002062902,-0
-0.0104879175661738,0.0353407309775936,-0
-0.0104589428218314,0.0353404368137707,-0
-0.0104299732995847,0.0353401195798214,-0
-0.0104010090123941,0.0353397792841508,-0
-0.0103720499731298,0.0353394159351815,-0
-0.0103430961945402,0.0353390295413532,-0
-0.0103141476892995,0.035338620111123,-0
-0.0102852044699388,0.0353381876529645,-0
-0.0102562665489117,0.035337732175369,-0
-0.0102273339385343,0.0353372536868444,-0
-0.0101984066510293,0.0353367521959156,-0
-0.0101694846985002,0.0353362277111246,-0
-0.0101405680929099,0.0353356802410297,-0
-0.0101116568461337,0.0353351097942066,-0
-0.0100827509699193,0.0353345163792475,-0
-0.010053850475854,0.0353339000047607,-0
-0.0100249553754474,0.0353332606793718,-0
-0.00999606568003598,0.0353325984117221,-0
-0.00996718140086234,0.0353319132104703,-0
-0.00993830254899863,0.0353312050842903,-0
-0.0099094291353867,0.0353304740418725,-0
-0.00988056117086052,0.0353297200919242,-0
-0.0098516986660563,0.0353289432431675,-0
-0.00982284163150485,0.0353281435043413,-0
-0.00979399007755983,0.0353273208841996,-0
-0.00976514401444793,0.035326475391513,-0
-0.00973630345220431,0.0353256070350663,-0
-0.00970746840075458,0.0353247158236615,-0
-0.00967863886979029,0.0353238017661137,-0
-0.00964981486891331,0.0353228648712555,-0
-0.00962099640749546,0.0353219051479327,-0
-0.0095921834947746,0.0353209226050072,-0
-0.00956337613975792,0.0353199172513539,-0
-0.00953457435135394,0.0353188890958651,-0
-0.00950577813819013,0.035317838147444,-0
-0.00947698750878794,0.0353167644150113,-0
-0.00944820247140864,0.035315667907499,-0
-0.0094194230341663,0.035314548633855,-0
-0.0093906492049189,0.0353134066030387,-0
-0.0093618809913891,0.0353122418240259,-0
-0.00933311840099973,0.0353110543058017,-0
-0.00930436144103389,0.0353098440573677,-0
-0.00927561011849953,0.0353086110877358,-0
-0.00924686444022095,0.0353073554059322,-0
-0.00921812441274142,0.0353060770209932,-0
-0.00918939004240438,0.0353047759419688,-0
-0.00916066133529929,0.03530345217792,-0
-0.00913193829726324,0.035302105737919,-0
-0.00910322093388153,0.0353007366310492,-0
-0.00907450925046777,0.0352993448664043,-0
-0.00904580325208376,0.0352979304530888,-0
-0.00901710294351875,0.0352964934002175,-0
-0.00898840832927531,0.0352950337169145,-0
-0.00895971941354205,0.0352935514123116,-0
-0.0089310362002764,0.0352920464955529,-0
-0.0089023586930731,0.0352905189757874,-0
-0.00887368689526693,0.0352889688621751,-0
-0.00884502080983869,0.0352873961638811,-0
-0.0088163604394598,0.0352858008900785,-0
-0.00878770578648582,0.0352841830499479,-0
-0.00875905685290818,0.0352825426526747,-0
-0.00873041364039176,0.0352808797074508,-0
-0.00870177615021969,0.0352791942234718,-0
-0.00867314438332703,0.035277486209939,-0
-0.00864451834029141,0.0352757556760583,-0
-0.00861589802123266,0.0352740026310344,-0
-0.00858728342598901,0.0352722270840816,-0
-0.0085586745538868,0.0352704290444092,-0
-0.00853007140389425,0.0352686085212315,-0
-0.00850147397454562,0.0352667655237624,-0
-0.00847288226393933,0.0352649000612159,-0
-0.0084442962696943,0.0352630121428024,-0
-0.00841571598902956,0.0352611017777345,-0
-0.00838714141862101,0.0352591689752171,-0
-0.0083585725547185,0.0352572137444555,-0
-0.00833000939303564,0.0352552360946475,-0
-0.0083014519288004,0.0352532360349869,-0
-0.00827290015667931,0.0352512135746583,-0
-0.00824435407083979,0.0352491687228414,-0
-0.00821581366487796,0.0352471014887055,-0
-0.00818727893181239,0.0352450118814096,-0
-0.00815874986407577,0.0352428999101008,-0
-0.00813022645353039,0.0352407655839163,-0
-0.00810170869137609,0.0352386089119757,-0
-0.00807319656819609,0.0352364299033851,-0
-0.00804469007392997,0.0352342285672343,-0
-0.00801618919782999,0.0352320049125938,-0
-0.00798769392846165,0.0352297589485144,-0
-0.00795920425369044,0.0352274906840264,-0
-0.00793072016063074,0.0352252001281355,-0
-0.00790224163566193,0.0352228872898237,-0
-0.00787376866436752,0.0352205521780443,-0
-0.0078453012315818,0.0352181948017259,-0
-0.00781683932123765,0.0352158151697597,-0
-0.00778838291650988,0.035213413291011,-0
-0.00775993199966024,0.0352109891743066,-0
-0.00773148655204088,0.0352085428284346,-0
-0.00770304655412489,0.0352060742621468,-0
-0.00767461198539477,0.0352035834841496,-0
-0.00764618282438911,0.0352010705031073,-0
-0.00761775904860761,0.035198535327634,-0
-0.00758934063452699,0.0351959779662947,-0
-0.00756092755756939,0.0351933984276026,-0
-0.00753251979201481,0.0351907967200107,-0
-0.00750411731102801,0.0351881728519147,-0
-0.00747572008661024,0.0351855268316478,-0
-0.0074473280895235,0.035182858667474,-0
-0.00741894128932353,0.0351801683675911,-0
-0.00739055965421757,0.0351774559401167,-0
-0.0073621831511485,0.0351747213930966,-0
-0.00733381174564451,0.03517196473449,-0
-0.00730544540181997,0.0351691859721693,-0
-0.00727708408236024,0.035166385113919,-0
-0.00724872774840139,0.0351635621674232,-0
-0.00722037635954123,0.035160717140267,-0
-0.00719202987376073,0.035157850039928,-0
-0.00716368824739334,0.0351549608737737,-0
-0.00713535143503354,0.0351520496490517,-0
-0.00710701938949906,0.0351491163728858,-0
-0.00707869206176736,0.0351461610522691,-0
-0.00705036940096083,0.0351431836940629,-0
-0.00702205135417081,0.0351401843049775,-0
-0.00699373786650467,0.0351371628915774,-0
-0.00696542888096159,0.0351341194602681,-0
-0.0069371243383399,0.0351310540172854,-0
-0.00690882417723195,0.0351279665686957,-0
-0.00688052833385492,0.0351248571203765,-0
-0.00685223674206869,0.035121725678019,-0
-0.00682394933316965,0.0351185722471047,-0
-0.00679566603593765,0.0351153968329111,-0
-0.00676738677642168,0.0351121994404869,-0
-0.00673911147792237,0.0351089800746504,-0
-0.00671084006085626,0.0351057387399742,-0
-0.00668257244266417,0.035102475440774,-0
-0.00665430853767855,0.0350991901810937,-0
-0.00662604825706732,0.0350958829646989,-0
-0.00659779150861085,0.0350925537950504,-0
-0.00656953819669698,0.0350892026753043,-0
-0.00654128822209816,0.0350858296082846,-0
-0.00651304148189867,0.0350824345964756,-0
-0.00648479786931063,0.0350790176419992,-0
-0.00645655727351987,0.0350755787465962,-0
-0.00642831957960156,0.0350721179116168,-0
-0.00640008466827533,0.0350686351379901,-0
-0.00637185241575636,0.0350651304262061,-0
-0.00634362269362668,0.0350616037763001,-0
-0.00631539536859245,0.0350580551878223,-0
-0.00628717030232036,0.0350544846598174,-0
-0.0062589473512303,0.0350508921907991,-0
-0.0062307263662434,0.0350472777787179,-0
-0.0062025071926587,0.0350436414209463,-0
-0.00617428966979924,0.0350399831142329,-0
-0.00614607363087997,0.0350363028546862,-0
-0.00611785890262107,0.0350326006377247,-0
-0.00608964530513937,0.0350288764580632,-0
-0.00606143265153748,0.0350251303096593,-0
-0.00603322074764435,0.0350213621856798,-0
-0.00600500939174326,0.0350175720784651,-0
-0.00597679837421422,0.0350137599794824,-0
-0.00594858747718552,0.0350099258792793,-0
-0.005920376474177,0.0350060697674372,-0
-0.00589216512974253,0.0350021916325228,-0
-0.00586395319907233,0.034998291462036,-0
-0.00583574042754001,0.034994369242348,-0
-0.00580752655029777,0.0349904249586475,-0
-0.00577931129180248,0.034986458594876,-0
-0.00575109436534817,0.0349824701336647,-0
-0.00572287547250283,0.0349784595562567,-0
-0.00569465430263968,0.034974426842444,-0
-0.00566643053229614,0.0349703719704779,-0
-0.00563820382463278,0.0349662949169951,-0
-0.00560997382877371,0.0349621956569256,-0
-0.00558174017913562,0.0349580741633997,-0
-0.00555350249473105,0.0349539304076501,-0
-0.00552526037842699,0.034949764358908,-0
-0.00549701341616084,0.0349455759842928,-0
-0.00546876117610302,0.0349413652486934,-0
-0.00544050320777943,0.0349371321146439,-0
-0.0054122390411363,0.0349328765421901,-0
-0.00538396818558326,0.0349285984887534,-0
-0.00535569012894498,0.0349242979089798,-0
-0.00532740433631811,0.034919974754576,-0
-0.00529911024897651,0.0349156289741512,-0
-0.00527080728308034,0.0349112605130306,-0
-0.00524249482837688,0.0349068693130663,-0
-0.00521417224683057,0.0349024553124385,-0
-0.0051858388711256,0.0348980184454364,-0
-0.00515749400308962,0.0348935586422274,-0
-0.00512913691207429,0.0348890758286201,-0
-0.00510076683312554,0.034884569925794,-0
-0.0050723829651391,0.0348800408500282,-0
-0.00504398446885981,0.0348754885124052,-0
-0.00501557046472399,0.0348709128184909,-0
-0.00498714003059953,0.0348663136679989,-0
-0.00495869219939179,0.0348616909544348,-0
-0.00493022595642684,0.0348570445647046,-0
-0.00490174023673727,0.0348523743787105,-0
-0.0048732339220738,0.0348476802689018,-0
-0.00484470583784333,0.0348429620998176,-0
-0.0048161547496936,0.0348382197275721,-0
-0.00478757935996222,0.0348334529993217,-0
-0.00475897830385784,0.0348286617526894,-0
-0.00473035014533726,0.0348238458151433,-0
-0.00470169337270189,0.0348190050033313,-0
-0.00467300639398369,0.0348141391223863,-0
-0.00464428753176577,0.03480924796514,-0
-0.00461553501788366,0.0348043313113245,-0
-0.00458674698756709,0.0347993889266842,-0
-0.00455792147325673,0.0347944205620421,-0
-0.00452905639779315,0.0347894259522658,-0
-0.00450014956730753,0.0347844048151952,-0
-0.00447119866346832,0.0347793568504694,-0
-0.0044422012350144,0.0347742817382445,-0
-0.00441315468890096,0.0347691791378604,-0
-0.0043840562804572,0.0347640486863526,-0
-0.00435490310302398,0.0347588899968938,-0
-0.00432569207656353,0.0347537026570792,-0
-0.00429641993545746,0.0347484862270947,-0
-0.00426708321532021,0.0347432402377426,-0
-0.00423767823867765,0.034737964188301,-0
-0.00420820109947913,0.034732657544216,-0
-0.00417864764634499,0.0347273197346144,-0
-0.00414901346434389,0.0347219501496057,-0
-0.00411929385525613,0.0347165481373732,-0
-0.00408948381618299,0.0347111130010369,-0
-0.00405957801617616,0.0347056439952375,-0
-0.00402957077096191,0.0347001403224682,-0
-0.00399945601532195,0.0346946011290855,-0
-0.00396922727308958,0.0346890255010066,-0
-0.00393887762441923,0.0346834124590493,-0
-0.00390839967003143,0.0346777609538785,-0
-0.00387778549231039,0.0346720698605604,-0
-0.00384702661267615,0.0346663379726469,-0
-0.00381611394507274,0.0346605639957902,-0
-0.00378503774504978,0.0346547465408308,-0
-0.0037537875540486,0.0346488841163297,-0
-0.00372235213837197,0.0346429751204989,-0
-0.00369071942222332,0.0346370178324763,-0
-0.00365887641442835,0.0346310104029454,-0
-0.00362680912780144,0.0346249508439851,-0
-0.00359450249076208,0.0346188370181779,-0
-0.00356194025019167,0.0346126666268993,-0
-0.00352910486465773,0.0346064371977617,-0
-0.003495977386944,0.0346001460711729,-0
-0.00346253733494294,0.0345937903860205,-0
-0.003428762549558,0.0345873670644516,-0
-0.00339462903823157,0.0345808727957495,-0
-0.00336011080292686,0.0345743040193996,-0
-0.00332517965068962,0.0345676569073609,-0
-0.00328980498523039,0.0345609273456847,-0
-0.00325395357779171,0.0345541109156745,-0
-0.00321758931517826,0.0345472028747977,-0
-0.00318067292316771,0.0345401981377439,-0
-0.00314316166292767,0.0345330912580413,-0
-0.00310500899859218,0.0345258764109057,-0
-0.00306616423377732,0.0345185473781106,-0
-0.00302657211508447,0.0345110975359352,-0
-0.00298617240081684,0.0345035198475386,-0
-0.00294489939388804,0.0344958068615429,-0
-0.00290268143774009,0.0344879507189179,-0
-0.00285944037605996,0.0344799431710175,-0
-0.00281509097747491,0.0344717756121187,-0
-0.00276954032862292,0.0344634391307104,-0
-0.00272268720161175,0.0344549245847675,-0
-0.00267442140450706,0.0344462227072654,-0
-0.00262462312834282,0.0344373242495907,-0
-0.00257316230933784,0.0344282201719094,-0
-0.00251989803167366,0.0344189018910756,-0
-0.00246467800547136,0.0344093615984171,-0
-0.00240733816463938,0.0343995926611948,-0
-0.00234770244259974,0.0343895901229648,-0
-0.00228558279894243,0.0343793513188761,-0
-0.00222077958732465,0.0343688766218355,-0
-0.00215330927691724,0.0343582055935833,-0
-0.00208336156074262,0.0343474058677689,-0
-0.00201086144338413,0.0343365042042907,-0
-0.0019355061714148,0.0343254982675665,-0
-0.0018569762585643,0.0343143923603775,-0
-0.0017749385181173,0.0343031992701059,-0
-0.00168905053557453,0.03429194237853,-0
-0.00159896686265047,0.0342806579944244,-0
-0.00150434719320135,0.0342693978256633,-0
-0.00140486671910937,0.0342582314524091,-0
-0.00130022874597678,0.0342472485973906,-0
-0.00119017946123932,0.0342365609188381,-0
-0.00107452448550795,0.0342263029871121,-0
-0.000953146506013742,0.0342166320634389,-0
-0.000826022916726883,0.0342077262993871,-0
-0.000693242019225006,0.0341997810402533,-0
-0.000555016048859597,0.0341930030613594,-0
-0.000411689169129739,0.0341876027963062,-0
-0.000263738712992565,0.0341837849121729,-0
-0.000111768397544535,0.0341817379040281,-0
4.36054896901863e-05,0.0341816243515054,0
0.000201930550371837,0.0341835782097986,0
0.000361867574563182,0.0341876847382353,0
0.000522098254814753,0.0341939572104041,0
0.000681333785003017,0.0342023363825874,0
0.000838362667997175,0.034212696132933,0
0.000992090738901193,0.0342248538106389,0
0.0011415705747138,0.0342385837966379,0
0.00128601904256788,0.034253632529262,0
0.00142482326824665,0.0342697333284235,0
0.00155753651771582,0.0342866196830011,0
0.00168386623305713,0.0343040361292949,0
0.00180365674033691,0.0343217463255774,0
0.00191686903558339,0.0343395383316773,0
0.00202355968718499,0.0343572273881477,0
0.00212386040428528,0.0343746566502386,0
0.00221795931670234,0.0343916963859085,0
0.00230608456546167,0.034408242125057,0
0.00238849044695615,0.0344242121798177,0
0.002465446097914,0.0344395448691455,0
0.00253754394236742,0.0344542615149441,0
0.00260567048297155,0.0344684667055391,0
0.00267040307275179,0.0344822222289597,0
0.00273202720308128,0.0344955409139686,0
0.00279080703156121,0.0345084390039957,0
0.00284698580483536,0.0345209349860906,0
0.00290078667031253,0.0345330486764746,0
0.00295241373718271,0.0345448005188714,0
0.00300205328215226,0.034556211056385,0
0.00304987502265692,0.0345673005427612,0
0.00309603340268116,0.0345780886641953,0
0.00314066885294462,0.0345885943476814,0
0.00318390900009204,0.0345988356362852,0
0.00322586980907315,0.0346088296155072,0
0.00326665664983182,0.0346185923780915,0
0.00330636528440069,0.0346281390172808,0
0.00334508277406718,0.0346374836407066,0
0.00338288830848535,0.0346466393988196,0
0.00341985396039449,0.0346556185232291,0
0.00345604537014799,0.0346644323713434,0
0.00349152236517911,0.0346730914746845,0
0.00352633951945992,0.0346816055888768,0
0.00356054665787556,0.034689983743816,0
0.00359418931072132,0.0346982342930462,0
0.00362730912273288,0.0347063649615574,0
0.00365994422111834,0.0347143828915406,0
0.00369212954667702,0.0347222946858103,0
0.00372389715163952,0.0347301064487048,0
0.00375527646760303,0.0347378238243962,0
0.00378629454672959,0.0347454520326364,0
0.0038169762788086,0.0347529959019536,0
0.00384734458685566,0.0347604599004307,0
0.00387742060336552,0.0347678481641505,0
0.00390722382924178,0.0347751645234341,0
0.00393677227729196,0.0347824125270322,0
0.00396608260175404,0.0347895954643679,0
0.00399517021543199,0.0347967163860014,0
0.00402404939559502,0.0348037781224166,0
0.0040527333799246,0.0348107833012896,0
0.00408123445340821,0.0348177343633285,0
0.00410956402712559,0.034824633576805,0
0.00413773270986115,0.0348314830509135,0
0.00416575037303831,0.0348382847479981,0
0.00419362620989684,0.034845040494805,0
0.0042213687892383,0.0348517519927833,0
0.00424898610450073,0.034858420827568,0
0.0042764856184104,0.0348650484776665,0
0.00430387430379916,0.0348716363224541,0
0.00433115868086116,0.0348781856495142,0
0.00435834485124563,0.0348846976613946,0
0.00438543852917357,0.0348911734818012,0
0.00441244507008992,0.0348976141613345,0
0.00443936949674817,0.034904020682727,0
0.00446621652330259,0.0349103939657056,0
0.00449299057732885,0.0349167348714483,0
0.00451969582007788,0.0349230442066968,0
0.00454633616520207,0.0349293227275734,0
0.00457291529581061,0.0349355711430611,0
0.00459943668038869,0.034941790118266,0
0.00462590358730705,0.0349479802773919,0
0.00465231909831575,0.0349541422065153,0
0.00467868612097442,0.0349602764561451,0
0.0047050074001226,0.0349663835435879,0
0.00473128552850168,0.0349724639551413,0
0.00475752295664275,0.0349785181481393,0
0.00478372200188124,0.0349845465528155,0
0.00480988485689345,0.0349905495740733,0
0.00483601359749621,0.034996527593101,0
0.00486211018989329,0.035002480968874,0
0.00488817649747193,0.0350084100395647,0
0.00491421428708583,0.0350143151238466,0
0.00494022523484639,0.0350201965220938,0
0.00496621093161338,0.0350260545175218,0
0.00499217288804081,0.0350318893772331,0
0.00501811253931384,0.0350377013531997,0
0.00504403124950619,0.0350434906831657,0
0.00506993031574737,0.0350492575915114,0
0.0050958109720313,0.0350550022900412,0
0.00512167439280181,0.0350607249787257,0
0.00514752169630492,0.0350664258463942,0
0.0051733539477309,0.0350721050713847,0
0.00519917216215344,0.0350777628221494,0
0.00522497730726761,0.0350833992578196,0
0.00525077030598113,0.0350890145287395,0
0.00527655203878886,0.0350946087769536,0
0.00530232334610923,0.0351001821366879,0
0.0053280850303562,0.0351057347347739,0
0.00535383785793808,0.0351112666910587,0
0.00537958256117871,0.0351167781187976,0
0.00540531984002122,0.0351222691250022,0
0.00543105036373494,0.0351277398107884,0
0.00545677477246006,0.035133190271691,0
0.00548249367867293,0.0351386205979616,0
0.00550820766857576,0.03514403087485,0
0.00553391730341334,0.0351494211828714,0
0.00555962312066603,0.0351547915980473,0
0.00558532563527347,0.0351601421921525,0
0.00561102534065997,0.0351654730329212,0
0.00563672270982338,0.0351707841842665,0
0.00566241819627522,0.0351760757064681,0
0.00568811223499518,0.0351813476563639,0
0.00571380524326939,0.0351866000875171,0
0.00573949762156421,0.0351918330503906,0
0.00576518975423625,0.0351970465924877,0
0.00579088201033886,0.0352022407585122,0
0.00581657474429819,0.0352074155905026,0
0.00584226829655592,0.0352125711279585,0
0.00586796299424419,0.0352177074079736,0
0.00589365915170928,0.0352228244653388,0
0.0059193570711692,0.035227922332671,0
0.00594505704316541,0.0352330010405013,0
0.00597075934711963,0.0352380606173835,0
0.00599646425181003,0.0352431010899872,0
0.00602217201582125,0.0352481224831845,0
0.00604788288796459,0.0352531248201316,0
0.00607359710776147,0.0352581081223622,0
0.00609931490572882,0.0352630724098421,0
0.00612503650386386,0.0352680177010626,0
0.00615076211590721,0.0352729440130904,0
0.00617649194776617,0.0352778513616491,0
0.00620222619777287,0.0352827397611674,0
0.00622796505701264,0.0352876092248422,0
0.00625370870965361,0.0352924597647007,0
0.00627945733315637,0.0352972913916397,0
0.00630521109860645,0.0353021041154885,0
0.00633097017092728,0.0353068979450489,0
0.00635673470914236,0.0353116728881437,0
0.00638250486659825,0.0353164289516589,0
0.00640828079118947,0.0353211661415851,0
0.00643406262557855,0.0353258844630583,0
0.00645985050736258,0.0353305839203911,0
0.00648564456931421,0.0353352645171163,0
0.00651144493954773,0.0353399262560182,0
0.00653725174164645,0.0353445691391554,0
0.0065630650949398,0.0353491931679113,0
0.00658888511451991,0.0353537983429976,0
0.00661471191156247,0.035358384664512,0
0.00664054559331069,0.0353629521319353,0
0.0066663862633253,0.0353675007441768,0
0.00669223402158264,0.0353720304995916,0
0.00671808896461409,0.0353765413960054,0
0.00674395118560336,0.0353810334307323,0
0.0067698207745365,0.0353855066006009,0
0.00679569781830864,0.0353899609019736,0
0.00682158240082051,0.0353943963307636,0
0.00684747460309069,0.0353988128824543,0
0.00687337450336294,0.0354032105521185,0
0.00689928217718476,0.0354075893344319,0
0.00692519769753528,0.0354119492236954,0
0.00695112113485354,0.03541629021384,0
0.00697705255718803,0.0354206122984526,0
0.00700299203024082,0.0354249154707837,0
0.0070289396174482,0.035429199723761,0
0.00705489538008786,0.035433465050008,0
0.00708085937729419,0.0354377114418465,0
0.00710683166617305,0.035441938891316,0
0.00713281230188233,0.0354461473901872,0
0.00715880133763005,0.035450336929962,0
0.00718479882480649,0.0354545075018954,0
0.0072108048129978,0.035458659096998,0
0.00723681935005921,0.035462791706048,0
0.00726284248219084,0.0354669053196038,0
0.007288874253961,0.0354709999280076,0
0.0073149147083496,0.0354750755213935,0
0.00734096388684115,0.0354791320897015,0
0.00736702182942709,0.0354831696226786,0
0.00739308857469433,0.0354871881098929,0
0.00741916415981092,0.035491187540732,0
0.00744524862064674,0.0354951679044212,0
0.00747134199172955,0.0354991291900175,0
0.00749744430635266,0.0355030713864265,0
0.0075235555965798,0.0355069944824031,0
0.00754967589328716,0.0355108984665581,0
0.00757580522619939,0.0355147833273643,0
0.00760194362392793,0.035518649053162,0
0.00762809111399769,0.0355224956321637,0
0.00765424772288297,0.0355263230524593,0
0.007680413476043,0.0355301313020218,0
0.00770658839793346,0.0355339203687093,0
0.00773277251205385,0.0355376902402719,0
0.00775896584098096,0.0355414409043568,0
0.00778516840635646,0.0355451723485074,0
0.00781138022897026,0.0355488845601743,0
0.00783760132872123,0.0355525775267112,0
0.00786383172471277,0.0355562512353877,0
0.00789007143521769,0.035559905673385,0
0.00791632047770394,0.0355635408277999,0
0.00794257886891472,0.0355671566856555,0
0.00796884662482046,0.0355707532338957,0
0.0079951237606764,0.0355743304593925,0
0.00802141029102384,0.035577888348947,0
0.00804770622974562,0.0355814268892965,0
0.00807401159001671,0.0355849460671087,0
0.00810032638440103,0.0355884458689945,0
0.00812665062481728,0.0355919262815037,0
0.00815298432255304,0.0355953872911271,0
0.00817932748833464,0.0355988288843059,0
0.00820568013227167,0.0356022510474246,0
0.00823204226391777,0.035605653766819,0
0.00825841389227894,0.0356090370287778,0
0.00828479502581777,0.0356124008195427,0
0.00831118567247039,0.0356157451253115,0
0.0083375858396774,0.0356190699322415,0
0.00836399553434727,0.0356223752264455,0
0.00839041476294515,0.035625660994003,0
0.00841684353142301,0.0356289272209514,0
0.00844328184530785,0.0356321738932974,0
0.00846972970965696,0.0356354009970116,0
0.00849618712907725,0.0356386085180309,0
0.00852265410777617,0.0356417964422648,0
0.00854913064952669,0.0356449647555915,0
0.00857561675769376,0.035648113443861,0
0.00860211243525227,0.0356512424928977,0
0.00862861768478635,0.0356543518884999,0
0.00865513250849415,0.0356574416164413,0
0.00868165690822789,0.0356605116624748,0
0.00870819088544855,0.0356635620123284,0
0.00873473444127239,0.03566659265171,0
0.00876128757650705,0.0356696035663119,0
0.00878785029156699,0.0356725947418011,0
0.00881442258658468,0.0356755661638325,0
0.00884100446134977,0.0356785178180415,0
0.00886759591535374,0.0356814496900497,0
0.00889419694775606,0.0356843617654607,0
0.00892080755745482,0.0356872540298686,0
0.00894742774301719,0.03569012646885,0
0.00897405750276302,0.0356929790679734,0
0.00900069683469982,0.0356958118127921,0
0.00902734573657336,0.0356986246888502,0
0.00905400420588683,0.0357014176816841,0
0.0090806722398376,0.0357041907768165,0
0.00910734983540422,0.035706943959765,0
0.00913403698930255,0.0357096772160384,0
0.00916073369800046,0.0357123905311375,0
0.00918743995773822,0.0357150838905578,0
0.00921415576449703,0.0357177572797865,0
0.00924088111407772,0.0357204106843097,0
0.00926761600200413,0.035723044089604,0
0.009294360423602,0.0357256574811436,0
0.00932111437400856,0.0357282508444012,0
0.00934787784809736,0.0357308241648417,0
0.0093746508405877,0.0357333774279317,0
0.00940143334596305,0.0357359106191327,0
0.00942822535852196,0.0357384237239054,0
0.0094550268723757,0.0357409167277098,0
0.00948183788143872,0.0357433896160046,0
0.00950865837943716,0.0357458423742475,0
0.00953548835992298,0.0357482749878972,0
0.00956232781625794,0.0357506874424115,0
0.00958917674165213,0.0357530797232513,0
0.00961603512911616,0.035755451815876,0
0.00964290297151386,0.0357578037057484,0
0.00966978026153156,0.0357601353783323,0
0.00969666699169879,0.0357624468190938,0
0.00972356315439997,0.0357647380135031,0
0.00975046874183521,0.0357670089470306,0
0.00977738374607452,0.035769259605152,0
0.00980430815904172,0.0357714899733465,0
0.00983124197249283,0.0357737000370958,0
0.00985818517805422,0.0357758897818866,0
0.00988513776721655,0.0357780591932105,0
0.00991209973132676,0.0357802082565635,0
0.00993907106157701,0.0357823369574449,0
0.00996605174905955,0.035784445281362,0
0.00999304178470778,0.0357865332138253,0
0.0100200411593425,0.0357886007403522,0
0.010047049863659,0.0357906478464662,0
0.0100740678882078,0.0357926745176954,0
0.0101010952234424,0.0357946807395761,0
0.0101281318596851,0.0357966664976503,0
0.0101551777871418,0.0357986317774671,0
0.0101822329958946,0.0358005765645817,0
0.0102092974759346,0.0358025008445585,0
0.0102363712171078,0.0358044046029667,0
0.0102634542091871,0.0358062878253857,0
0.0102905464418117,0.0358081504974008,0
0.010317647904519,0.0358099926046058,0
0.0103447585867559,0.0358118141326033,0
0.0103718784778468,0.035813615067003,0
0.0103990075670302,0.0358153953934239,0
0.0104261458434391,0.0358171550974933,0
0.0104532932961139,0.0358188941648474,0
0.0104804499139807,0.0358206125811305,0
0.0105076156859088,0.035822310331998,0
0.0105347906006361,0.0358239874031121,0
0.0105619746468249,0.0358256437801455,0
0.0105891678130519,0.0358272794487805,0
0.0106163700877961,0.0358288943947085,0
0.0106435814594633,0.0358304886036314,0
0.0106708019163486,0.0358320620612595,0
0.0106980314466966,0.035833614753315,0
0.0107252700386313,0.0358351466655282,0
0.0107525176802234,0.0358366577836409,0
0.0107797743594547,0.0358381480934051,0
0.0108070400642176,0.0358396175805824,0
0.0108343147823447,0.0358410662309461,0
0.0108615985015695,0.0358424940302787,0
0.0108888912095751,0.0358439009643751,0
0.0109161928939454,0.0358452870190396,0
0.0109435035421961,0.0358466521800876,0
0.0109708231417905,0.0358479964333466,0
0.010998151680099,0.0358493197646541,0
0.011025489144416,0.0358506221598588,0
0.0110528355219875,0.0358519036048212,0
0.0110801907999772,0.035853164085413,0
0.0111075549654892,0.0358544035875173,0
0.0111349280055531,0.0358556220970286,0
0.0111623099071273,0.0358568195998527,0
0.0111897006571243,0.0358579960819079,0
0.0112171002423739,0.0358591515291234,0
0.0112445086496547,0.0358602859274408,0
0.0112719258656805,0.0358613992628133,0
0.011299351877089,0.0358624915212058,0
0.011326786670481,0.0358635626885958,0
0.0113542302323859,0.0358646127509726,0
0.0113816825492727,0.0358656416943376,0
0.0114091436075389,0.035866649504704,0
0.0114366133935551,0.0358676361680981,0
0.0114640918936119,0.0358686016705581,0
0.0114915790939515,0.0358695459981345,0
0.0115190749807606,0.0358704691368906,0
0.0115465795401603,0.0358713710729015,0
0.011574092758237,0.0358722517922557,0
0.0116016146209989,0.0358731112810535,0
0.0116291451144382,0.0358739495254089,0
0.0116566842244455,0.0358747665114472,0
0.0116842319369046,0.0358755622253077,0
0.0117117882376218,0.0358763366531419,0
0.0117393531123678,0.0358770897811145,0
0.0117669265468458,0.0358778215954025,0
0.0117945085267246,0.0358785320821964,0
0.0118220990376321,0.0358792212276999,0
0.0118496980651226,0.0358798890181289,0
0.0118773055947119,0.0358805354397128,0
0.0119049216118875,0.0358811604786946,0
0.0119325461020683,0.0358817641213297,0
0.0119601790506367,0.0358823463538872,0
0.0119878204429239,0.0358829071626491,0
0.0120154702642208,0.035883446533911,0
0.0120431284997812,0.0358839644539818,0
0.0120707951347895,0.0358844609091833,0
0.0120984701544221,0.0358849358858514,0
0.0121261535437752,0.0358853893703348,0
0.0121538452879356,0.0358858213489961,0
0.0121815453719193,0.0358862318082112,0
0.0122092537807269,0.0358866207343695,0
0.0122369704992868,0.0358869881138741,0
0.0122646955125215,0.0358873339331416,0
0.0122924288052903,0.0358876581786024,0
0.0123201703624116,0.0358879608367003,0
0.0123479201686701,0.0358882418938929,0
0.0123756782088182,0.0358885013366518,0
0.0124034444675513,0.035888739151462,0
0.0124312189295435,0.0358889553248224,0
0.0124590015794206,0.0358891498432458,0
0.0124867924017754,0.0358893226932587,0
0.0125145913811614,0.0358894738614016,0
0.0125423985020832,0.035889603334229,0
0.0125702137490392,0.035889711098309,0
0.0125980371064529,0.0358897971402239,0
0.0126258685587438,0.03588986144657,0
0.0126537080902788,0.0358899040039576,0
0.0126815556853798,0.0358899247990109,0
0.0127094113283648,0.0358899238183683,0
0.0127372750034863,0.0358899010486822,0
0.0127651466949781,0.0358898564766192,0
0.0127930263870345,0.0358897900888599,0
0.0128209140638126,0.0358897018720994,0
0.0128488097094415,0.0358895918130465,0
0.0128767133080205,0.0358894598984245,0
0.0129046248436038,0.0358893061149709,0
0.0129325443002127,0.0358891304494376,0
0.0129604716618552,0.0358889328885904,0
0.012988406912489,0.0358887134192097,0
0.0130163500360329,0.0358884720280902,0
0.0130443010164023,0.0358882087020408,0
0.0130722598374495,0.035887923427885,0
0.0131002264830117,0.0358876161924605,0
0.0131282009369007,0.0358872869826193,0
0.0131561831828821,0.0358869357852282,0
0.0131841732046989,0.0358865625871681,0
0.0132121709860561,0.0358861673753347,0
0.0132401765106493,0.0358857501366378,0
0.0132681897621093,0.0358853108580021,0
0.0132962107240791,0.0358848495263664,0
0.0133242393801344,0.0358843661286846,0
0.0133522757138404,0.0358838606519247,0
0.0133803197087357,0.0358833330830695,0
0.0134083713483136,0.0358827834091165,0
0.0134364306160595,0.0358822116170774,0
0.0134644974954146,0.0358816176939792,0
0.0134925719697982,0.035881001626863,0
0.0135206540225913,0.0358803634027851,0
0.0135487436371719,0.0358797030088158,0
0.0135768407968632,0.0358790204320408,0
0.0136049454849717,0.0358783156595602,0
0.0136330576847737,0.0358775886784892,0
0.0136611773795313,0.035876839475957,0
0.0136893045524531,0.0358760680391086,0
0.0137174391867534,0.0358752743551029,0
0.0137455812655894,0.0358744584111143,0
0.0137737307721052,0.035873620194332,0
0.0138018876894292,0.0358727596919593,0
0.0138300520006404,0.0358718768912154,0
0.013858223688813,0.0358709717793337,0
0.0138864027369755,0.035870044343563,0
0.0139145891281558,0.0358690945711663,0
0.0139427828453233,0.0358681224494227,0
0.0139709838714538,0.035867127965625,0
0.0139991921894824,0.0358661111070818,0
0.0140274077823122,0.0358650718611166,0
0.014055630632834,0.0358640102150677,0
0.0140838607239131,0.0358629261562884,0
0.0141120980383812,0.0358618196721473,0
0.0141403425590517,0.0358606907500278,0
0.0141685942687108,0.0358595393773287,0
0.0141968531501208,0.0358583655414636,0
0.0142251191860258,0.0358571692298611,0
0.0142533923591328,0.0358559504299655,0
0.0142816726521366,0.0358547091292357,0
0.0143099600477047,0.0358534453151458,0
0.0143382545284774,0.0358521589751854,0
0.0143665560770739,0.0358508500968591,0
0.014394864676093,0.0358495186676865,0
0.0144231803081023,0.0358481646752029,0
0.0144515029556557,0.0358467881069583,0
0.0144798326012739,0.0358453889505184,0
0.0145081692274694,0.0358439671934636,0
0.0145365128167093,0.0358425228233905,0
0.0145648633514622,0.03584105582791,0
0.0145932208141568,0.0358395661946488,0
0.0146215851872017,0.0358380539112493,0
0.0146499564529936,0.0358365189653683,0
0.0146783345938956,0.0358349613446787,0
0.0147067195922551,0.0358333810368685,0
0.0147351114303929,0.035831778029641,0
0.0147635100906038,0.0358301523107155,0
0.0147919155551778,0.0358285038678256,0
0.0148203278063627,0.0358268326887214,0
0.0148487468263992,0.0358251387611678,0
0.0148771725974888,0.035823422072946,0
0.0149056051018431,0.0358216826118507,0
0.0149340443216119,0.035819920365695,0
0.0149624902389566,0.0358181353223048,0
0.0149909428360037,0.0358163274695229,0
0.0150194020948485,0.0358144967952081,0
0.0150478679975859,0.0358126432872334,0
0.0150763405262827,0.0358107669334877,0
0.0151048196629735,0.0358088677218764,0
0.0151333053896858,0.0358069456403195,0
0.0151617976884156,0.0358050006767533,0
0.0151902965411521,0.0358030328191289,0
0.0152188019298475,0.0358010420554139,0
0.0152473138364401,0.0357990283735914,0
0.0152758322428631,0.0357969917616589,0
0.0153043571309926,0.0357949322076321,0
0.0153328884827272,0.0357928496995396,0
0.0153614262799156,0.0357907442254275,0
0.0153899705043968,0.0357886157733572,0
0.0154185211379899,0.0357864643314056,0
0.0154470781624936,0.0357842898876654,0
0.0154756415596828,0.0357820924302454,0
0.015504211311315,0.0357798719472701,0
0.0155327873991384,0.0357776284268787,0
0.0155613698048566,0.0357753618572285,0
0.0155899585101801,0.0357730722264901,0
0.015618553496784,0.0357707595228516,0
0.0156471547463299,0.0357684237345163,0
0.0156757622404594,0.0357660648497032,0
0.0157043759607882,0.0357636828566482,0
0.0157329958889211,0.0357612777436019,0
0.015761622006443,0.035758849498831,0
0.0157902542949169,0.0357563981106187,0
0.015818892735886,0.0357539235672636,0
0.0158475373108785,0.0357514258570804,0
0.0158761880013972,0.0357489049684,0
0.0159048447889257,0.0357463608895695,0
0.0159335076549461,0.0357437936089503,0
0.0159621765808959,0.0357412031149222,0
0.0159908515482095,0.0357385893958796,0
0.016019532538306,0.0357359524402325,0
0.0160482195325678,0.0357332922364089,0
0.0160769125123789,0.0357306087728506,0
0.0161056114590963,0.0357279020380165,0
0.0161343163540526,0.0357251720203822,0
0.0161630271785727,0.0357224187084382,0
0.0161917439139575,0.0357196420906918,0
0.016220466541489,0.0357168421556664,0
0.0162491950424315,0.0357140188919015,0
0.0162779293980418,0.0357111722879519,0
0.0163066695895361,0.0357083023323904,0
0.0163354155981333,0.0357054090138043,0
0.0163641674050205,0.0357024923207983,0
0.016392924991377,0.0356995522419923,0
0.0164216883383657,0.0356965887660223,0
0.0164504574271137,0.0356936018815423,0
0.0164792322387505,0.0356905915772206,0
0.0165080127543787,0.0356875578417426,0
0.016536798955084,0.03568450066381,0
0.0165655908219354,0.0356814200321406,0
0.0165943883359856,0.0356783159354684,0
0.0166231914782607,0.0356751883625447,0
0.0166520002297874,0.0356720373021352,0
0.0166808145715581,0.0356688627430238,0
0.0167096344845529,0.0356656646740102,0
0.0167384599497358,0.0356624430839101,0
0.0167672909480618,0.0356591979615551,0
0.016796127460446,0.0356559292957954,0
0.0168249694678141,0.0356526370754947,0
0.0168538169510514,0.0356493212895355,0
0.016882669891039,0.0356459819268156,0
0.016911528268637,0.0356426189762495,0
0.0169403920646943,0.0356392324267675,0
0.0169692612600286,0.0356358222673181,0
0.0169981358354522,0.0356323884868649,0
0.017027015771769,0.0356289310743872,0
0.0170559010497356,0.0356254500188841,0
0.0170847916501273,0.0356219453093673,0
0.0171136875536755,0.0356184169348682,0
0.0171425887411145,0.0356148648844323,0
0.0171714951931542,0.0356112891471228,0
0.0172004068904713,0.0356076897120215,0
0.0172293238137649,0.0356040665682219,0
0.0172582459436695,0.0356004197048401,0
0.0172871732608495,0.0355967491110031,0
0.0173161057459183,0.0355930547758588,0
0.0173450433794897,0.0355893366885698,0
0.0173739861421525,0.0355855948383164,0
0.0174029340144913,0.0355818292142939,0
0.0174318869770617,0.0355780398057161,0
0.0174608450104075,0.0355742266018129,0
0.0174898080950608,0.0355703895918303,0
0.0175187762115259,0.0355665287650326,0
0.0175477493403044,0.035562644110699,0
0.0175767274618777,0.0355587356181263,0
0.0176057105566972,0.0355548032766296,0
0.0176346986052303,0.0355508470755366,0
0.017663691587891,0.035546867004197,0
0.0176926894851018,0.0355428630519739,0
0.0177216922772543,0.0355388352082492,0
0.0177506999447424,0.0355347834624193,0
0.0177797124679284,0.0355307078038997,0
0.0178087298271609,0.0355266082221222,0
0.0178377520027857,0.0355224847065339,0
0.0178667789751059,0.0355183372466027,0
0.0178958107244452,0.035514165831808,0
0.0179248472310791,0.0355099704516509,0
0.01795388847528,0.0355057510956477,0
0.0179829344373113,0.0355015077533307,0
0.0180119850974101,0.0354972404142507,0
0.0180410404358065,0.0354929490679742,0
0.018070100432704,0.0354886337040864,0
0.0180991650683075,0.035484294312187,0
0.0181282343227822,0.0354799308818964,0
0.018157308176305,0.0354755434028478,0
0.0181863866090164,0.0354711318646949,0
0.0182154696010553,0.0354666962571062,0
0.0182445571325317,0.0354622365697694,0
0.0182736491835523,0.0354577527923875,0
0.0183027457342053,0.0354532449146809,0
0.0183318467645634,0.0354487129263876,0
0.0183609522546739,0.035444156817264,0
0.0183900621845875,0.0354395765770807,0
0.0184191765343283,0.0354349721956276,0
0.0184482952839037,0.0354303436627117,0
0.0184774184133142,0.0354256909681562,0
0.0185065459025324,0.0354210141018032,0
0.0185356777315381,0.0354163130535088,0
0.0185648138802639,0.0354115878131515,0
0.0185939543286582,0.0354068383706217,0
0.0186230990566354,0.0354020647158306,0
0.0186522480441085,0.0353972668387043,0
0.0186814012709586,0.0353924447291889,0
0.0187105587170675,0.0353875983772456,0
0.0187397203622954,0.0353827277728535,0
0.0187688861864862,0.0353778329060097,0
0.0187980561694681,0.0353729137667287,0
0.0188272302910702,0.0353679703450397,0
0.01885640853108,0.0353630026309939,0
0.0188855908692926,0.0353580106146559,0
0.018914777285474,0.0353529942861105,0
0.0189439677593947,0.0353479536354563,0
0.018973162270784,0.0353428886528141,0
0.0190023607993737,0.0353377993283192,0
0.0190315633248801,0.0353326856521246,0
0.0190607698270013,0.0353275476144011,0
0.0190899802854272,0.0353223852053362,0
0.0191191946798187,0.0353171984151373,0
0.019148412989835,0.0353119872340272,0
0.0191776351951213,0.035306751652246,0
0.0192068612753023,0.0353014916600525,0
0.019236091209987,0.0352962072477234,0
0.0192653249787759,0.0352908984055517,0
0.0192945625612573,0.0352855651238478,0
0.0193238039369919,0.0352802073929419,0
0.0193530490855435,0.0352748252031789,0
0.0193822979864482,0.0352694185449237,0
0.0194115506192305,0.0352639874085583,0
0.0194408069634091,0.0352585317844808,0
0.019470066998478,0.0352530516631089,0
0.0194993307039221,0.0352475470348773,0
0.0195285980592123,0.0352420178902381,0
0.0195578690438004,0.035236464219662,0
0.019587143637139,0.0352308860136348,0
0.0196164218186379,0.0352252832626656,0
0.019645703567728,0.0352196559572741,0
0.0196749888638003,0.0352140040880033,0
0.0197042776862425,0.0352083276454115,0
0.0197335700144226,0.035202626620076,0
0.0197628658277073,0.0351969010025896,0
0.0197921651054289,0.0351911507835669,0
0.019821467826927,0.0351853759536358,0
0.0198507739715091,0.0351795765034463,0
0.0198800835184874,0.0351737524236619,0
0.0199093964471431,0.035167903704968,0
0.0199387127367491,0.0351620303380664,0
0.0199680323665739,0.0351561323136751,0
0.0199973553158628,0.0351502096225318,0
0.0200266815638382,0.0351442622553941,0
0.0200560110897348,0.0351382902030323,0
0.0200853438727499,0.0351322934562392,0
0.0201146798920781,0.0351262720058238,0
0.0201440191269,0.0351202258426127,0
0.0201733615563722,0.0351141549574531,0
0.0202027071596598,0.0351080593412051,0
0.0202320559158944,0.0351019389847515,0
0.0202614078041913,0.0350957938789934,0
0.0202907628036727,0.0350896240148458,0
0.0203201208934381,0.0350834293832436,0
0.0203494820525628,0.0350772099751421,0
0.0203788462601183,0.0350709657815128,0
0.0204082134951666,0.0350646967933442,0
0.02043758373675,0.0350584030016444,0
0.0204669569638943,0.0350520843974404,0
0.0204963331556217,0.0350457409717752,0
0.0205257122909345,0.0350393727157112,0
0.0205550943488203,0.0350329796203295,0
0.0205844793082623,0.0350265616767274,0
0.0206138671482132,0.035020118876024,0
0.0206432578476361,0.0350136512093518,0
0.0206726513854612,0.0350071586678654,0
0.0207020477406166,0.0350006412427356,0
0.0207314468919997,0.0349940989251551,0
0.0207608488185342,0.0349875317063261,0
0.0207902534990778,0.0349809395774811,0
0.02081966091252,0.0349743225298606,0
0.0208490710377109,0.0349676805547294,0
0.0208784838534992,0.034961013643368,0
0.0209078993387157,0.0349543217870763,0
0.0209373174721799,0.0349476049771724,0
0.020966738232697,0.0349408632049926,0
0.0209961615990649,0.0349340964618907,0
0.0210255875500562,0.0349273047392416,0
0.0210550160644479,0.0349204880284344,0
0.0210844471209813,0.0349136463208822,0
0.0211138806984154,0.0349067796080092,0
0.021143316775467,0.0348998878812651,0
0.0211727553308528,0.0348929711321149,0
0.0212021963432759,0.0348860293520422,0
0.0212316397914342,0.0348790625325475,0
0.0212610856539963,0.0348720706651535,0
0.0212905339096258,0.0348650537413999,0
0.0213199845369878,0.034858011752841,0
0.0213494375147057,0.034850944691057,0
0.0213788928214194,0.0348438525476395,0
0.0214083504357312,0.0348367353142047,0
0.0214378103362474,0.0348295929823833,0
0.0214672725015614,0.0348224255438247,0
0.0214967369102431,0.0348152329901995,0
0.0215262035408556,0.0348080153131956,0
0.0215556723719508,0.0348007725045191,0
0.0215851433820712,0.034793504555894,0
0.02161461654974,0.0347862114590646,0
0.0216440918534642,0.0347788932057948,0
0.0216735692717507,0.0347715497878643,0
0.0217030487830939,0.0347641811970711,0
0.0217325303659561,0.0347567874252371,0
0.0217620139988088,0.0347493684641976,0
0.0217914996601013,0.0347419243058088,0
0.0218209873282722,0.0347344549419454,0
0.021850476981747,0.0347269603645011,0
0.021879968598944,0.0347194405653869,0
0.0219094621582596,0.0347118955365351,0
0.0219389576380836,0.0347043252698954,0
0.0219684550167931,0.0346967297574365,0
0.0219979542727578,0.0346891089911444,0
0.0220274553843198,0.0346814629630282,0
0.0220569583298326,0.0346737916651096,0
0.0220864630876145,0.0346660950894351,0
0.0221159696359831,0.0346583732280671,0
0.0221454779532439,0.034650626073087,0
0.022174988017691,0.0346428536165948,0
0.0222044998075971,0.034635055850712,0
0.0222340133012327,0.0346272327675762,0
0.0222635284768539,0.0346193843593447,0
0.0222930453127079,0.0346115106181929,0
0.0223225637870152,0.0346036115363192,0
0.0223520838780061,0.0345956871059348,0
0.0223816055638789,0.0345877373192757,0
0.0224111288228356,0.0345797621685924,0
0.0224406536330548,0.0345717616461576,0
0.0224701799727126,0.0345637357442606,0
0.0224997078199601,0.034555684455213,0
0.0225292371529577,0.03454760777134,0
0.0225587679498276,0.034539505684993,0
0.0225883001886983,0.0345313781885373,0
0.0226178338476868,0.0345232252743574,0
0.0226473689048867,0.0345150469348603,0
0.0226769053383848,0.0345068431624702,0
0.0227064431262716,0.0344986139496267,0
0.0227359822465916,0.0344903592887978,0
0.0227655226774141,0.0344820791724604,0
0.0227950643967679,0.034473773593119,0
0.0228246073826944,0.0344654425432901,0
0.0228541516132032,0.0344570860155151,0
0.0228836970663055,0.0344487040023512,0
0.0229132437199884,0.034440296496378,0
0.0229427915522469,0.0344318634901889,0
0.0229723405410365,0.0344234049764046,0
0.0230018906643351,0.0344149209476554,0
0.023031441900077,0.0344064113965998,0
0.023060994226207,0.0343978763159096,0
0.0230905476206433,0.03438931569828,0
0.0231201020613065,0.0343807295364215,0
0.0231496575260921,0.0343721178230682,0
0.0231792139928988,0.0343634805509688,0
0.0232087714395991,0.0343548177128961,0
0.0232383298440631,0.0343461293016393,0
0.0232678891841434,0.0343374153100091,0
0.0232974494376966,0.0343286757308307,0
0.0233270105825461,0.0343199105569556,0
0.0233565725965155,0.0343111197812508,0
0.0233861354574191,0.0343023033966025,0
0.0234156991430536,0.0342934613959182,0
0.0234452636312116,0.0342845937721225,0
0.0234748288996638,0.0342757005181629,0
0.0235043949261798,0.034266781627003,0
0.0235339616885206,0.0342578370916256,0
0.0235635291644195,0.0342488669050376,0
0.0235930973316102,0.0342398710602622,0
0.023622666167822,0.0342308495503396,0
0.0236522356507528,0.0342218023683363,0
0.0236818057581117,0.0342127295073312,0
0.0237113764675884,0.0342036309604255,0
0.0237409477568463,0.0341945067207443,0
0.0237705196035614,0.0341853567814255,0
0.0238000919853842,0.0341761811356308,0
0.0238296648799653,0.0341669797765381,0
0.0238592382649266,0.0341577526973504,0
0.0238888121178974,0.0341484998912846,0
0.0239183864164825,0.0341392213515818,0
0.02394796113829,0.0341299170714978,0
0.0239775362608964,0.034120587044315,0
0.0240071117618899,0.0341112312633281,0
0.0240366876188342,0.0341018497218561,0
0.0240662638092863,0.034092442413236,0
0.0240958403107848,0.0340830093308273,0
0.0241254171008773,0.0340735504680028,0
0.02415499415707,0.0340640658181648,0
0.0241845714568908,0.034054555374725,0
0.0242141489778305,0.0340450191311233,0
0.0242437266973905,0.0340354570808124,0
0.0242733045930427,0.0340258692172713,0
0.0243028826422627,0.0340162555339937,0
0.0243324608225024,0.0340066160244975,0
0.0243620391112199,0.033996950682315,0
0.0243916174858432,0.0339872595010047,0
0.0244211959238039,0.0339775424741402,0
0.0244507744025232,0.0339677995953151,0
0.0244803528993926,0.0339580308581491,0
0.0245099313918228,0.0339482362562719,0
0.0245395098571918,0.0339384157833405,0
0.0245690882728716,0.0339285694330303,0
0.0245986666162311,0.0339186971990342,0
0.0246282448646199,0.0339087990750681,0
0.0246578229953761,0.033898875054868,0
0.0246874009858407,0.0338889251321856,0
0.024716978813331,0.0338789493007968,0
0.0247465564551587,0.033868947554496,0
0.0247761338886259,0.0338589198870976,0
0.0248128010570185,0.0338464524744164,0
