0,0.032383617,-0.025465788
0,0.032395724,-0.025436515
0,0.032407806,-0.025407238
0,0.032419863,-0.025377956
0,0.032431895,-0.025348669
0,0.032443902,-0.025319378
0,0.032455884,-0.025290083
0,0.03246784,-0.025260784
0,0.032479772,-0.02523148
0,0.032491678,-0.025202171
0,0.032503559,-0.025172858
0,0.032515415,-0.025143541
0,0.032527246,-0.02511422
0,0.032539052,-0.025084895
0,0.032550833,-0.025055565
0,0.032562589,-0.025026231
0,0.032574319,-0.024996892
0,0.032586025,-0.02496755
0,0.032597705,-0.024938203
0,0.03260936,-0.024908852
0,0.03262099,-0.024879497
0,0.032632595,-0.024850138
0,0.032644175,-0.024820775
0,0.03265573,-0.024791408
0,0.032667259,-0.024762037
0,0.032678764,-0.024732662
0,0.032690243,-0.024703282
0,0.032701697,-0.024673899
0,0.032713127,-0.024644512
0,0.032724531,-0.024615121
0,0.032735909,-0.024585726
0,0.032747263,-0.024556327
0,0.032758592,-0.024526924
0,0.032769895,-0.024497517
0,0.032781174,-0.024468107
0,0.032792427,-0.024438692
0,0.032803655,-0.024409274
0,0.032814858,-0.024379852
0,0.032826036,-0.024350426
0,0.032837189,-0.024320997
0,0.032848317,-0.024291564
0,0.032859419,-0.024262127
0,0.032870497,-0.024232687
0,0.032881549,-0.024203243
0,0.032892577,-0.024173795
0,0.032903579,-0.024144343
0,0.032914556,-0.024114889
0,0.032925508,-0.02408543
0,0.032936434,-0.024055968
0,0.032947336,-0.024026502
0,0.032958213,-0.023997033
0,0.032969064,-0.023967561
0,0.032979891,-0.023938085
0,0.032990692,-0.023908605
0,0.033001468,-0.023879122
0,0.033012219,-0.023849636
0,0.033022945,-0.023820147
0,0.033033646,-0.023790654
0,0.033044321,-0.023761157
0,0.033054972,-0.023731658
0,0.033065598,-0.023702155
0,0.033076198,-0.023672648
0,0.033086773,-0.023643139
0,0.033097324,-0.023613626
0,0.033107849,-0.02358411
0,0.033118349,-0.023554591
0,0.033128824,-0.023525069
0,0.033139273,-0.023495543
0,0.033149698,-0.023466015
0,0.033160098,-0.023436483
0,0.033170472,-0.023406949
0,0.033180822,-0.023377411
0,0.033191146,-0.02334787
0,0.033201445,-0.023318326
0,0.033211719,-0.023288779
0,0.033221968,-0.023259229
0,0.033232192,-0.023229676
0,0.033242391,-0.023200121
0,0.033252565,-0.023170562
0,0.033262714,-0.023141
0,0.033272837,-0.023111436
0,0.033282936,-0.023081869
0,0.033293009,-0.023052298
0,0.033303057,-0.023022725
0,0.033313081,-0.02299315
0,0.033323079,-0.022963571
0,0.033333052,-0.02293399
0,0.033343,-0.022904406
0,0.033352923,-0.022874819
0,0.033362821,-0.02284523
0,0.033372694,-0.022815638
0,0.033382541,-0.022786043
0,0.033392364,-0.022756445
0,0.033402162,-0.022726845
0,0.033411934,-0.022697243
0,0.033421681,-0.022667638
0,0.033431404,-0.02263803
0,0.033441101,-0.02260842
0,0.033450773,-0.022578807
0,0.033460421,-0.022549192
0,0.033470043,-0.022519574
0,0.03347964,-0.022489954
0,0.033489212,-0.022460331
0,0.033498759,-0.022430706
0,0.03350828,-0.022401079
0,0.033517777,-0.022371449
0,0.033527249,-0.022341817
0,0.033536696,-0.022312183
0,0.033546117,-0.022282546
0,0.033555514,-0.022252907
0,0.033564885,-0.022223266
0,0.033574232,-0.022193623
0,0.033583553,-0.022163977
0,0.03359285,-0.022134329
0,0.033602121,-0.022104679
0,0.033611368,-0.022075027
0,0.033620589,-0.022045373
0,0.033629785,-0.022015716
0,0.033638956,-0.021986058
0,0.033648103,-0.021956397
0,0.033657224,-0.021926735
0,0.03366632,-0.02189707
0,0.033675391,-0.021867403
0,0.033684437,-0.021837735
0,0.033693458,-0.021808064
0,0.033702454,-0.021778391
0,0.033711425,-0.021748717
0,0.033720371,-0.02171904
0,0.033729292,-0.021689362
0,0.033738188,-0.021659682
0,0.033747059,-0.02163
0,0.033755905,-0.021600316
0,0.033764726,-0.02157063
0,0.033773522,-0.021540943
0,0.033782293,-0.021511254
0,0.033791039,-0.021481563
0,0.03379976,-0.02145187
0,0.033808455,-0.021422176
0,0.033817126,-0.02139248
0,0.033825772,-0.021362782
0,0.033834393,-0.021333083
0,0.033842989,-0.021303382
0,0.03385156,-0.021273679
0,0.033860106,-0.021243975
0,0.033868627,-0.021214269
0,0.033877123,-0.021184562
0,0.033885594,-0.021154853
0,0.03389404,-0.021125143
0,0.033902461,-0.021095431
0,0.033910857,-0.021065718
0,0.033919228,-0.021036003
0,0.033927574,-0.021006287
0,0.033935896,-0.02097657
0,0.033944192,-0.020946851
0,0.033952463,-0.020917131
0,0.033960709,-0.020887409
0,0.033968931,-0.020857686
0,0.033977127,-0.020827962
0,0.033985298,-0.020798237
0,0.033993445,-0.02076851
0,0.034001566,-0.020738782
0,0.034009663,-0.020709053
0,0.034017735,-0.020679323
0,0.034025781,-0.020649592
0,0.034033803,-0.020619859
0,0.0340418,-0.020590125
0,0.034049772,-0.02056039
0,0.034057719,-0.020530655
0,0.034065641,-0.020500918
0,0.034073538,-0.02047118
0,0.03408141,-0.02044144
0,0.034089257,-0.0204117
0,0.03409708,-0.020381959
0,0.034104877,-0.020352217
0,0.034112649,-0.020322474
0,0.034120397,-0.02029273
0,0.03412812,-0.020262986
0,0.034135817,-0.02023324
0,0.03414349,-0.020203493
0,0.034151138,-0.020173746
0,0.034158761,-0.020143998
0,0.03416636,-0.020114249
0,0.034173933,-0.020084499
0,0.034181481,-0.020054748
0,0.034189005,-0.020024997
0,0.034196503,-0.019995245
0,0.034203977,-0.019965492
0,0.034211426,-0.019935739
0,0.03421885,-0.019905985
0,0.034226249,-0.01987623
0,0.034233624,-0.019846475
0,0.034240973,-0.019816719
0,0.034248297,-0.019786962
0,0.034255597,-0.019757205
0,0.034262872,-0.019727447
0,0.034270122,-0.019697689
0,0.034277347,-0.019667931
0,0.034284547,-0.019638172
0,0.034291723,-0.019608412
0,0.034298873,-0.019578652
0,0.034305999,-0.019548891
0,0.0343131,-0.019519131
0,0.034320176,-0.019489369
0,0.034327227,-0.019459608
0,0.034334254,-0.019429846
0,0.034341255,-0.019400084
0,0.034348232,-0.019370321
0,0.034355184,-0.019340558
0,0.034362111,-0.019310795
0,0.034369014,-0.019281032
0,0.034375891,-0.019251268
0,0.034382744,-0.019221505
0,0.034389572,-0.019191741
0,0.034396375,-0.019161977
0,0.034403153,-0.019132213
0,0.034409907,-0.019102448
0,0.034416636,-0.019072684
0,0.03442334,-0.019042919
0,0.034430019,-0.019013155
0,0.034436673,-0.01898339
0,0.034443303,-0.018953626
0,0.034449908,-0.018923861
0,0.034456488,-0.018894097
0,0.034463043,-0.018864332
0,0.034469574,-0.018834568
0,0.03447608,-0.018804803
0,0.034482561,-0.018775039
0,0.034489017,-0.018745275
0,0.034495449,-0.018715511
0,0.034501856,-0.018685747
0,0.034508238,-0.018655983
0,0.034514595,-0.01862622
0,0.034520928,-0.018596457
0,0.034527236,-0.018566694
0,0.034533519,-0.018536931
0,0.034539778,-0.018507169
0,0.034546011,-0.018477407
0,0.03455222,-0.018447645
0,0.034558405,-0.018417883
0,0.034564564,-0.018388122
0,0.034570699,-0.018358362
0,0.03457681,-0.018328601
0,0.034582895,-0.018298841
0,0.034588956,-0.018269082
0,0.034594992,-0.018239323
0,0.034601004,-0.018209564
0,0.034606991,-0.018179807
0,0.034612953,-0.018150049
0,0.03461889,-0.018120292
0,0.034624803,-0.018090536
0,0.034630691,-0.01806078
0,0.034636555,-0.018031025
0,0.034642394,-0.01800127
0,0.034648208,-0.017971517
0,0.034653997,-0.017941763
0,0.034659762,-0.017912011
0,0.034665503,-0.017882259
0,0.034671218,-0.017852508
0,0.034676909,-0.017822757
0,0.034682576,-0.017793008
0,0.034688217,-0.017763259
0,0.034693834,-0.017733511
0,0.034699427,-0.017703764
0,0.034704995,-0.017674017
0,0.034710538,-0.017644272
0,0.034716057,-0.017614527
0,0.034721551,-0.017584784
0,0.034727021,-0.017555041
0,0.034732465,-0.017525299
0,0.034737886,-0.017495558
0,0.034743282,-0.017465818
0,0.034748653,-0.017436079
0,0.034753999,-0.017406341
0,0.034759321,-0.017376605
0,0.034764619,-0.017346869
0,0.034769892,-0.017317134
0,0.03477514,-0.0172874
0,0.034780364,-0.017257668
0,0.034785563,-0.017227937
0,0.034790738,-0.017198206
0,0.034795888,-0.017168477
0,0.034801014,-0.01713875
0,0.034806115,-0.017109023
0,0.034811192,-0.017079298
0,0.034816244,-0.017049573
0,0.034821271,-0.017019851
0,0.034826275,-0.016990129
0,0.034831253,-0.016960409
0,0.034836207,-0.01693069
0,0.034841137,-0.016900972
0,0.034846042,-0.016871256
0,0.034850922,-0.016841541
0,0.034855779,-0.016811828
0,0.03486061,-0.016782116
0,0.034865417,-0.016752406
0,0.0348702,-0.016722697
0,0.034874958,-0.016692989
0,0.034879692,-0.016663283
0,0.034884402,-0.016633579
0,0.034889086,-0.016603876
0,0.034893747,-0.016574174
0,0.034898383,-0.016544474
0,0.034902994,-0.016514776
0,0.034907582,-0.01648508
0,0.034912144,-0.016455385
0,0.034916683,-0.016425692
0,0.034921196,-0.016396
0,0.034925686,-0.01636631
0,0.034930151,-0.016336622
0,0.034934592,-0.016306936
0,0.034939008,-0.016277251
0,0.0349434,-0.016247568
0,0.034947767,-0.016217887
0,0.03495211,-0.016188208
0,0.034956429,-0.016158531
0,0.034960724,-0.016128855
0,0.034964994,-0.016099181
0,0.034969239,-0.01606951
0,0.03497346,-0.01603984
0,0.034977657,-0.016010172
0,0.03498183,-0.015980506
0,0.034985978,-0.015950842
0,0.034990102,-0.01592118
0,0.034994202,-0.01589152
0,0.034998277,-0.015861862
0,0.035002328,-0.015832206
0,0.035006355,-0.015802553
0,0.035010357,-0.015772901
0,0.035014335,-0.015743251
0,0.035018289,-0.015713604
0,0.035022218,-0.015683959
0,0.035026123,-0.015654315
0,0.035030004,-0.015624674
0,0.035033861,-0.015595036
0,0.035037693,-0.015565399
0,0.035041501,-0.015535765
0,0.035045285,-0.015506133
0,0.035049044,-0.015476503
0,0.03505278,-0.015446876
0,0.035056491,-0.015417251
0,0.035060177,-0.015387628
0,0.03506384,-0.015358007
0,0.035067478,-0.015328389
0,0.035071092,-0.015298774
0,0.035074682,-0.01526916
0,0.035078248,-0.01523955
0,0.03508179,-0.015209941
0,0.035085307,-0.015180335
0,0.0350888,-0.015150732
0,0.035092269,-0.015121131
0,0.035095714,-0.015091533
0,0.035099134,-0.015061937
0,0.03510253,-0.015032344
0,0.035105903,-0.015002753
0,0.035109251,-0.014973165
0,0.035112575,-0.01494358
0,0.035115874,-0.014913997
0,0.03511915,-0.014884417
0,0.035122401,-0.014854839
0,0.035125629,-0.014825265
0,0.035128832,-0.014795693
0,0.035132011,-0.014766123
0,0.035135166,-0.014736557
0,0.035138297,-0.014706993
0,0.035141403,-0.014677432
0,0.035144486,-0.014647874
0,0.035147545,-0.014618319
0,0.035150579,-0.014588766
0,0.035153589,-0.014559217
0,0.035156576,-0.01452967
0,0.035159538,-0.014500126
0,0.035162476,-0.014470585
0,0.03516539,-0.014441047
0,0.03516828,-0.014411512
0,0.035171146,-0.01438198
0,0.035173988,-0.014352451
0,0.035176806,-0.014322925
0,0.0351796,-0.014293402
0,0.03518237,-0.014263882
0,0.035185116,-0.014234366
0,0.035187838,-0.014204852
0,0.035190536,-0.014175341
0,0.03519321,-0.014145834
0,0.03519586,-0.014116329
0,0.035198486,-0.014086828
0,0.035201088,-0.01405733
0,0.035203666,-0.014027835
0,0.03520622,-0.013998344
0,0.03520875,-0.013968855
0,0.035211256,-0.01393937
0,0.035213738,-0.013909888
0,0.035216196,-0.01388041
0,0.035218631,-0.013850935
0,0.035221041,-0.013821463
0,0.035223428,-0.013791994
0,0.03522579,-0.013762529
0,0.035228129,-0.013733067
0,0.035230444,-0.013703609
0,0.035232734,-0.013674154
0,0.035235001,-0.013644702
0,0.035237244,-0.013615254
0,0.035239464,-0.013585809
0,0.035241659,-0.013556368
0,0.03524383,-0.013526931
0,0.035245978,-0.013497497
0,0.035248102,-0.013468066
0,0.035250202,-0.013438639
0,0.035252278,-0.013409216
0,0.03525433,-0.013379796
0,0.035256359,-0.01335038
0,0.035258363,-0.013320967
0,0.035260344,-0.013291558
0,0.035262301,-0.013262153
0,0.035264234,-0.013232751
0,0.035266144,-0.013203354
0,0.035268029,-0.01317396
0,0.035269891,-0.013144569
0,0.035271729,-0.013115183
0,0.035273544,-0.0130858
0,0.035275334,-0.013056421
0,0.035277101,-0.013027046
0,0.035278844,-0.012997674
0,0.035280564,-0.012968307
0,0.035282259,-0.012938943
0,0.035283931,-0.012909583
0,0.035285579,-0.012880227
0,0.035287204,-0.012850875
0,0.035288805,-0.012821527
0,0.035290382,-0.012792183
0,0.035291935,-0.012762843
0,0.035293465,-0.012733507
0,0.035294971,-0.012704175
0,0.035296454,-0.012674847
0,0.035297912,-0.012645523
0,0.035299347,-0.012616203
0,0.035300759,-0.012586887
0,0.035302147,-0.012557575
0,0.035303511,-0.012528267
0,0.035304852,-0.012498964
0,0.035306169,-0.012469664
0,0.035307462,-0.012440369
0,0.035308732,-0.012411078
0,0.035309978,-0.012381791
0,0.0353112,-0.012352508
0,0.035312399,-0.01232323
0,0.035313575,-0.012293955
0,0.035314727,-0.012264686
0,0.035315855,-0.01223542
0,0.03531696,-0.012206158
0,0.035318041,-0.012176901
0,0.035319099,-0.012147649
0,0.035320133,-0.0121184
0,0.035321143,-0.012089156
0,0.035322131,-0.012059916
0,0.035323094,-0.012030681
0,0.035324034,-0.01200145
0,0.035324951,-0.011972224
0,0.035325844,-0.011943002
0,0.035326714,-0.011913784
0,0.03532756,-0.011884571
0,0.035328383,-0.011855363
0,0.035329182,-0.011826159
0,0.035329958,-0.011796959
0,0.03533071,-0.011767764
0,0.035331439,-0.011738574
0,0.035332145,-0.011709388
0,0.035332827,-0.011680207
0,0.035333486,-0.01165103
0,0.035334121,-0.011621858
0,0.035334733,-0.01159269
0,0.035335322,-0.011563528
0,0.035335887,-0.01153437
0,0.035336429,-0.011505216
0,0.035336947,-0.011476068
0,0.035337442,-0.011446924
0,0.035337914,-0.011417784
0,0.035338362,-0.01138865
0,0.035338787,-0.01135952
0,0.035339189,-0.011330395
0,0.035339568,-0.011301275
0,0.035339923,-0.01127216
0,0.035340255,-0.011243049
0,0.035340563,-0.011213944
0,0.035340848,-0.011184843
0,0.03534111,-0.011155747
0,0.035341349,-0.011126656
0,0.035341565,-0.01109757
0,0.035341757,-0.011068488
0,0.035341926,-0.011039412
0,0.035342071,-0.011010341
0,0.035342194,-0.010981274
0,0.035342293,-0.010952213
0,0.035342369,-0.010923156
0,0.035342422,-0.010894105
0,0.035342452,-0.010865058
0,0.035342458,-0.010836017
0,0.035342442,-0.010806981
0,0.035342402,-0.010777949
0,0.035342339,-0.010748923
0,0.035342253,-0.010719902
0,0.035342143,-0.010690886
0,0.035342011,-0.010661875
0,0.035341855,-0.010632869
0,0.035341677,-0.010603869
0,0.035341475,-0.010574873
0,0.03534125,-0.010545883
0,0.035341002,-0.010516898
0,0.035340731,-0.010487918
0,0.035340437,-0.010458943
0,0.03534012,-0.010429973
0,0.035339779,-0.010401009
0,0.035339416,-0.01037205
0,0.03533903,-0.010343096
0,0.03533862,-0.010314148
0,0.035338188,-0.010285204
0,0.035337732,-0.010256267
0,0.035337254,-0.010227334
0,0.035336752,-0.010198407
0,0.035336228,-0.010169485
0,0.03533568,-0.010140568
0,0.03533511,-0.010111657
0,0.035334516,-0.010082751
0,0.0353339,-0.01005385
0,0.035333261,-0.010024955
0,0.035332598,-0.009996066
0,0.035331913,-0.009967181
0,0.035331205,-0.009938303
0,0.035330474,-0.009909429
0,0.03532972,-0.009880561
0,0.035328943,-0.009851699
0,0.035328144,-0.009822842
0,0.035327321,-0.00979399
0,0.035326475,-0.009765144
0,0.035325607,-0.009736303
0,0.035324716,-0.009707468
0,0.035323802,-0.009678639
0,0.035322865,-0.009649815
0,0.035321905,-0.009620996
0,0.035320923,-0.009592183
0,0.035319917,-0.009563376
0,0.035318889,-0.009534574
0,0.035317838,-0.009505778
0,0.035316764,-0.009476988
0,0.035315668,-0.009448202
0,0.035314549,-0.009419423
0,0.035313407,-0.009390649
0,0.035312242,-0.009361881
0,0.035311054,-0.009333118
0,0.035309844,-0.009304361
0,0.035308611,-0.00927561
0,0.035307355,-0.009246864
0,0.035306077,-0.009218124
0,0.035304776,-0.00918939
0,0.035303452,-0.009160661
0,0.035302106,-0.009131938
0,0.035300737,-0.009103221
0,0.035299345,-0.009074509
0,0.03529793,-0.009045803
0,0.035296493,-0.009017103
0,0.035295034,-0.008988408
0,0.035293551,-0.008959719
0,0.035292046,-0.008931036
0,0.035290519,-0.008902359
0,0.035288969,-0.008873687
0,0.035287396,-0.008845021
0,0.035285801,-0.00881636
0,0.035284183,-0.008787706
0,0.035282543,-0.008759057
0,0.03528088,-0.008730414
0,0.035279194,-0.008701776
0,0.035277486,-0.008673144
0,0.035275756,-0.008644518
0,0.035274003,-0.008615898
0,0.035272227,-0.008587283
0,0.035270429,-0.008558675
0,0.035268609,-0.008530071
0,0.035266766,-0.008501474
0,0.0352649,-0.008472882
0,0.035263012,-0.008444296
0,0.035261102,-0.008415716
0,0.035259169,-0.008387141
0,0.035257214,-0.008358573
0,0.035255236,-0.008330009
0,0.035253236,-0.008301452
0,0.035251214,-0.0082729
0,0.035249169,-0.008244354
0,0.035247101,-0.008215814
0,0.035245012,-0.008187279
0,0.0352429,-0.00815875
0,0.035240766,-0.008130226
0,0.035238609,-0.008101709
0,0.03523643,-0.008073197
0,0.035234229,-0.00804469
0,0.035232005,-0.008016189
0,0.035229759,-0.007987694
0,0.035227491,-0.007959204
0,0.0352252,-0.00793072
0,0.035222887,-0.007902242
0,0.035220552,-0.007873769
0,0.035218195,-0.007845301
0,0.035215815,-0.007816839
0,0.035213413,-0.007788383
0,0.035210989,-0.007759932
0,0.035208543,-0.007731487
0,0.035206074,-0.007703047
0,0.035203583,-0.007674612
0,0.035201071,-0.007646183
0,0.035198535,-0.007617759
0,0.035195978,-0.007589341
0,0.035193398,-0.007560928
0,0.035190797,-0.00753252
0,0.035188173,-0.007504117
0,0.035185527,-0.00747572
0,0.035182859,-0.007447328
0,0.035180168,-0.007418941
0,0.035177456,-0.00739056
0,0.035174721,-0.007362183
0,0.035171965,-0.007333812
0,0.035169186,-0.007305445
0,0.035166385,-0.007277084
0,0.035163562,-0.007248728
0,0.035160717,-0.007220376
0,0.03515785,-0.00719203
0,0.035154961,-0.007163688
0,0.03515205,-0.007135351
0,0.035149116,-0.007107019
0,0.035146161,-0.007078692
0,0.035143184,-0.007050369
0,0.035140184,-0.007022051
0,0.035137163,-0.006993738
0,0.035134119,-0.006965429
0,0.035131054,-0.006937124
0,0.035127967,-0.006908824
0,0.035124857,-0.006880528
0,0.035121726,-0.006852237
0,0.035118572,-0.006823949
0,0.035115397,-0.006795666
0,0.035112199,-0.006767387
0,0.03510898,-0.006739111
0,0.035105739,-0.00671084
0,0.035102475,-0.006682572
0,0.03509919,-0.006654309
0,0.035095883,-0.006626048
0,0.035092554,-0.006597792
0,0.035089203,-0.006569538
0,0.03508583,-0.006541288
0,0.035082435,-0.006513041
0,0.035079018,-0.006484798
0,0.035075579,-0.006456557
0,0.035072118,-0.00642832
0,0.035068635,-0.006400085
0,0.03506513,-0.006371852
0,0.035061604,-0.006343623
0,0.035058055,-0.006315395
0,0.035054485,-0.00628717
0,0.035050892,-0.006258947
0,0.035047278,-0.006230726
0,0.035043641,-0.006202507
0,0.035039983,-0.00617429
0,0.035036303,-0.006146074
0,0.035032601,-0.006117859
0,0.035028876,-0.006089645
0,0.03502513,-0.006061433
0,0.035021362,-0.006033221
0,0.035017572,-0.006005009
0,0.03501376,-0.005976798
0,0.035009926,-0.005948587
0,0.03500607,-0.005920376
0,0.035002192,-0.005892165
0,0.034998291,-0.005863953
0,0.034994369,-0.00583574
0,0.034990425,-0.005807527
0,0.034986459,-0.005779311
0,0.03498247,-0.005751094
0,0.03497846,-0.005722875
0,0.034974427,-0.005694654
0,0.034970372,-0.005666431
0,0.034966295,-0.005638204
0,0.034962196,-0.005609974
0,0.034958074,-0.00558174
0,0.03495393,-0.005553502
0,0.034949764,-0.00552526
0,0.034945576,-0.005497013
0,0.034941365,-0.005468761
0,0.034937132,-0.005440503
0,0.034932877,-0.005412239
0,0.034928598,-0.005383968
0,0.034924298,-0.00535569
0,0.034919975,-0.005327404
0,0.034915629,-0.00529911
0,0.034911261,-0.005270807
0,0.034906869,-0.005242495
0,0.034902455,-0.005214172
0,0.034898018,-0.005185839
0,0.034893559,-0.005157494
0,0.034889076,-0.005129137
0,0.03488457,-0.005100767
0,0.034880041,-0.005072383
0,0.034875489,-0.005043984
0,0.034870913,-0.00501557
0,0.034866314,-0.00498714
0,0.034861691,-0.004958692
0,0.034857045,-0.004930226
0,0.034852374,-0.00490174
0,0.03484768,-0.004873234
0,0.034842962,-0.004844706
0,0.03483822,-0.004816155
0,0.034833453,-0.004787579
0,0.034828662,-0.004758978
0,0.034823846,-0.00473035
0,0.034819005,-0.004701693
0,0.034814139,-0.004673006
0,0.034809248,-0.004644288
0,0.034804331,-0.004615535
0,0.034799389,-0.004586747
0,0.034794421,-0.004557921
0,0.034789426,-0.004529056
0,0.034784405,-0.00450015
0,0.034779357,-0.004471199
0,0.034774282,-0.004442201
0,0.034769179,-0.004413155
0,0.034764049,-0.004384056
0,0.03475889,-0.004354903
0,0.034753703,-0.004325692
0,0.034748486,-0.00429642
0,0.03474324,-0.004267083
0,0.034737964,-0.004237678
0,0.034732658,-0.004208201
0,0.03472732,-0.004178648
0,0.03472195,-0.004149013
0,0.034716548,-0.004119294
0,0.034711113,-0.004089484
0,0.034705644,-0.004059578
0,0.03470014,-0.004029571
0,0.034694601,-0.003999456
0,0.034689026,-0.003969227
0,0.034683412,-0.003938878
0,0.034677761,-0.0039084
0,0.03467207,-0.003877785
0,0.034666338,-0.003847027
0,0.034660564,-0.003816114
0,0.034654747,-0.003785038
0,0.034648884,-0.003753788
0,0.034642975,-0.003722352
0,0.034637018,-0.003690719
0,0.03463101,-0.003658876
0,0.034624951,-0.003626809
0,0.034618837,-0.003594502
0,0.034612667,-0.00356194
0,0.034606437,-0.003529105
0,0.034600146,-0.003495977
0,0.03459379,-0.003462537
0,0.034587367,-0.003428763
0,0.034580873,-0.003394629
0,0.034574304,-0.003360111
0,0.034567657,-0.00332518
0,0.034560927,-0.003289805
0,0.034554111,-0.003253954
0,0.034547203,-0.003217589
0,0.034540198,-0.003180673
0,0.034533091,-0.003143162
0,0.034525876,-0.003105009
0,0.034518547,-0.003066164
0,0.034511098,-0.003026572
0,0.03450352,-0.002986172
0,0.034495807,-0.002944899
0,0.034487951,-0.002902681
0,0.034479943,-0.00285944
0,0.034471776,-0.002815091
0,0.034463439,-0.00276954
0,0.034454925,-0.002722687
0,0.034446223,-0.002674421
0,0.034437324,-0.002624623
0,0.03442822,-0.002573162
0,0.034418902,-0.002519898
0,0.034409362,-0.002464678
0,0.034399593,-0.002407338
0,0.03438959,-0.002347702
0,0.034379351,-0.002285583
0,0.034368877,-0.00222078
0,0.034358206,-0.002153309
0,0.034347406,-0.002083362
0,0.034336504,-0.002010861
0,0.034325498,-0.001935506
0,0.034314392,-0.001856976
0,0.034303199,-0.001774939
0,0.034291942,-0.001689051
0,0.034280658,-0.001598967
0,0.034269398,-0.001504347
0,0.034258231,-0.001404867
0,0.034247249,-0.001300229
0,0.034236561,-0.001190179
0,0.034226303,-0.001074524
0,0.034216632,-0.000953147
0,0.034207726,-0.000826023
0,0.034199781,-0.000693242
0,0.034193003,-0.000555016
0,0.034187603,-0.000411689
0,0.034183785,-0.000263739
0,0.034181738,-0.000111768
0,0.034181624,4.36054896901863e-05
0,0.034183578,0.000201931
0,0.034187685,0.000361868
0,0.034193957,0.000522098
0,0.034202336,0.000681334
0,0.034212696,0.000838363
0,0.034224854,0.000992091
0,0.034238584,0.001141571
0,0.034253633,0.001286019
0,0.034269733,0.001424823
0,0.03428662,0.001557537
0,0.034304036,0.001683866
0,0.034321746,0.001803657
0,0.034339538,0.001916869
0,0.034357227,0.00202356
0,0.034374657,0.00212386
0,0.034391696,0.002217959
0,0.034408242,0.002306085
0,0.034424212,0.00238849
0,0.034439545,0.002465446
0,0.034454262,0.002537544
0,0.034468467,0.00260567
0,0.034482222,0.002670403
0,0.034495541,0.002732027
0,0.034508439,0.002790807
0,0.034520935,0.002846986
0,0.034533049,0.002900787
0,0.034544801,0.002952414
0,0.034556211,0.003002053
0,0.034567301,0.003049875
0,0.034578089,0.003096033
0,0.034588594,0.003140669
0,0.034598836,0.003183909
0,0.03460883,0.00322587
0,0.034618592,0.003266657
0,0.034628139,0.003306365
0,0.034637484,0.003345083
0,0.034646639,0.003382888
0,0.034655619,0.003419854
0,0.034664432,0.003456045
0,0.034673091,0.003491522
0,0.034681606,0.00352634
0,0.034689984,0.003560547
0,0.034698234,0.003594189
0,0.034706365,0.003627309
0,0.034714383,0.003659944
0,0.034722295,0.00369213
0,0.034730106,0.003723897
0,0.034737824,0.003755276
0,0.034745452,0.003786295
0,0.034752996,0.003816976
0,0.03476046,0.003847345
0,0.034767848,0.003877421
0,0.034775165,0.003907224
0,0.034782413,0.003936772
0,0.034789595,0.003966083
0,0.034796716,0.00399517
0,0.034803778,0.004024049
0,0.034810783,0.004052733
0,0.034817734,0.004081234
0,0.034824634,0.004109564
0,0.034831483,0.004137733
0,0.034838285,0.00416575
0,0.03484504,0.004193626
0,0.034851752,0.004221369
0,0.034858421,0.004248986
0,0.034865048,0.004276486
0,0.034871636,0.004303874
0,0.034878186,0.004331159
0,0.034884698,0.004358345
0,0.034891173,0.004385439
0,0.034897614,0.004412445
0,0.034904021,0.004439369
0,0.034910394,0.004466217
0,0.034916735,0.004492991
0,0.034923044,0.004519696
0,0.034929323,0.004546336
0,0.034935571,0.004572915
0,0.03494179,0.004599437
0,0.03494798,0.004625904
0,0.034954142,0.004652319
0,0.034960276,0.004678686
0,0.034966384,0.004705007
0,0.034972464,0.004731286
0,0.034978518,0.004757523
0,0.034984547,0.004783722
0,0.03499055,0.004809885
0,0.034996528,0.004836014
0,0.035002481,0.00486211
0,0.03500841,0.004888176
0,0.035014315,0.004914214
0,0.035020197,0.004940225
0,0.035026055,0.004966211
0,0.035031889,0.004992173
0,0.035037701,0.005018113
0,0.035043491,0.005044031
0,0.035049258,0.00506993
0,0.035055002,0.005095811
0,0.035060725,0.005121674
0,0.035066426,0.005147522
0,0.035072105,0.005173354
0,0.035077763,0.005199172
0,0.035083399,0.005224977
0,0.035089015,0.00525077
0,0.035094609,0.005276552
0,0.035100182,0.005302323
0,0.035105735,0.005328085
0,0.035111267,0.005353838
0,0.035116778,0.005379583
0,0.035122269,0.00540532
0,0.03512774,0.00543105
0,0.03513319,0.005456775
0,0.035138621,0.005482494
0,0.035144031,0.005508208
0,0.035149421,0.005533917
0,0.035154792,0.005559623
0,0.035160142,0.005585326
0,0.035165473,0.005611025
0,0.035170784,0.005636723
0,0.035176076,0.005662418
0,0.035181348,0.005688112
0,0.0351866,0.005713805
0,0.035191833,0.005739498
0,0.035197047,0.00576519
0,0.035202241,0.005790882
0,0.035207416,0.005816575
0,0.035212571,0.005842268
0,0.035217707,0.005867963
0,0.035222824,0.005893659
0,0.035227922,0.005919357
0,0.035233001,0.005945057
0,0.035238061,0.005970759
0,0.035243101,0.005996464
0,0.035248122,0.006022172
0,0.035253125,0.006047883
0,0.035258108,0.006073597
0,0.035263072,0.006099315
0,0.035268018,0.006125037
0,0.035272944,0.006150762
0,0.035277851,0.006176492
0,0.03528274,0.006202226
0,0.035287609,0.006227965
0,0.03529246,0.006253709
0,0.035297291,0.006279457
0,0.035302104,0.006305211
0,0.035306898,0.00633097
0,0.035311673,0.006356735
0,0.035316429,0.006382505
0,0.035321166,0.006408281
0,0.035325884,0.006434063
0,0.035330584,0.006459851
0,0.035335265,0.006485645
0,0.035339926,0.006511445
0,0.035344569,0.006537252
0,0.035349193,0.006563065
0,0.035353798,0.006588885
0,0.035358385,0.006614712
0,0.035362952,0.006640546
0,0.035367501,0.006666386
0,0.03537203,0.006692234
0,0.035376541,0.006718089
0,0.035381033,0.006743951
0,0.035385507,0.006769821
0,0.035389961,0.006795698
0,0.035394396,0.006821582
0,0.035398813,0.006847475
0,0.035403211,0.006873375
0,0.035407589,0.006899282
0,0.035411949,0.006925198
0,0.03541629,0.006951121
0,0.035420612,0.006977053
0,0.035424915,0.007002992
0,0.0354292,0.00702894
0,0.035433465,0.007054895
0,0.035437711,0.007080859
0,0.035441939,0.007106832
0,0.035446147,0.007132812
0,0.035450337,0.007158801
0,0.035454508,0.007184799
0,0.035458659,0.007210805
0,0.035462792,0.007236819
0,0.035466905,0.007262842
0,0.035471,0.007288874
0,0.035475076,0.007314915
0,0.035479132,0.007340964
0,0.03548317,0.007367022
0,0.035487188,0.007393089
0,0.035491188,0.007419164
0,0.035495168,0.007445249
0,0.035499129,0.007471342
0,0.035503071,0.007497444
0,0.035506994,0.007523556
0,0.035510898,0.007549676
0,0.035514783,0.007575805
0,0.035518649,0.007601944
0,0.035522496,0.007628091
0,0.035526323,0.007654248
0,0.035530131,0.007680413
0,0.03553392,0.007706588
0,0.03553769,0.007732773
0,0.035541441,0.007758966
0,0.035545172,0.007785168
0,0.035548885,0.00781138
0,0.035552578,0.007837601
0,0.035556251,0.007863832
0,0.035559906,0.007890071
0,0.035563541,0.00791632
0,0.035567157,0.007942579
0,0.035570753,0.007968847
0,0.03557433,0.007995124
0,0.035577888,0.00802141
0,0.035581427,0.008047706
0,0.035584946,0.008074012
0,0.035588446,0.008100326
0,0.035591926,0.008126651
0,0.035595387,0.008152984
0,0.035598829,0.008179327
0,0.035602251,0.00820568
0,0.035605654,0.008232042
0,0.035609037,0.008258414
0,0.035612401,0.008284795
0,0.035615745,0.008311186
0,0.03561907,0.008337586
0,0.035622375,0.008363996
0,0.035625661,0.008390415
0,0.035628927,0.008416844
0,0.035632174,0.008443282
0,0.035635401,0.00846973
0,0.035638609,0.008496187
0,0.035641796,0.008522654
0,0.035644965,0.008549131
0,0.035648113,0.008575617
0,0.035651242,0.008602112
0,0.035654352,0.008628618
0,0.035657442,0.008655133
0,0.035660512,0.008681657
0,0.035663562,0.008708191
0,0.035666593,0.008734734
0,0.035669604,0.008761288
0,0.035672595,0.00878785
0,0.035675566,0.008814423
0,0.035678518,0.008841004
0,0.03568145,0.008867596
0,0.035684362,0.008894197
0,0.035687254,0.008920808
0,0.035690126,0.008947428
0,0.035692979,0.008974058
0,0.035695812,0.009000697
0,0.035698625,0.009027346
0,0.035701418,0.009054004
0,0.035704191,0.009080672
0,0.035706944,0.00910735
0,0.035709677,0.009134037
0,0.035712391,0.009160734
0,0.035715084,0.00918744
0,0.035717757,0.009214156
0,0.035720411,0.009240881
0,0.035723044,0.009267616
0,0.035725657,0.00929436
0,0.035728251,0.009321114
0,0.035730824,0.009347878
0,0.035733377,0.009374651
0,0.035735911,0.009401433
0,0.035738424,0.009428225
0,0.035740917,0.009455027
0,0.03574339,0.009481838
0,0.035745842,0.009508658
0,0.035748275,0.009535488
0,0.035750687,0.009562328
0,0.03575308,0.009589177
0,0.035755452,0.009616035
0,0.035757804,0.009642903
0,0.035760135,0.00966978
0,0.035762447,0.009696667
0,0.035764738,0.009723563
0,0.035767009,0.009750469
0,0.03576926,0.009777384
0,0.03577149,0.009804308
0,0.0357737,0.009831242
0,0.03577589,0.009858185
0,0.035778059,0.009885138
0,0.035780208,0.0099121
0,0.035782337,0.009939071
0,0.035784445,0.009966052
0,0.035786533,0.009993042
0,0.035788601,0.010020041
0,0.035790648,0.01004705
0,0.035792675,0.010074068
0,0.035794681,0.010101095
0,0.035796666,0.010128132
0,0.035798632,0.010155178
0,0.035800577,0.010182233
0,0.035802501,0.010209297
0,0.035804405,0.010236371
0,0.035806288,0.010263454
0,0.03580815,0.010290546
0,0.035809993,0.010317648
0,0.035811814,0.010344759
0,0.035813615,0.010371878
0,0.035815395,0.010399008
0,0.035817155,0.010426146
0,0.035818894,0.010453293
0,0.035820613,0.01048045
0,0.03582231,0.010507616
0,0.035823987,0.010534791
0,0.035825644,0.010561975
0,0.035827279,0.010589168
0,0.035828894,0.01061637
0,0.035830489,0.010643581
0,0.035832062,0.010670802
0,0.035833615,0.010698031
0,0.035835147,0.01072527
0,0.035836658,0.010752518
0,0.035838148,0.010779774
0,0.035839618,0.01080704
0,0.035841066,0.010834315
0,0.035842494,0.010861599
0,0.035843901,0.010888891
0,0.035845287,0.010916193
0,0.035846652,0.010943504
0,0.035847996,0.010970823
0,0.03584932,0.010998152
0,0.035850622,0.011025489
0,0.035851904,0.011052836
0,0.035853164,0.011080191
0,0.035854404,0.011107555
0,0.035855622,0.011134928
0,0.03585682,0.01116231
0,0.035857996,0.011189701
0,0.035859152,0.0112171
0,0.035860286,0.011244509
0,0.035861399,0.011271926
0,0.035862492,0.011299352
0,0.035863563,0.011326787
0,0.035864613,0.01135423
0,0.035865642,0.011381683
0,0.03586665,0.011409144
0,0.035867636,0.011436613
0,0.035868602,0.011464092
0,0.035869546,0.011491579
0,0.035870469,0.011519075
0,0.035871371,0.01154658
0,0.035872252,0.011574093
0,0.035873111,0.011601615
0,0.03587395,0.011629145
0,0.035874767,0.011656684
0,0.035875562,0.011684232
0,0.035876337,0.011711788
0,0.03587709,0.011739353
0,0.035877822,0.011766927
0,0.035878532,0.011794509
0,0.035879221,0.011822099
0,0.035879889,0.011849698
0,0.035880535,0.011877306
0,0.03588116,0.011904922
0,0.035881764,0.011932546
0,0.035882346,0.011960179
0,0.035882907,0.01198782
0,0.035883447,0.01201547
0,0.035883964,0.012043128
0,0.035884461,0.012070795
0,0.035884936,0.01209847
0,0.035885389,0.012126154
0,0.035885821,0.012153845
0,0.035886232,0.012181545
0,0.035886621,0.012209254
0,0.035886988,0.01223697
0,0.035887334,0.012264696
0,0.035887658,0.012292429
0,0.035887961,0.01232017
0,0.035888242,0.01234792
0,0.035888501,0.012375678
0,0.035888739,0.012403444
0,0.035888955,0.012431219
0,0.03588915,0.012459002
0,0.035889323,0.012486792
0,0.035889474,0.012514591
0,0.035889603,0.012542399
0,0.035889711,0.012570214
0,0.035889797,0.012598037
0,0.035889861,0.012625869
0,0.035889904,0.012653708
0,0.035889925,0.012681556
0,0.035889924,0.012709411
0,0.035889901,0.012737275
0,0.035889856,0.012765147
0,0.03588979,0.012793026
0,0.035889702,0.012820914
0,0.035889592,0.01284881
0,0.03588946,0.012876713
0,0.035889306,0.012904625
0,0.03588913,0.012932544
0,0.035888933,0.012960472
0,0.035888713,0.012988407
0,0.035888472,0.01301635
0,0.035888209,0.013044301
0,0.035887923,0.01307226
0,0.035887616,0.013100226
0,0.035887287,0.013128201
0,0.035886936,0.013156183
0,0.035886563,0.013184173
0,0.035886167,0.013212171
0,0.03588575,0.013240177
0,0.035885311,0.01326819
0,0.03588485,0.013296211
0,0.035884366,0.013324239
0,0.035883861,0.013352276
0,0.035883333,0.01338032
0,0.035882783,0.013408371
0,0.035882212,0.013436431
0,0.035881618,0.013464497
0,0.035881002,0.013492572
0,0.035880363,0.013520654
0,0.035879703,0.013548744
0,0.03587902,0.013576841
0,0.035878316,0.013604945
0,0.035877589,0.013633058
0,0.035876839,0.013661177
0,0.035876068,0.013689305
0,0.035875274,0.013717439
0,0.035874458,0.013745581
0,0.03587362,0.013773731
0,0.03587276,0.013801888
0,0.035871877,0.013830052
0,0.035870972,0.013858224
0,0.035870044,0.013886403
0,0.035869095,0.013914589
0,0.035868122,0.013942783
0,0.035867128,0.013970984
0,0.035866111,0.013999192
0,0.035865072,0.014027408
0,0.03586401,0.014055631
0,0.035862926,0.014083861
0,0.03586182,0.014112098
0,0.035860691,0.014140343
0,0.035859539,0.014168594
0,0.035858366,0.014196853
0,0.035857169,0.014225119
0,0.03585595,0.014253392
0,0.035854709,0.014281673
0,0.035853445,0.01430996
0,0.035852159,0.014338255
0,0.03585085,0.014366556
0,0.035849519,0.014394865
0,0.035848165,0.01442318
0,0.035846788,0.014451503
0,0.035845389,0.014479833
0,0.035843967,0.014508169
0,0.035842523,0.014536513
0,0.035841056,0.014564863
0,0.035839566,0.014593221
0,0.035838054,0.014621585
0,0.035836519,0.014649956
0,0.035834961,0.014678335
0,0.035833381,0.01470672
0,0.035831778,0.014735111
0,0.035830152,0.01476351
0,0.035828504,0.014791916
0,0.035826833,0.014820328
0,0.035825139,0.014848747
0,0.035823422,0.014877173
0,0.035821683,0.014905605
0,0.03581992,0.014934044
0,0.035818135,0.01496249
0,0.035816327,0.014990943
0,0.035814497,0.015019402
0,0.035812643,0.015047868
0,0.035810767,0.015076341
0,0.035808868,0.01510482
0,0.035806946,0.015133305
0,0.035805001,0.015161798
0,0.035803033,0.015190297
0,0.035801042,0.015218802
0,0.035799028,0.015247314
0,0.035796992,0.015275832
0,0.035794932,0.015304357
0,0.03579285,0.015332888
0,0.035790744,0.015361426
0,0.035788616,0.015389971
0,0.035786464,0.015418521
0,0.03578429,0.015447078
0,0.035782092,0.015475642
0,0.035779872,0.015504211
0,0.035777628,0.015532787
0,0.035775362,0.01556137
0,0.035773072,0.015589959
0,0.03577076,0.015618553
0,0.035768424,0.015647155
0,0.035766065,0.015675762
0,0.035763683,0.015704376
0,0.035761278,0.015732996
0,0.035758849,0.015761622
0,0.035756398,0.015790254
0,0.035753924,0.015818893
0,0.035751426,0.015847537
0,0.035748905,0.015876188
0,0.035746361,0.015904845
0,0.035743794,0.015933508
0,0.035741203,0.015962177
0,0.035738589,0.015990852
0,0.035735952,0.016019533
0,0.035733292,0.01604822
0,0.035730609,0.016076913
0,0.035727902,0.016105611
0,0.035725172,0.016134316
0,0.035722419,0.016163027
0,0.035719642,0.016191744
0,0.035716842,0.016220467
0,0.035714019,0.016249195
0,0.035711172,0.016277929
0,0.035708302,0.01630667
0,0.035705409,0.016335416
0,0.035702492,0.016364167
0,0.035699552,0.016392925
0,0.035696589,0.016421688
0,0.035693602,0.016450457
0,0.035690592,0.016479232
0,0.035687558,0.016508013
0,0.035684501,0.016536799
0,0.03568142,0.016565591
0,0.035678316,0.016594388
0,0.035675188,0.016623191
0,0.035672037,0.016652
0,0.035668863,0.016680815
0,0.035665665,0.016709634
0,0.035662443,0.01673846
0,0.035659198,0.016767291
0,0.035655929,0.016796127
0,0.035652637,0.016824969
0,0.035649321,0.016853817
0,0.035645982,0.01688267
0,0.035642619,0.016911528
0,0.035639232,0.016940392
0,0.035635822,0.016969261
0,0.035632388,0.016998136
0,0.035628931,0.017027016
0,0.03562545,0.017055901
0,0.035621945,0.017084792
0,0.035618417,0.017113688
0,0.035614865,0.017142589
0,0.035611289,0.017171495
0,0.03560769,0.017200407
0,0.035604067,0.017229324
0,0.03560042,0.017258246
0,0.035596749,0.017287173
0,0.035593055,0.017316106
0,0.035589337,0.017345043
0,0.035585595,0.017373986
0,0.035581829,0.017402934
0,0.03557804,0.017431887
0,0.035574227,0.017460845
0,0.03557039,0.017489808
0,0.035566529,0.017518776
0,0.035562644,0.017547749
0,0.035558736,0.017576727
0,0.035554803,0.017605711
0,0.035550847,0.017634699
0,0.035546867,0.017663692
0,0.035542863,0.017692689
0,0.035538835,0.017721692
0,0.035534783,0.0177507
0,0.035530708,0.017779712
0,0.035526608,0.01780873
0,0.035522485,0.017837752
0,0.035518337,0.017866779
0,0.035514166,0.017895811
0,0.03550997,0.017924847
0,0.035505751,0.017953888
0,0.035501508,0.017982934
0,0.03549724,0.018011985
0,0.035492949,0.01804104
0,0.035488634,0.0180701
0,0.035484294,0.018099165
0,0.035479931,0.018128234
0,0.035475543,0.018157308
0,0.035471132,0.018186387
0,0.035466696,0.01821547
0,0.035462237,0.018244557
0,0.035457753,0.018273649
0,0.035453245,0.018302746
0,0.035448713,0.018331847
0,0.035444157,0.018360952
0,0.035439577,0.018390062
0,0.035434972,0.018419177
0,0.035430344,0.018448295
0,0.035425691,0.018477418
0,0.035421014,0.018506546
0,0.035416313,0.018535678
0,0.035411588,0.018564814
0,0.035406838,0.018593954
0,0.035402065,0.018623099
0,0.035397267,0.018652248
0,0.035392445,0.018681401
0,0.035387598,0.018710559
0,0.035382728,0.01873972
0,0.035377833,0.018768886
0,0.035372914,0.018798056
0,0.03536797,0.01882723
0,0.035363003,0.018856409
0,0.035358011,0.018885591
0,0.035352994,0.018914777
0,0.035347954,0.018943968
0,0.035342889,0.018973162
0,0.035337799,0.019002361
0,0.035332686,0.019031563
0,0.035327548,0.01906077
0,0.035322385,0.01908998
0,0.035317198,0.019119195
0,0.035311987,0.019148413
0,0.035306752,0.019177635
0,0.035301492,0.019206861
0,0.035296207,0.019236091
0,0.035290898,0.019265325
0,0.035285565,0.019294563
0,0.035280207,0.019323804
0,0.035274825,0.019353049
0,0.035269419,0.019382298
0,0.035263987,0.019411551
0,0.035258532,0.019440807
0,0.035253052,0.019470067
0,0.035247547,0.019499331
0,0.035242018,0.019528598
0,0.035236464,0.019557869
0,0.035230886,0.019587144
0,0.035225283,0.019616422
0,0.035219656,0.019645704
0,0.035214004,0.019674989
0,0.035208328,0.019704278
0,0.035202627,0.01973357
0,0.035196901,0.019762866
0,0.035191151,0.019792165
0,0.035185376,0.019821468
0,0.035179577,0.019850774
0,0.035173752,0.019880084
0,0.035167904,0.019909396
0,0.03516203,0.019938713
0,0.035156132,0.019968032
0,0.03515021,0.019997355
0,0.035144262,0.020026682
0,0.03513829,0.020056011
0,0.035132293,0.020085344
0,0.035126272,0.02011468
0,0.035120226,0.020144019
0,0.035114155,0.020173362
0,0.035108059,0.020202707
0,0.035101939,0.020232056
0,0.035095794,0.020261408
0,0.035089624,0.020290763
0,0.035083429,0.020320121
0,0.03507721,0.020349482
0,0.035070966,0.020378846
0,0.035064697,0.020408213
0,0.035058403,0.020437584
0,0.035052084,0.020466957
0,0.035045741,0.020496333
0,0.035039373,0.020525712
0,0.03503298,0.020555094
0,0.035026562,0.020584479
0,0.035020119,0.020613867
0,0.035013651,0.020643258
0,0.035007159,0.020672651
0,0.035000641,0.020702048
0,0.034994099,0.020731447
0,0.034987532,0.020760849
0,0.03498094,0.020790253
0,0.034974323,0.020819661
0,0.034967681,0.020849071
0,0.034961014,0.020878484
0,0.034954322,0.020907899
0,0.034947605,0.020937317
0,0.034940863,0.020966738
0,0.034934096,0.020996162
0,0.034927305,0.021025588
0,0.034920488,0.021055016
0,0.034913646,0.021084447
0,0.03490678,0.021113881
0,0.034899888,0.021143317
0,0.034892971,0.021172755
0,0.034886029,0.021202196
0,0.034879063,0.02123164
0,0.034872071,0.021261086
0,0.034865054,0.021290534
0,0.034858012,0.021319985
0,0.034850945,0.021349438
0,0.034843853,0.021378893
0,0.034836735,0.02140835
0,0.034829593,0.02143781
0,0.034822426,0.021467273
0,0.034815233,0.021496737
0,0.034808015,0.021526204
0,0.034800773,0.021555672
0,0.034793505,0.021585143
0,0.034786211,0.021614617
0,0.034778893,0.021644092
0,0.03477155,0.021673569
0,0.034764181,0.021703049
0,0.034756787,0.02173253
0,0.034749368,0.021762014
0,0.034741924,0.0217915
0,0.034734455,0.021820987
0,0.03472696,0.021850477
0,0.034719441,0.021879969
0,0.034711896,0.021909462
0,0.034704325,0.021938958
0,0.03469673,0.021968455
0,0.034689109,0.021997954
0,0.034681463,0.022027455
0,0.034673792,0.022056958
0,0.034666095,0.022086463
0,0.034658373,0.02211597
0,0.034650626,0.022145478
0,0.034642854,0.022174988
0,0.034635056,0.0222045
0,0.034627233,0.022234013
0,0.034619384,0.022263528
0,0.034611511,0.022293045
0,0.034603612,0.022322564
0,0.034595687,0.022352084
0,0.034587737,0.022381606
0,0.034579762,0.022411129
0,0.034571762,0.022440654
0,0.034563736,0.02247018
0,0.034555684,0.022499708
0,0.034547608,0.022529237
0,0.034539506,0.022558768
0,0.034531378,0.0225883
0,0.034523225,0.022617834
0,0.034515047,0.022647369
0,0.034506843,0.022676905
0,0.034498614,0.022706443
0,0.034490359,0.022735982
0,0.034482079,0.022765523
0,0.034473774,0.022795064
0,0.034465443,0.022824607
0,0.034457086,0.022854152
0,0.034448704,0.022883697
0,0.034440296,0.022913244
0,0.034431863,0.022942792
0,0.034423405,0.022972341
0,0.034414921,0.023001891
0,0.034406411,0.023031442
0,0.034397876,0.023060994
0,0.034389316,0.023090548
0,0.03438073,0.023120102
0,0.034372118,0.023149658
0,0.034363481,0.023179214
0,0.034354818,0.023208771
0,0.034346129,0.02323833
0,0.034337415,0.023267889
0,0.034328676,0.023297449
0,0.034319911,0.023327011
0,0.03431112,0.023356573
0,0.034302303,0.023386135
0,0.034293461,0.023415699
0,0.034284594,0.023445264
0,0.034275701,0.023474829
0,0.034266782,0.023504395
0,0.034257837,0.023533962
0,0.034248867,0.023563529
0,0.034239871,0.023593097
0,0.03423085,0.023622666
0,0.034221802,0.023652236
0,0.03421273,0.023681806
0,0.034203631,0.023711376
0,0.034194507,0.023740948
0,0.034185357,0.02377052
0,0.034176181,0.023800092
0,0.03416698,0.023829665
0,0.034157753,0.023859238
0,0.0341485,0.023888812
0,0.034139221,0.023918386
0,0.034129917,0.023947961
0,0.034120587,0.023977536
0,0.034111231,0.024007112
0,0.03410185,0.024036688
0,0.034092442,0.024066264
0,0.034083009,0.02409584
0,0.03407355,0.024125417
0,0.034064066,0.024154994
0,0.034054555,0.024184571
0,0.034045019,0.024214149
0,0.034035457,0.024243727
0,0.034025869,0.024273305
0,0.034016256,0.024302883
0,0.034006616,0.024332461
0,0.033996951,0.024362039
0,0.03398726,0.024391617
0,0.033977542,0.024421196
0,0.0339678,0.024450774
0,0.033958031,0.024480353
0,0.033948236,0.024509931
0,0.033938416,0.02453951
0,0.033928569,0.024569088
0,0.033918697,0.024598667
0,0.033908799,0.024628245
0,0.033898875,0.024657823
0,0.033888925,0.024687401
0,0.033878949,0.024716979
0,0.033868948,0.024746556
0,0.03385892,0.024776134
0,0.033846452,0.024812801