28.863,-25.084,0,-0.025084,0.028863,0
28.882,-25.057,0,-0.025057,0.028882,0
28.901,-25.03,0,-0.02503,0.028901,0
28.92,-25.003,0,-0.025003,0.02892,0
28.939,-24.976,0,-0.024976,0.028939,0
28.958,-24.949,0,-0.024949,0.028958,0
28.977,-24.922,0,-0.024922,0.028977,0
28.996,-24.895,0,-0.024895,0.028996,0
29.015,-24.868,0,-0.024868,0.029015,0
29.034,-24.841,0,-0.024841,0.029034,0
29.053,-24.814,0,-0.024814,0.029053,0
29.072,-24.787,0,-0.024787,0.029072,0
29.091,-24.76,0,-0.02476,0.029091,0
29.11,-24.733,0,-0.024733,0.02911,0
29.129,-24.706,0,-0.024706,0.029129,0
29.148,-24.679,0,-0.024679,0.029148,0
29.166,-24.652,0,-0.024652,0.029166,0
29.185,-24.625,0,-0.024625,0.029185,0
29.204,-24.598,0,-0.024598,0.029204,0
29.222,-24.57,0,-0.02457,0.029222,0
29.241,-24.543,0,-0.024543,0.029241,0
29.26,-24.516,0,-0.024516,0.02926,0
29.278,-24.489,0,-0.024489,0.029278,0
29.297,-24.462,0,-0.024462,0.029297,0
29.315,-24.434,0,-0.024434,0.029315,0
29.334,-24.407,0,-0.024407,0.029334,0
29.352,-24.38,0,-0.02438,0.029352,0
29.371,-24.353,0,-0.024353,0.029371,0
29.389,-24.325,0,-0.024325,0.029389,0
29.408,-24.298,0,-0.024298,0.029408,0
29.426,-24.271,0,-0.024271,0.029426,0
29.444,-24.243,0,-0.024243,0.029444,0
29.463,-24.216,0,-0.024216,0.029463,0
29.481,-24.189,0,-0.024189,0.029481,0
29.499,-24.161,0,-0.024161,0.029499,0
29.518,-24.134,0,-0.024134,0.029518,0
29.536,-24.106,0,-0.024106,0.029536,0
29.554,-24.079,0,-0.024079,0.029554,0
29.572,-24.052,0,-0.024052,0.029572,0
29.59,-24.024,0,-0.024024,0.02959,0
29.608,-23.997,0,-0.023997,0.029608,0
29.626,-23.969,0,-0.023969,0.029626,0
29.645,-23.942,0,-0.023942,0.029645,0
29.663,-23.914,0,-0.023914,0.029663,0
29.681,-23.887,0,-0.023887,0.029681,0
29.699,-23.859,0,-0.023859,0.029699,0
29.716,-23.832,0,-0.023832,0.029716,0
29.734,-23.804,0,-0.023804,0.029734,0
29.752,-23.776,0,-0.023776,0.029752,0
29.77,-23.749,0,-0.023749,0.02977,0
29.788,-23.721,0,-0.023721,0.029788,0
29.806,-23.694,0,-0.023694,0.029806,0
29.823,-23.666,0,-0.023666,0.029823,0
29.841,-23.638,0,-0.023638,0.029841,0
29.859,-23.611,0,-0.023611,0.029859,0
29.877,-23.583,0,-0.023583,0.029877,0
29.894,-23.555,0,-0.023555,0.029894,0
29.912,-23.528,0,-0.023528,0.029912,0
29.929,-23.5,0,-0.0235,0.029929,0
29.947,-23.472,0,-0.023472,0.029947,0
29.965,-23.445,0,-0.023445,0.029965,0
29.982,-23.417,0,-0.023417,0.029982,0
30,-23.389,0,-0.023389,0.03,0
30.017,-23.361,0,-0.023361,0.030017,0
30.035,-23.333,0,-0.023333,0.030035,0
30.052,-23.306,0,-0.023306,0.030052,0
30.069,-23.278,0,-0.023278,0.030069,0
30.087,-23.25,0,-0.02325,0.030087,0
30.104,-23.222,0,-0.023222,0.030104,0
30.121,-23.194,0,-0.023194,0.030121,0
30.138,-23.166,0,-0.023166,0.030138,0
30.156,-23.139,0,-0.023139,0.030156,0
30.173,-23.111,0,-0.023111,0.030173,0
30.19,-23.083,0,-0.023083,0.03019,0
30.207,-23.055,0,-0.023055,0.030207,0
30.224,-23.027,0,-0.023027,0.030224,0
30.241,-22.999,0,-0.022999,0.030241,0
30.259,-22.971,0,-0.022971,0.030259,0
30.276,-22.943,0,-0.022943,0.030276,0
30.293,-22.915,0,-0.022915,0.030293,0
30.31,-22.887,0,-0.022887,0.03031,0
30.326,-22.859,0,-0.022859,0.030326,0
30.343,-22.831,0,-0.022831,0.030343,0
30.36,-22.803,0,-0.022803,0.03036,0
30.377,-22.775,0,-0.022775,0.030377,0
30.394,-22.747,0,-0.022747,0.030394,0
30.411,-22.719,0,-0.022719,0.030411,0
30.428,-22.691,0,-0.022691,0.030428,0
30.444,-22.663,0,-0.022663,0.030444,0
30.461,-22.635,0,-0.022635,0.030461,0
30.478,-22.606,0,-0.022606,0.030478,0
30.494,-22.578,0,-0.022578,0.030494,0
30.511,-22.55,0,-0.02255,0.030511,0
30.528,-22.522,0,-0.022522,0.030528,0
30.544,-22.494,0,-0.022494,0.030544,0
30.561,-22.466,0,-0.022466,0.030561,0
30.577,-22.437,0,-0.022437,0.030577,0
30.594,-22.409,0,-0.022409,0.030594,0
30.61,-22.381,0,-0.022381,0.03061,0
30.627,-22.353,0,-0.022353,0.030627,0
30.643,-22.324,0,-0.022324,0.030643,0
30.659,-22.296,0,-0.022296,0.030659,0
30.676,-22.268,0,-0.022268,0.030676,0
30.692,-22.24,0,-0.02224,0.030692,0
30.708,-22.211,0,-0.022211,0.030708,0
30.725,-22.183,0,-0.022183,0.030725,0
30.741,-22.155,0,-0.022155,0.030741,0
30.757,-22.126,0,-0.022126,0.030757,0
30.773,-22.098,0,-0.022098,0.030773,0
30.789,-22.07,0,-0.02207,0.030789,0
30.806,-22.041,0,-0.022041,0.030806,0
30.822,-22.013,0,-0.022013,0.030822,0
30.838,-21.985,0,-0.021985,0.030838,0
30.854,-21.956,0,-0.021956,0.030854,0
30.87,-21.928,0,-0.021928,0.03087,0
30.886,-21.899,0,-0.021899,0.030886,0
30.902,-21.871,0,-0.021871,0.030902,0
30.918,-21.842,0,-0.021842,0.030918,0
30.933,-21.814,0,-0.021814,0.030933,0
30.949,-21.786,0,-0.021786,0.030949,0
30.965,-21.757,0,-0.021757,0.030965,0
30.981,-21.729,0,-0.021729,0.030981,0
30.997,-21.7,0,-0.0217,0.030997,0
31.012,-21.672,0,-0.021672,0.031012,0
31.028,-21.643,0,-0.021643,0.031028,0
31.044,-21.614,0,-0.021614,0.031044,0
31.06,-21.586,0,-0.021586,0.03106,0
31.075,-21.557,0,-0.021557,0.031075,0
31.091,-21.529,0,-0.021529,0.031091,0
31.106,-21.5,0,-0.0215,0.031106,0
31.122,-21.472,0,-0.021472,0.031122,0
31.137,-21.443,0,-0.021443,0.031137,0
31.153,-21.414,0,-0.021414,0.031153,0
31.168,-21.386,0,-0.021386,0.031168,0
31.184,-21.357,0,-0.021357,0.031184,0
31.199,-21.328,0,-0.021328,0.031199,0
31.214,-21.3,0,-0.0213,0.031214,0
31.23,-21.271,0,-0.021271,0.03123,0
31.245,-21.242,0,-0.021242,0.031245,0
31.26,-21.214,0,-0.021214,0.03126,0
31.276,-21.185,0,-0.021185,0.031276,0
31.291,-21.156,0,-0.021156,0.031291,0
31.306,-21.128,0,-0.021128,0.031306,0
31.321,-21.099,0,-0.021099,0.031321,0
31.336,-21.07,0,-0.02107,0.031336,0
31.351,-21.041,0,-0.021041,0.031351,0
31.366,-21.013,0,-0.021013,0.031366,0
31.382,-20.984,0,-0.020984,0.031382,0
31.397,-20.955,0,-0.020955,0.031397,0
31.412,-20.926,0,-0.020926,0.031412,0
31.426,-20.897,0,-0.020897,0.031426,0
31.441,-20.869,0,-0.020869,0.031441,0
31.456,-20.84,0,-0.02084,0.031456,0
31.471,-20.811,0,-0.020811,0.031471,0
31.486,-20.782,0,-0.020782,0.031486,0
31.501,-20.753,0,-0.020753,0.031501,0
31.516,-20.724,0,-0.020724,0.031516,0
31.53,-20.695,0,-0.020695,0.03153,0
31.545,-20.667,0,-0.020667,0.031545,0
31.56,-20.638,0,-0.020638,0.03156,0
31.574,-20.609,0,-0.020609,0.031574,0
31.589,-20.58,0,-0.02058,0.031589,0
31.604,-20.551,0,-0.020551,0.031604,0
31.618,-20.522,0,-0.020522,0.031618,0
31.633,-20.493,0,-0.020493,0.031633,0
31.647,-20.464,0,-0.020464,0.031647,0
31.662,-20.435,0,-0.020435,0.031662,0
31.676,-20.406,0,-0.020406,0.031676,0
31.691,-20.377,0,-0.020377,0.031691,0
31.705,-20.348,0,-0.020348,0.031705,0
31.719,-20.319,0,-0.020319,0.031719,0
31.734,-20.29,0,-0.02029,0.031734,0
31.748,-20.261,0,-0.020261,0.031748,0
31.762,-20.232,0,-0.020232,0.031762,0
31.776,-20.203,0,-0.020203,0.031776,0
31.791,-20.174,0,-0.020174,0.031791,0
31.805,-20.145,0,-0.020145,0.031805,0
31.819,-20.116,0,-0.020116,0.031819,0
31.833,-20.087,0,-0.020087,0.031833,0
31.847,-20.057,0,-0.020057,0.031847,0
31.861,-20.028,0,-0.020028,0.031861,0
31.875,-19.999,0,-0.019999,0.031875,0
31.889,-19.97,0,-0.01997,0.031889,0
31.903,-19.941,0,-0.019941,0.031903,0
31.917,-19.912,0,-0.019912,0.031917,0
31.931,-19.883,0,-0.019883,0.031931,0
31.945,-19.853,0,-0.019853,0.031945,0
31.959,-19.824,0,-0.019824,0.031959,0
31.973,-19.795,0,-0.019795,0.031973,0
31.986,-19.766,0,-0.019766,0.031986,0
32,-19.737,0,-0.019737,0.032,0
32.014,-19.707,0,-0.019707,0.032014,0
32.028,-19.678,0,-0.019678,0.032028,0
32.041,-19.649,0,-0.019649,0.032041,0
32.055,-19.62,0,-0.01962,0.032055,0
32.069,-19.591,0,-0.019591,0.032069,0
32.082,-19.561,0,-0.019561,0.032082,0
32.096,-19.532,0,-0.019532,0.032096,0
32.109,-19.503,0,-0.019503,0.032109,0
32.123,-19.473,0,-0.019473,0.032123,0
32.136,-19.444,0,-0.019444,0.032136,0
32.15,-19.415,0,-0.019415,0.03215,0
32.163,-19.386,0,-0.019386,0.032163,0
32.176,-19.356,0,-0.019356,0.032176,0
32.19,-19.327,0,-0.019327,0.03219,0
32.203,-19.298,0,-0.019298,0.032203,0
32.216,-19.268,0,-0.019268,0.032216,0
32.23,-19.239,0,-0.019239,0.03223,0
32.243,-19.21,0,-0.01921,0.032243,0
32.256,-19.18,0,-0.01918,0.032256,0
32.269,-19.151,0,-0.019151,0.032269,0
32.282,-19.121,0,-0.019121,0.032282,0
32.295,-19.092,0,-0.019092,0.032295,0
32.308,-19.063,0,-0.019063,0.032308,0
32.321,-19.033,0,-0.019033,0.032321,0
32.334,-19.004,0,-0.019004,0.032334,0
32.347,-18.974,0,-0.018974,0.032347,0
32.36,-18.945,0,-0.018945,0.03236,0
32.373,-18.915,0,-0.018915,0.032373,0
32.386,-18.886,0,-0.018886,0.032386,0
32.399,-18.857,0,-0.018857,0.032399,0
32.412,-18.827,0,-0.018827,0.032412,0
32.425,-18.798,0,-0.018798,0.032425,0
32.437,-18.768,0,-0.018768,0.032437,0
32.45,-18.739,0,-0.018739,0.03245,0
32.463,-18.709,0,-0.018709,0.032463,0
32.476,-18.68,0,-0.01868,0.032476,0
32.488,-18.65,0,-0.01865,0.032488,0
32.501,-18.621,0,-0.018621,0.032501,0
32.513,-18.591,0,-0.018591,0.032513,0
32.526,-18.562,0,-0.018562,0.032526,0
32.538,-18.532,0,-0.018532,0.032538,0
32.551,-18.502,0,-0.018502,0.032551,0
32.563,-18.473,0,-0.018473,0.032563,0
32.576,-18.443,0,-0.018443,0.032576,0
32.588,-18.414,0,-0.018414,0.032588,0
32.601,-18.384,0,-0.018384,0.032601,0
32.613,-18.355,0,-0.018355,0.032613,0
32.625,-18.325,0,-0.018325,0.032625,0
32.637,-18.295,0,-0.018295,0.032637,0
32.65,-18.266,0,-0.018266,0.03265,0
32.662,-18.236,0,-0.018236,0.032662,0
32.674,-18.207,0,-0.018207,0.032674,0
32.686,-18.177,0,-0.018177,0.032686,0
32.698,-18.147,0,-0.018147,0.032698,0
32.71,-18.118,0,-0.018118,0.03271,0
32.722,-18.088,0,-0.018088,0.032722,0
32.735,-18.058,0,-0.018058,0.032735,0
32.747,-18.029,0,-0.018029,0.032747,0
32.758,-17.999,0,-0.017999,0.032758,0
32.77,-17.969,0,-0.017969,0.03277,0
32.782,-17.94,0,-0.01794,0.032782,0
32.794,-17.91,0,-0.01791,0.032794,0
32.806,-17.88,0,-0.01788,0.032806,0
32.818,-17.851,0,-0.017851,0.032818,0
32.83,-17.821,0,-0.017821,0.03283,0
32.841,-17.791,0,-0.017791,0.032841,0
32.853,-17.761,0,-0.017761,0.032853,0
32.865,-17.732,0,-0.017732,0.032865,0
32.876,-17.702,0,-0.017702,0.032876,0
32.888,-17.672,0,-0.017672,0.032888,0
32.9,-17.642,0,-0.017642,0.0329,0
32.911,-17.613,0,-0.017613,0.032911,0
32.923,-17.583,0,-0.017583,0.032923,0
32.934,-17.553,0,-0.017553,0.032934,0
32.946,-17.523,0,-0.017523,0.032946,0
32.957,-17.494,0,-0.017494,0.032957,0
32.969,-17.464,0,-0.017464,0.032969,0
32.98,-17.434,0,-0.017434,0.03298,0
32.991,-17.404,0,-0.017404,0.032991,0
33.003,-17.374,0,-0.017374,0.033003,0
33.014,-17.345,0,-0.017345,0.033014,0
33.025,-17.315,0,-0.017315,0.033025,0
33.036,-17.285,0,-0.017285,0.033036,0
33.048,-17.255,0,-0.017255,0.033048,0
33.059,-17.225,0,-0.017225,0.033059,0
33.07,-17.195,0,-0.017195,0.03307,0
33.081,-17.166,0,-0.017166,0.033081,0
33.092,-17.136,0,-0.017136,0.033092,0
33.103,-17.106,0,-0.017106,0.033103,0
33.114,-17.076,0,-0.017076,0.033114,0
33.125,-17.046,0,-0.017046,0.033125,0
33.136,-17.016,0,-0.017016,0.033136,0
33.147,-16.986,0,-0.016986,0.033147,0
33.158,-16.957,0,-0.016957,0.033158,0
33.169,-16.927,0,-0.016927,0.033169,0
33.179,-16.897,0,-0.016897,0.033179,0
33.19,-16.867,0,-0.016867,0.03319,0
33.201,-16.837,0,-0.016837,0.033201,0
33.212,-16.807,0,-0.016807,0.033212,0
33.222,-16.777,0,-0.016777,0.033222,0
33.233,-16.747,0,-0.016747,0.033233,0
33.244,-16.717,0,-0.016717,0.033244,0
33.254,-16.687,0,-0.016687,0.033254,0
33.265,-16.657,0,-0.016657,0.033265,0
33.275,-16.628,0,-0.016628,0.033275,0
33.286,-16.598,0,-0.016598,0.033286,0
33.296,-16.568,0,-0.016568,0.033296,0
33.307,-16.538,0,-0.016538,0.033307,0
33.317,-16.508,0,-0.016508,0.033317,0
33.327,-16.478,0,-0.016478,0.033327,0
33.338,-16.448,0,-0.016448,0.033338,0
33.348,-16.418,0,-0.016418,0.033348,0
33.358,-16.388,0,-0.016388,0.033358,0
33.369,-16.358,0,-0.016358,0.033369,0
33.379,-16.328,0,-0.016328,0.033379,0
33.389,-16.298,0,-0.016298,0.033389,0
33.399,-16.268,0,-0.016268,0.033399,0
33.409,-16.238,0,-0.016238,0.033409,0
33.419,-16.208,0,-0.016208,0.033419,0
33.429,-16.178,0,-0.016178,0.033429,0
33.439,-16.148,0,-0.016148,0.033439,0
33.449,-16.118,0,-0.016118,0.033449,0
33.459,-16.088,0,-0.016088,0.033459,0
33.469,-16.058,0,-0.016058,0.033469,0
33.479,-16.028,0,-0.016028,0.033479,0
33.489,-15.998,0,-0.015998,0.033489,0
33.499,-15.968,0,-0.015968,0.033499,0
33.509,-15.938,0,-0.015938,0.033509,0
33.518,-15.908,0,-0.015908,0.033518,0
33.528,-15.878,0,-0.015878,0.033528,0
33.538,-15.848,0,-0.015848,0.033538,0
33.548,-15.818,0,-0.015818,0.033548,0
33.557,-15.788,0,-0.015788,0.033557,0
33.567,-15.757,0,-0.015757,0.033567,0
33.576,-15.727,0,-0.015727,0.033576,0
33.586,-15.697,0,-0.015697,0.033586,0
33.595,-15.667,0,-0.015667,0.033595,0
33.605,-15.637,0,-0.015637,0.033605,0
33.614,-15.607,0,-0.015607,0.033614,0
33.624,-15.577,0,-0.015577,0.033624,0
33.633,-15.547,0,-0.015547,0.033633,0
33.643,-15.517,0,-0.015517,0.033643,0
33.652,-15.487,0,-0.015487,0.033652,0
33.661,-15.457,0,-0.015457,0.033661,0
33.67,-15.427,0,-0.015427,0.03367,0
33.68,-15.397,0,-0.015397,0.03368,0
33.689,-15.366,0,-0.015366,0.033689,0
33.698,-15.336,0,-0.015336,0.033698,0
33.707,-15.306,0,-0.015306,0.033707,0
33.716,-15.276,0,-0.015276,0.033716,0
33.725,-15.246,0,-0.015246,0.033725,0
33.734,-15.216,0,-0.015216,0.033734,0
33.743,-15.186,0,-0.015186,0.033743,0
33.752,-15.156,0,-0.015156,0.033752,0
33.761,-15.126,0,-0.015126,0.033761,0
33.77,-15.096,0,-0.015096,0.03377,0
33.779,-15.065,0,-0.015065,0.033779,0
33.788,-15.035,0,-0.015035,0.033788,0
33.797,-15.005,0,-0.015005,0.033797,0
33.805,-14.975,0,-0.014975,0.033805,0
33.814,-14.945,0,-0.014945,0.033814,0
33.823,-14.915,0,-0.014915,0.033823,0
33.832,-14.885,0,-0.014885,0.033832,0
33.84,-14.855,0,-0.014855,0.03384,0
33.849,-14.824,0,-0.014824,0.033849,0
33.857,-14.794,0,-0.014794,0.033857,0
33.866,-14.764,0,-0.014764,0.033866,0
33.874,-14.734,0,-0.014734,0.033874,0
33.883,-14.704,0,-0.014704,0.033883,0
33.891,-14.674,0,-0.014674,0.033891,0
33.9,-14.644,0,-0.014644,0.0339,0
33.908,-14.613,0,-0.014613,0.033908,0
33.917,-14.583,0,-0.014583,0.033917,0
33.925,-14.553,0,-0.014553,0.033925,0
33.933,-14.523,0,-0.014523,0.033933,0
33.941,-14.493,0,-0.014493,0.033941,0
33.95,-14.463,0,-0.014463,0.03395,0
33.958,-14.433,0,-0.014433,0.033958,0
33.966,-14.402,0,-0.014402,0.033966,0
33.974,-14.372,0,-0.014372,0.033974,0
33.982,-14.342,0,-0.014342,0.033982,0
33.99,-14.312,0,-0.014312,0.03399,0
33.998,-14.282,0,-0.014282,0.033998,0
34.006,-14.252,0,-0.014252,0.034006,0
34.014,-14.221,0,-0.014221,0.034014,0
34.022,-14.191,0,-0.014191,0.034022,0
34.03,-14.161,0,-0.014161,0.03403,0
34.038,-14.131,0,-0.014131,0.034038,0
34.046,-14.101,0,-0.014101,0.034046,0
34.053,-14.071,0,-0.014071,0.034053,0
34.061,-14.041,0,-0.014041,0.034061,0
34.069,-14.01,0,-0.01401,0.034069,0
34.077,-13.98,0,-0.01398,0.034077,0
34.084,-13.95,0,-0.01395,0.034084,0
34.092,-13.92,0,-0.01392,0.034092,0
34.1,-13.89,0,-0.01389,0.0341,0
34.107,-13.86,0,-0.01386,0.034107,0
34.115,-13.83,0,-0.01383,0.034115,0
34.122,-13.799,0,-0.013799,0.034122,0
34.13,-13.769,0,-0.013769,0.03413,0
34.137,-13.739,0,-0.013739,0.034137,0
34.144,-13.709,0,-0.013709,0.034144,0
34.152,-13.679,0,-0.013679,0.034152,0
34.159,-13.649,0,-0.013649,0.034159,0
34.166,-13.618,0,-0.013618,0.034166,0
34.174,-13.588,0,-0.013588,0.034174,0
34.181,-13.558,0,-0.013558,0.034181,0
34.188,-13.528,0,-0.013528,0.034188,0
34.195,-13.498,0,-0.013498,0.034195,0
34.202,-13.468,0,-0.013468,0.034202,0
34.209,-13.438,0,-0.013438,0.034209,0
34.217,-13.407,0,-0.013407,0.034217,0
34.224,-13.377,0,-0.013377,0.034224,0
34.231,-13.347,0,-0.013347,0.034231,0
34.238,-13.317,0,-0.013317,0.034238,0
34.244,-13.287,0,-0.013287,0.034244,0
34.251,-13.257,0,-0.013257,0.034251,0
34.258,-13.227,0,-0.013227,0.034258,0
34.265,-13.197,0,-0.013197,0.034265,0
34.272,-13.166,0,-0.013166,0.034272,0
34.279,-13.136,0,-0.013136,0.034279,0
34.285,-13.106,0,-0.013106,0.034285,0
34.292,-13.076,0,-0.013076,0.034292,0
34.299,-13.046,0,-0.013046,0.034299,0
34.305,-13.016,0,-0.013016,0.034305,0
34.312,-12.986,0,-0.012986,0.034312,0
34.319,-12.956,0,-0.012956,0.034319,0
34.325,-12.926,0,-0.012926,0.034325,0
34.332,-12.895,0,-0.012895,0.034332,0
34.338,-12.865,0,-0.012865,0.034338,0
34.344,-12.835,0,-0.012835,0.034344,0
34.351,-12.805,0,-0.012805,0.034351,0
34.357,-12.775,0,-0.012775,0.034357,0
34.364,-12.745,0,-0.012745,0.034364,0
34.37,-12.715,0,-0.012715,0.03437,0
34.376,-12.685,0,-0.012685,0.034376,0
34.382,-12.655,0,-0.012655,0.034382,0
34.388,-12.625,0,-0.012625,0.034388,0
34.395,-12.595,0,-0.012595,0.034395,0
34.401,-12.565,0,-0.012565,0.034401,0
34.407,-12.535,0,-0.012535,0.034407,0
34.413,-12.504,0,-0.012504,0.034413,0
34.419,-12.474,0,-0.012474,0.034419,0
34.425,-12.444,0,-0.012444,0.034425,0
34.431,-12.414,0,-0.012414,0.034431,0
34.437,-12.384,0,-0.012384,0.034437,0
34.443,-12.354,0,-0.012354,0.034443,0
34.449,-12.324,0,-0.012324,0.034449,0
34.454,-12.294,0,-0.012294,0.034454,0
34.46,-12.264,0,-0.012264,0.03446,0
34.466,-12.234,0,-0.012234,0.034466,0
34.472,-12.204,0,-0.012204,0.034472,0
34.477,-12.174,0,-0.012174,0.034477,0
34.483,-12.144,0,-0.012144,0.034483,0
34.489,-12.114,0,-0.012114,0.034489,0
34.494,-12.084,0,-0.012084,0.034494,0
34.5,-12.054,0,-0.012054,0.0345,0
34.505,-12.024,0,-0.012024,0.034505,0
34.511,-11.994,0,-0.011994,0.034511,0
34.516,-11.964,0,-0.011964,0.034516,0
34.522,-11.934,0,-0.011934,0.034522,0
34.527,-11.904,0,-0.011904,0.034527,0
34.532,-11.874,0,-0.011874,0.034532,0
34.538,-11.845,0,-0.011845,0.034538,0
34.543,-11.815,0,-0.011815,0.034543,0
34.548,-11.785,0,-0.011785,0.034548,0
34.553,-11.755,0,-0.011755,0.034553,0
34.558,-11.725,0,-0.011725,0.034558,0
34.564,-11.695,0,-0.011695,0.034564,0
34.569,-11.665,0,-0.011665,0.034569,0
34.574,-11.635,0,-0.011635,0.034574,0
34.579,-11.605,0,-0.011605,0.034579,0
34.584,-11.575,0,-0.011575,0.034584,0
34.589,-11.546,0,-0.011546,0.034589,0
34.594,-11.516,0,-0.011516,0.034594,0
34.599,-11.486,0,-0.011486,0.034599,0
34.603,-11.456,0,-0.011456,0.034603,0
34.608,-11.426,0,-0.011426,0.034608,0
34.613,-11.396,0,-0.011396,0.034613,0
34.618,-11.367,0,-0.011367,0.034618,0
34.622,-11.337,0,-0.011337,0.034622,0
34.627,-11.307,0,-0.011307,0.034627,0
34.632,-11.277,0,-0.011277,0.034632,0
34.636,-11.247,0,-0.011247,0.034636,0
34.641,-11.218,0,-0.011218,0.034641,0
34.645,-11.188,0,-0.011188,0.034645,0
34.65,-11.158,0,-0.011158,0.03465,0
34.654,-11.128,0,-0.011128,0.034654,0
34.659,-11.099,0,-0.011099,0.034659,0
34.663,-11.069,0,-0.011069,0.034663,0
34.668,-11.039,0,-0.011039,0.034668,0
34.672,-11.009,0,-0.011009,0.034672,0
34.676,-10.98,0,-0.01098,0.034676,0
34.681,-10.95,0,-0.01095,0.034681,0
34.685,-10.92,0,-0.01092,0.034685,0
34.689,-10.891,0,-0.010891,0.034689,0
34.693,-10.861,0,-0.010861,0.034693,0
34.697,-10.831,0,-0.010831,0.034697,0
34.701,-10.802,0,-0.010802,0.034701,0
34.705,-10.772,0,-0.010772,0.034705,0
34.709,-10.742,0,-0.010742,0.034709,0
34.713,-10.713,0,-0.010713,0.034713,0
34.717,-10.683,0,-0.010683,0.034717,0
34.721,-10.654,0,-0.010654,0.034721,0
34.725,-10.624,0,-0.010624,0.034725,0
34.729,-10.595,0,-0.010595,0.034729,0
34.733,-10.565,0,-0.010565,0.034733,0
34.736,-10.536,0,-0.010536,0.034736,0
34.74,-10.506,0,-0.010506,0.03474,0
34.744,-10.477,0,-0.010477,0.034744,0
34.748,-10.447,0,-0.010447,0.034748,0
34.751,-10.418,0,-0.010418,0.034751,0
34.755,-10.388,0,-0.010388,0.034755,0
34.758,-10.359,0,-0.010359,0.034758,0
34.762,-10.329,0,-0.010329,0.034762,0
34.765,-10.3,0,-0.0103,0.034765,0
34.769,-10.27,0,-0.01027,0.034769,0
34.772,-10.241,0,-0.010241,0.034772,0
34.776,-10.212,0,-0.010212,0.034776,0
34.779,-10.182,0,-0.010182,0.034779,0
34.782,-10.153,0,-0.010153,0.034782,0
34.785,-10.124,0,-0.010124,0.034785,0
34.789,-10.094,0,-0.010094,0.034789,0
34.792,-10.065,0,-0.010065,0.034792,0
34.795,-10.036,0,-0.010036,0.034795,0
34.798,-10.006,0,-0.010006,0.034798,0
34.801,-9.9772,0,-0.0099772,0.034801,0
34.804,-9.948,0,-0.009948,0.034804,0
34.807,-9.9188,0,-0.0099188,0.034807,0
34.81,-9.8896,0,-0.0098896,0.03481,0
34.813,-9.8604,0,-0.0098604,0.034813,0
34.816,-9.8313,0,-0.0098313,0.034816,0
34.819,-9.8021,0,-0.0098021,0.034819,0
34.822,-9.773,0,-0.009773,0.034822,0
34.825,-9.7439,0,-0.0097439,0.034825,0
34.827,-9.7148,0,-0.0097148,0.034827,0
34.83,-9.6858,0,-0.0096858,0.03483,0
34.833,-9.6567,0,-0.0096567,0.034833,0
34.835,-9.6277,0,-0.0096277,0.034835,0
34.838,-9.5987,0,-0.0095987,0.034838,0
34.84,-9.5697,0,-0.0095697,0.03484,0
34.843,-9.5408,0,-0.0095408,0.034843,0
34.846,-9.5118,0,-0.0095118,0.034846,0
34.848,-9.4829,0,-0.0094829,0.034848,0
34.85,-9.454,0,-0.009454,0.03485,0
34.853,-9.4251,0,-0.0094251,0.034853,0
34.855,-9.3963,0,-0.0093963,0.034855,0
34.857,-9.3674,0,-0.0093674,0.034857,0
34.86,-9.3386,0,-0.0093386,0.03486,0
34.862,-9.3098,0,-0.0093098,0.034862,0
34.864,-9.2811,0,-0.0092811,0.034864,0
34.866,-9.2523,0,-0.0092523,0.034866,0
34.868,-9.2236,0,-0.0092236,0.034868,0
34.871,-9.1949,0,-0.0091949,0.034871,0
34.873,-9.1663,0,-0.0091663,0.034873,0
34.875,-9.1376,0,-0.0091376,0.034875,0
34.877,-9.109,0,-0.009109,0.034877,0
34.879,-9.0804,0,-0.0090804,0.034879,0
34.88,-9.0519,0,-0.0090519,0.03488,0
34.882,-9.0233,0,-0.0090233,0.034882,0
34.884,-8.9948,0,-0.0089948,0.034884,0
34.886,-8.9663,0,-0.0089663,0.034886,0
34.888,-8.9379,0,-0.0089379,0.034888,0
34.889,-8.9095,0,-0.0089095,0.034889,0
34.891,-8.8811,0,-0.0088811,0.034891,0
34.893,-8.8527,0,-0.0088527,0.034893,0
34.894,-8.8244,0,-0.0088244,0.034894,0
34.896,-8.7961,0,-0.0087961,0.034896,0
34.897,-8.7678,0,-0.0087678,0.034897,0
34.899,-8.7395,0,-0.0087395,0.034899,0
34.9,-8.7113,0,-0.0087113,0.0349,0
34.902,-8.6831,0,-0.0086831,0.034902,0
34.903,-8.655,0,-0.008655,0.034903,0
34.904,-8.6269,0,-0.0086269,0.034904,0
34.906,-8.5988,0,-0.0085988,0.034906,0
34.907,-8.5708,0,-0.0085708,0.034907,0
34.908,-8.5427,0,-0.0085427,0.034908,0
34.909,-8.5148,0,-0.0085148,0.034909,0
34.911,-8.4868,0,-0.0084868,0.034911,0
34.912,-8.4589,0,-0.0084589,0.034912,0
34.913,-8.4311,0,-0.0084311,0.034913,0
34.914,-8.4032,0,-0.0084032,0.034914,0
34.915,-8.3754,0,-0.0083754,0.034915,0
34.916,-8.3477,0,-0.0083477,0.034916,0
34.917,-8.32,0,-0.00832,0.034917,0
34.918,-8.2923,0,-0.0082923,0.034918,0
34.918,-8.2647,0,-0.0082647,0.034918,0
34.919,-8.2371,0,-0.0082371,0.034919,0
34.92,-8.2095,0,-0.0082095,0.03492,0
34.921,-8.182,0,-0.008182,0.034921,0
34.921,-8.1545,0,-0.0081545,0.034921,0
34.922,-8.1271,0,-0.0081271,0.034922,0
34.923,-8.0997,0,-0.0080997,0.034923,0
34.923,-8.0724,0,-0.0080724,0.034923,0
34.924,-8.0451,0,-0.0080451,0.034924,0
34.924,-8.0179,0,-0.0080179,0.034924,0
34.925,-7.9907,0,-0.0079907,0.034925,0
34.925,-7.9636,0,-0.0079636,0.034925,0
34.925,-7.9365,0,-0.0079365,0.034925,0
34.926,-7.9094,0,-0.0079094,0.034926,0
34.926,-7.8825,0,-0.0078825,0.034926,0
34.926,-7.8555,0,-0.0078555,0.034926,0
34.927,-7.8286,0,-0.0078286,0.034927,0
34.927,-7.8018,0,-0.0078018,0.034927,0
34.927,-7.775,0,-0.007775,0.034927,0
34.927,-7.7483,0,-0.0077483,0.034927,0
34.927,-7.7217,0,-0.0077217,0.034927,0
34.927,-7.6951,0,-0.0076951,0.034927,0
34.927,-7.6685,0,-0.0076685,0.034927,0
34.927,-7.642,0,-0.007642,0.034927,0
34.927,-7.6155,0,-0.0076155,0.034927,0
34.927,-7.589,0,-0.007589,0.034927,0
34.927,-7.5624,0,-0.0075624,0.034927,0
34.927,-7.5359,0,-0.0075359,0.034927,0
34.926,-7.5093,0,-0.0075093,0.034926,0
34.926,-7.4827,0,-0.0074827,0.034926,0
34.926,-7.456,0,-0.007456,0.034926,0
34.925,-7.4294,0,-0.0074294,0.034925,0
34.925,-7.4028,0,-0.0074028,0.034925,0
34.925,-7.3761,0,-0.0073761,0.034925,0
34.924,-7.3494,0,-0.0073494,0.034924,0
34.924,-7.3227,0,-0.0073227,0.034924,0
34.923,-7.296,0,-0.007296,0.034923,0
34.922,-7.2692,0,-0.0072692,0.034922,0
34.922,-7.2425,0,-0.0072425,0.034922,0
34.921,-7.2157,0,-0.0072157,0.034921,0
34.921,-7.1889,0,-0.0071889,0.034921,0
34.92,-7.1621,0,-0.0071621,0.03492,0
34.919,-7.1353,0,-0.0071353,0.034919,0
34.918,-7.1084,0,-0.0071084,0.034918,0
34.917,-7.0816,0,-0.0070816,0.034917,0
34.916,-7.0547,0,-0.0070547,0.034916,0
34.916,-7.0278,0,-0.0070278,0.034916,0
34.915,-7.0009,0,-0.0070009,0.034915,0
34.914,-6.974,0,-0.006974,0.034914,0
34.913,-6.9471,0,-0.0069471,0.034913,0
34.911,-6.9202,0,-0.0069202,0.034911,0
34.91,-6.8932,0,-0.0068932,0.03491,0
34.909,-6.8663,0,-0.0068663,0.034909,0
34.908,-6.8393,0,-0.0068393,0.034908,0
34.907,-6.8123,0,-0.0068123,0.034907,0
34.906,-6.7853,0,-0.0067853,0.034906,0
34.904,-6.7583,0,-0.0067583,0.034904,0
34.903,-6.7312,0,-0.0067312,0.034903,0
34.902,-6.7042,0,-0.0067042,0.034902,0
34.9,-6.6771,0,-0.0066771,0.0349,0
34.899,-6.6501,0,-0.0066501,0.034899,0
34.897,-6.623,0,-0.006623,0.034897,0
34.896,-6.5959,0,-0.0065959,0.034896,0
34.894,-6.5688,0,-0.0065688,0.034894,0
34.893,-6.5417,0,-0.0065417,0.034893,0
34.891,-6.5146,0,-0.0065146,0.034891,0
34.889,-6.4874,0,-0.0064874,0.034889,0
34.888,-6.4603,0,-0.0064603,0.034888,0
34.886,-6.4332,0,-0.0064332,0.034886,0
34.884,-6.406,0,-0.006406,0.034884,0
34.882,-6.3788,0,-0.0063788,0.034882,0
34.881,-6.3516,0,-0.0063516,0.034881,0
34.879,-6.3244,0,-0.0063244,0.034879,0
34.877,-6.2972,0,-0.0062972,0.034877,0
34.875,-6.27,0,-0.00627,0.034875,0
34.873,-6.2428,0,-0.0062428,0.034873,0
34.871,-6.2156,0,-0.0062156,0.034871,0
34.869,-6.1884,0,-0.0061884,0.034869,0
34.867,-6.1611,0,-0.0061611,0.034867,0
34.865,-6.1339,0,-0.0061339,0.034865,0
34.862,-6.1066,0,-0.0061066,0.034862,0
34.86,-6.0794,0,-0.0060794,0.03486,0
34.858,-6.0521,0,-0.0060521,0.034858,0
34.856,-6.0249,0,-0.0060249,0.034856,0
34.853,-5.9976,0,-0.0059976,0.034853,0
34.851,-5.9703,0,-0.0059703,0.034851,0
34.849,-5.943,0,-0.005943,0.034849,0
34.846,-5.9157,0,-0.0059157,0.034846,0
34.844,-5.8885,0,-0.0058885,0.034844,0
34.841,-5.8612,0,-0.0058612,0.034841,0
34.839,-5.8339,0,-0.0058339,0.034839,0
34.836,-5.8066,0,-0.0058066,0.034836,0
34.834,-5.7793,0,-0.0057793,0.034834,0
34.831,-5.752,0,-0.005752,0.034831,0
34.829,-5.7247,0,-0.0057247,0.034829,0
34.826,-5.6974,0,-0.0056974,0.034826,0
34.823,-5.6701,0,-0.0056701,0.034823,0
34.821,-5.6428,0,-0.0056428,0.034821,0
34.818,-5.6155,0,-0.0056155,0.034818,0
34.815,-5.5882,0,-0.0055882,0.034815,0
34.812,-5.5609,0,-0.0055609,0.034812,0
34.809,-5.5336,0,-0.0055336,0.034809,0
34.806,-5.5063,0,-0.0055063,0.034806,0
34.803,-5.4791,0,-0.0054791,0.034803,0
34.801,-5.4518,0,-0.0054518,0.034801,0
34.798,-5.4245,0,-0.0054245,0.034798,0
34.795,-5.3973,0,-0.0053973,0.034795,0
34.791,-5.37,0,-0.00537,0.034791,0
34.788,-5.3428,0,-0.0053428,0.034788,0
34.785,-5.3156,0,-0.0053156,0.034785,0
34.782,-5.2884,0,-0.0052884,0.034782,0
34.779,-5.2611,0,-0.0052611,0.034779,0
34.776,-5.234,0,-0.005234,0.034776,0
34.772,-5.2068,0,-0.0052068,0.034772,0
34.769,-5.1796,0,-0.0051796,0.034769,0
34.766,-5.1525,0,-0.0051525,0.034766,0
34.762,-5.1253,0,-0.0051253,0.034762,0
34.759,-5.0982,0,-0.0050982,0.034759,0
34.756,-5.0711,0,-0.0050711,0.034756,0
34.752,-5.0441,0,-0.0050441,0.034752,0
34.749,-5.017,0,-0.005017,0.034749,0
34.745,-4.99,0,-0.00499,0.034745,0
34.742,-4.963,0,-0.004963,0.034742,0
34.738,-4.936,0,-0.004936,0.034738,0
34.735,-4.9091,0,-0.0049091,0.034735,0
34.731,-4.8822,0,-0.0048822,0.034731,0
34.727,-4.8553,0,-0.0048553,0.034727,0
34.724,-4.8284,0,-0.0048284,0.034724,0
34.72,-4.8016,0,-0.0048016,0.03472,0
34.716,-4.7748,0,-0.0047748,0.034716,0
34.713,-4.7481,0,-0.0047481,0.034713,0
34.709,-4.7214,0,-0.0047214,0.034709,0
34.705,-4.6948,0,-0.0046948,0.034705,0
34.701,-4.6682,0,-0.0046682,0.034701,0
34.697,-4.6416,0,-0.0046416,0.034697,0
34.693,-4.6151,0,-0.0046151,0.034693,0
34.689,-4.5887,0,-0.0045887,0.034689,0
34.686,-4.5623,0,-0.0045623,0.034686,0
34.682,-4.536,0,-0.004536,0.034682,0
34.678,-4.5097,0,-0.0045097,0.034678,0
34.674,-4.4835,0,-0.0044835,0.034674,0
34.67,-4.4574,0,-0.0044574,0.03467,0
34.666,-4.4314,0,-0.0044314,0.034666,0
34.661,-4.4054,0,-0.0044054,0.034661,0
34.657,-4.3795,0,-0.0043795,0.034657,0
34.653,-4.3538,0,-0.0043538,0.034653,0
34.649,-4.3281,0,-0.0043281,0.034649,0
34.645,-4.3025,0,-0.0043025,0.034645,0
34.641,-4.277,0,-0.004277,0.034641,0
34.637,-4.2516,0,-0.0042516,0.034637,0
34.632,-4.2263,0,-0.0042263,0.034632,0
34.628,-4.2012,0,-0.0042012,0.034628,0
34.624,-4.1762,0,-0.0041762,0.034624,0
34.62,-4.1513,0,-0.0041513,0.03462,0
34.616,-4.1266,0,-0.0041266,0.034616,0
34.611,-4.1021,0,-0.0041021,0.034611,0
34.607,-4.0777,0,-0.0040777,0.034607,0
34.603,-4.0534,0,-0.0040534,0.034603,0
34.598,-4.0294,0,-0.0040294,0.034598,0
34.594,-4.0055,0,-0.0040055,0.034594,0
34.59,-3.9819,0,-0.0039819,0.03459,0
34.586,-3.9584,0,-0.0039584,0.034586,0
34.581,-3.9352,0,-0.0039352,0.034581,0
34.577,-3.9123,0,-0.0039123,0.034577,0
34.573,-3.8896,0,-0.0038896,0.034573,0
34.569,-3.8672,0,-0.0038672,0.034569,0
34.564,-3.8451,0,-0.0038451,0.034564,0
34.56,-3.8233,0,-0.0038233,0.03456,0
34.556,-3.8018,0,-0.0038018,0.034556,0
34.552,-3.7807,0,-0.0037807,0.034552,0
34.548,-3.76,0,-0.00376,0.034548,0
34.543,-3.7368,0,-0.0037368,0.034543,0
34.538,-3.7094,0,-0.0037094,0.034538,0
34.532,-3.6814,0,-0.0036814,0.034532,0
34.527,-3.6544,0,-0.0036544,0.034527,0
34.521,-3.6274,0,-0.0036274,0.034521,0
34.516,-3.6006,0,-0.0036006,0.034516,0
34.51,-3.5739,0,-0.0035739,0.03451,0
34.505,-3.5473,0,-0.0035473,0.034505,0
34.499,-3.5208,0,-0.0035208,0.034499,0
34.493,-3.4945,0,-0.0034945,0.034493,0
34.488,-3.4684,0,-0.0034684,0.034488,0
34.482,-3.4424,0,-0.0034424,0.034482,0
34.477,-3.4166,0,-0.0034166,0.034477,0
34.471,-3.3909,0,-0.0033909,0.034471,0
34.466,-3.3648,0,-0.0033648,0.034466,0
34.46,-3.3384,0,-0.0033384,0.03446,0
34.454,-3.3121,0,-0.0033121,0.034454,0
34.448,-3.2856,0,-0.0032856,0.034448,0
34.442,-3.2577,0,-0.0032577,0.034442,0
34.436,-3.2283,0,-0.0032283,0.034436,0
34.429,-3.1987,0,-0.0031987,0.034429,0
34.422,-3.1685,0,-0.0031685,0.034422,0
34.415,-3.1364,0,-0.0031364,0.034415,0
34.407,-3.102,0,-0.003102,0.034407,0
34.399,-3.0668,0,-0.0030668,0.034399,0
34.391,-3.0306,0,-0.0030306,0.034391,0
34.382,-2.9918,0,-0.0029918,0.034382,0
34.373,-2.9499,0,-0.0029499,0.034373,0
34.363,-2.9065,0,-0.0029065,0.034363,0
34.353,-2.8612,0,-0.0028612,0.034353,0
34.342,-2.8122,0,-0.0028122,0.034342,0
34.33,-2.7588,0,-0.0027588,0.03433,0
34.318,-2.7027,0,-0.0027027,0.034318,0
34.305,-2.6433,0,-0.0026433,0.034305,0
34.291,-2.5785,0,-0.0025785,0.034291,0
34.277,-2.5076,0,-0.0025076,0.034277,0
34.261,-2.4319,0,-0.0024319,0.034261,0
34.245,-2.3508,0,-0.0023508,0.034245,0
34.227,-2.2621,0,-0.0022621,0.034227,0
34.209,-2.1649,0,-0.0021649,0.034209,0
34.19,-2.0602,0,-0.0020602,0.03419,0
34.17,-1.9475,0,-0.0019475,0.03417,0
34.15,-1.8244,0,-0.0018244,0.03415,0
34.129,-1.6903,0,-0.0016903,0.034129,0
34.109,-1.5462,0,-0.0015462,0.034109,0
34.089,-1.3917,0,-0.0013917,0.034089,0
34.069,-1.2256,0,-0.0012256,0.034069,0
34.051,-1.048,0,-0.001048,0.034051,0
34.035,-0.86056,0,-0.00086056,0.034035,0
34.021,-0.66446,0,-0.00066446,0.034021,0
34.01,-0.46028,0,-0.00046028,0.03401,0
34.003,-0.25012,0,-0.00025012,0.034003,0
34,-0.035758,0,-0.000035758,0.034,0
34.001,0.1796,0,0.0001796,0.034001,0
34.006,0.39389,0,0.00039389,0.034006,0
34.015,0.60483,0,0.00060483,0.034015,0
34.027,0.81029,0,0.00081029,0.034027,0
34.043,1.0084,0,0.0010084,0.034043,0
34.061,1.1973,0,0.0011973,0.034061,0
34.081,1.3762,0,0.0013762,0.034081,0
34.102,1.5447,0,0.0015447,0.034102,0
34.124,1.7023,0,0.0017023,0.034124,0
34.147,1.8485,0,0.0018485,0.034147,0
34.169,1.9836,0,0.0019836,0.034169,0
34.191,2.1089,0,0.0021089,0.034191,0
34.213,2.2246,0,0.0022246,0.034213,0
34.233,2.3308,0,0.0023308,0.034233,0
34.253,2.4281,0,0.0024281,0.034253,0
34.272,2.518,0,0.002518,0.034272,0
34.29,2.601,0,0.002601,0.03429,0
34.306,2.6769,0,0.0026769,0.034306,0
34.322,2.7463,0,0.0027463,0.034322,0
34.337,2.8106,0,0.0028106,0.034337,0
34.35,2.8702,0,0.0028702,0.03435,0
34.363,2.9247,0,0.0029247,0.034363,0
34.375,2.9745,0,0.0029745,0.034375,0
34.386,3.0208,0,0.0030208,0.034386,0
34.397,3.0642,0,0.0030642,0.034397,0
34.406,3.1051,0,0.0031051,0.034406,0
34.416,3.1438,0,0.0031438,0.034416,0
34.425,3.1807,0,0.0031807,0.034425,0
34.433,3.2158,0,0.0032158,0.034433,0
34.441,3.2494,0,0.0032494,0.034441,0
34.449,3.2817,0,0.0032817,0.034449,0
34.457,3.3129,0,0.0033129,0.034457,0
34.464,3.3429,0,0.0033429,0.034464,0
34.471,3.3721,0,0.0033721,0.034471,0
34.478,3.4005,0,0.0034005,0.034478,0
34.485,3.4281,0,0.0034281,0.034485,0
34.491,3.4551,0,0.0034551,0.034491,0
34.498,3.4816,0,0.0034816,0.034498,0
34.504,3.5076,0,0.0035076,0.034504,0
34.51,3.5331,0,0.0035331,0.03451,0
34.516,3.5584,0,0.0035584,0.034516,0
34.522,3.5833,0,0.0035833,0.034522,0
34.527,3.608,0,0.003608,0.034527,0
34.533,3.6324,0,0.0036324,0.034533,0
34.539,3.6567,0,0.0036567,0.034539,0
34.544,3.6808,0,0.0036808,0.034544,0
34.55,3.7049,0,0.0037049,0.03455,0
34.555,3.7288,0,0.0037288,0.034555,0
34.561,3.7527,0,0.0037527,0.034561,0
34.566,3.7766,0,0.0037766,0.034566,0
34.572,3.8005,0,0.0038005,0.034572,0
34.577,3.8243,0,0.0038243,0.034577,0
34.582,3.8482,0,0.0038482,0.034582,0
34.588,3.8722,0,0.0038722,0.034588,0
34.593,3.8962,0,0.0038962,0.034593,0
34.598,3.9203,0,0.0039203,0.034598,0
34.603,3.9445,0,0.0039445,0.034603,0
34.609,3.9688,0,0.0039688,0.034609,0
34.614,3.9932,0,0.0039932,0.034614,0
34.619,4.0177,0,0.0040177,0.034619,0
34.624,4.0424,0,0.0040424,0.034624,0
34.63,4.0672,0,0.0040672,0.03463,0
34.635,4.0922,0,0.0040922,0.034635,0
34.64,4.1173,0,0.0041173,0.03464,0
34.645,4.1426,0,0.0041426,0.034645,0
34.651,4.1681,0,0.0041681,0.034651,0
34.656,4.1937,0,0.0041937,0.034656,0
34.661,4.2195,0,0.0042195,0.034661,0
34.667,4.2455,0,0.0042455,0.034667,0
34.672,4.2718,0,0.0042718,0.034672,0
34.677,4.2982,0,0.0042982,0.034677,0
34.683,4.3248,0,0.0043248,0.034683,0
34.688,4.3516,0,0.0043516,0.034688,0
34.693,4.3786,0,0.0043786,0.034693,0
34.699,4.4059,0,0.0044059,0.034699,0
34.704,4.4333,0,0.0044333,0.034704,0
34.71,4.461,0,0.004461,0.03471,0
34.715,4.4889,0,0.0044889,0.034715,0
34.721,4.517,0,0.004517,0.034721,0
34.726,4.5454,0,0.0045454,0.034726,0
34.732,4.5739,0,0.0045739,0.034732,0
34.737,4.6028,0,0.0046028,0.034737,0
34.743,4.6318,0,0.0046318,0.034743,0
34.748,4.6611,0,0.0046611,0.034748,0
34.754,4.6906,0,0.0046906,0.034754,0
34.76,4.7203,0,0.0047203,0.03476,0
34.765,4.7503,0,0.0047503,0.034765,0
34.771,4.7805,0,0.0047805,0.034771,0
34.777,4.811,0,0.004811,0.034777,0
34.782,4.8417,0,0.0048417,0.034782,0
34.788,4.8726,0,0.0048726,0.034788,0
34.794,4.9038,0,0.0049038,0.034794,0
34.8,4.9352,0,0.0049352,0.0348,0
34.806,4.9669,0,0.0049669,0.034806,0
34.812,4.9988,0,0.0049988,0.034812,0
34.818,5.0309,0,0.0050309,0.034818,0
34.824,5.0633,0,0.0050633,0.034824,0
34.83,5.0959,0,0.0050959,0.03483,0
34.836,5.1288,0,0.0051288,0.034836,0
34.842,5.1619,0,0.0051619,0.034842,0
34.848,5.1953,0,0.0051953,0.034848,0
34.854,5.2288,0,0.0052288,0.034854,0
34.86,5.2627,0,0.0052627,0.03486,0
34.867,5.2967,0,0.0052967,0.034867,0
34.873,5.331,0,0.005331,0.034873,0
34.879,5.3656,0,0.0053656,0.034879,0
34.886,5.4004,0,0.0054004,0.034886,0
34.892,5.4354,0,0.0054354,0.034892,0
34.899,5.4706,0,0.0054706,0.034899,0
34.905,5.5061,0,0.0055061,0.034905,0
34.912,5.5416,0,0.0055416,0.034912,0
34.918,5.5769,0,0.0055769,0.034918,0
34.925,5.612,0,0.005612,0.034925,0
34.931,5.6469,0,0.0056469,0.034931,0
34.938,5.6815,0,0.0056815,0.034938,0
34.944,5.7161,0,0.0057161,0.034944,0
34.95,5.7504,0,0.0057504,0.03495,0
34.957,5.7847,0,0.0057847,0.034957,0
34.963,5.8187,0,0.0058187,0.034963,0
34.969,5.8526,0,0.0058526,0.034969,0
34.975,5.8863,0,0.0058863,0.034975,0
34.982,5.9199,0,0.0059199,0.034982,0
34.988,5.9533,0,0.0059533,0.034988,0
34.994,5.9866,0,0.0059866,0.034994,0
35,6.0198,0,0.0060198,0.035,0
35.006,6.0528,0,0.0060528,0.035006,0
35.012,6.0856,0,0.0060856,0.035012,0
35.018,6.1184,0,0.0061184,0.035018,0
35.024,6.151,0,0.006151,0.035024,0
35.03,6.1835,0,0.0061835,0.03503,0
35.036,6.2159,0,0.0062159,0.035036,0
35.042,6.2482,0,0.0062482,0.035042,0
35.048,6.2804,0,0.0062804,0.035048,0
35.054,6.3124,0,0.0063124,0.035054,0
35.06,6.3444,0,0.0063444,0.03506,0
35.066,6.3762,0,0.0063762,0.035066,0
35.072,6.408,0,0.006408,0.035072,0
35.077,6.4396,0,0.0064396,0.035077,0
35.083,6.4712,0,0.0064712,0.035083,0
35.089,6.5027,0,0.0065027,0.035089,0
35.094,6.534,0,0.006534,0.035094,0
35.1,6.5653,0,0.0065653,0.0351,0
35.106,6.5965,0,0.0065965,0.035106,0
35.111,6.6277,0,0.0066277,0.035111,0
35.117,6.6587,0,0.0066587,0.035117,0
35.123,6.6897,0,0.0066897,0.035123,0
35.128,6.7206,0,0.0067206,0.035128,0
35.134,6.7514,0,0.0067514,0.035134,0
35.139,6.7822,0,0.0067822,0.035139,0
35.145,6.8129,0,0.0068129,0.035145,0
35.15,6.8435,0,0.0068435,0.03515,0
35.155,6.8741,0,0.0068741,0.035155,0
35.161,6.9045,0,0.0069045,0.035161,0
35.166,6.935,0,0.006935,0.035166,0
35.172,6.9653,0,0.0069653,0.035172,0
35.177,6.9956,0,0.0069956,0.035177,0
35.182,7.0259,0,0.0070259,0.035182,0
35.187,7.0561,0,0.0070561,0.035187,0
35.193,7.0863,0,0.0070863,0.035193,0
35.198,7.1164,0,0.0071164,0.035198,0
35.203,7.1464,0,0.0071464,0.035203,0
35.208,7.1764,0,0.0071764,0.035208,0
35.213,7.2063,0,0.0072063,0.035213,0
35.219,7.2363,0,0.0072363,0.035219,0
35.224,7.2661,0,0.0072661,0.035224,0
35.229,7.296,0,0.007296,0.035229,0
35.234,7.3257,0,0.0073257,0.035234,0
35.239,7.3555,0,0.0073555,0.035239,0
35.244,7.3852,0,0.0073852,0.035244,0
35.249,7.4148,0,0.0074148,0.035249,0
35.254,7.4444,0,0.0074444,0.035254,0
35.259,7.474,0,0.007474,0.035259,0
35.264,7.5036,0,0.0075036,0.035264,0
35.269,7.5331,0,0.0075331,0.035269,0
35.274,7.5626,0,0.0075626,0.035274,0
35.278,7.592,0,0.007592,0.035278,0
35.283,7.6214,0,0.0076214,0.035283,0
35.288,7.6508,0,0.0076508,0.035288,0
35.293,7.6802,0,0.0076802,0.035293,0
35.298,7.7095,0,0.0077095,0.035298,0
35.302,7.7388,0,0.0077388,0.035302,0
35.307,7.7681,0,0.0077681,0.035307,0
35.312,7.7973,0,0.0077973,0.035312,0
35.316,7.8266,0,0.0078266,0.035316,0
35.321,7.8558,0,0.0078558,0.035321,0
35.326,7.885,0,0.007885,0.035326,0
35.33,7.9141,0,0.0079141,0.03533,0
35.335,7.9432,0,0.0079432,0.035335,0
35.34,7.9724,0,0.0079724,0.03534,0
35.344,8.0015,0,0.0080015,0.035344,0
35.349,8.0305,0,0.0080305,0.035349,0
35.353,8.0596,0,0.0080596,0.035353,0
35.358,8.0886,0,0.0080886,0.035358,0
35.362,8.1176,0,0.0081176,0.035362,0
35.367,8.1466,0,0.0081466,0.035367,0
35.371,8.1756,0,0.0081756,0.035371,0
35.375,8.2046,0,0.0082046,0.035375,0
35.38,8.2335,0,0.0082335,0.03538,0
35.384,8.2625,0,0.0082625,0.035384,0
35.388,8.2914,0,0.0082914,0.035388,0
35.393,8.3203,0,0.0083203,0.035393,0
35.397,8.3492,0,0.0083492,0.035397,0
35.401,8.3781,0,0.0083781,0.035401,0
35.406,8.407,0,0.008407,0.035406,0
35.41,8.4359,0,0.0084359,0.03541,0
35.414,8.4647,0,0.0084647,0.035414,0
35.418,8.4935,0,0.0084935,0.035418,0
35.422,8.5224,0,0.0085224,0.035422,0
35.426,8.5512,0,0.0085512,0.035426,0
35.431,8.58,0,0.00858,0.035431,0
35.435,8.6088,0,0.0086088,0.035435,0
35.439,8.6376,0,0.0086376,0.035439,0
35.443,8.6664,0,0.0086664,0.035443,0
35.447,8.6952,0,0.0086952,0.035447,0
35.451,8.724,0,0.008724,0.035451,0
35.455,8.7527,0,0.0087527,0.035455,0
35.459,8.7815,0,0.0087815,0.035459,0
35.463,8.8102,0,0.0088102,0.035463,0
35.467,8.839,0,0.008839,0.035467,0
35.471,8.8677,0,0.0088677,0.035471,0
35.474,8.8965,0,0.0088965,0.035474,0
35.478,8.9252,0,0.0089252,0.035478,0
35.482,8.9539,0,0.0089539,0.035482,0
35.486,8.9826,0,0.0089826,0.035486,0
35.49,9.0114,0,0.0090114,0.03549,0
35.494,9.0401,0,0.0090401,0.035494,0
35.497,9.0688,0,0.0090688,0.035497,0
35.501,9.0975,0,0.0090975,0.035501,0
35.505,9.1262,0,0.0091262,0.035505,0
35.508,9.1549,0,0.0091549,0.035508,0
35.512,9.1836,0,0.0091836,0.035512,0
35.516,9.2123,0,0.0092123,0.035516,0
35.519,9.241,0,0.009241,0.035519,0
35.523,9.2697,0,0.0092697,0.035523,0
35.526,9.2984,0,0.0092984,0.035526,0
35.53,9.3271,0,0.0093271,0.03553,0
35.534,9.3558,0,0.0093558,0.035534,0
35.537,9.3845,0,0.0093845,0.035537,0
35.541,9.4132,0,0.0094132,0.035541,0
35.544,9.4419,0,0.0094419,0.035544,0
35.548,9.4706,0,0.0094706,0.035548,0
35.551,9.4993,0,0.0094993,0.035551,0
35.554,9.528,0,0.009528,0.035554,0
35.558,9.5567,0,0.0095567,0.035558,0
35.561,9.5854,0,0.0095854,0.035561,0
35.564,9.6141,0,0.0096141,0.035564,0
35.568,9.6428,0,0.0096428,0.035568,0
35.571,9.6714,0,0.0096714,0.035571,0
35.574,9.7001,0,0.0097001,0.035574,0
35.578,9.7288,0,0.0097288,0.035578,0
35.581,9.7575,0,0.0097575,0.035581,0
35.584,9.7862,0,0.0097862,0.035584,0
35.587,9.8149,0,0.0098149,0.035587,0
35.59,9.8437,0,0.0098437,0.03559,0
35.593,9.8724,0,0.0098724,0.035593,0
35.597,9.9011,0,0.0099011,0.035597,0
35.6,9.9298,0,0.0099298,0.0356,0
35.603,9.9585,0,0.0099585,0.035603,0
35.606,9.9872,0,0.0099872,0.035606,0
35.609,10.016,0,0.010016,0.035609,0
35.612,10.045,0,0.010045,0.035612,0
35.615,10.073,0,0.010073,0.035615,0
35.618,10.102,0,0.010102,0.035618,0
35.621,10.131,0,0.010131,0.035621,0
35.624,10.159,0,0.010159,0.035624,0
35.627,10.188,0,0.010188,0.035627,0
35.629,10.217,0,0.010217,0.035629,0
35.632,10.246,0,0.010246,0.035632,0
35.635,10.274,0,0.010274,0.035635,0
35.638,10.303,0,0.010303,0.035638,0
35.641,10.332,0,0.010332,0.035641,0
35.643,10.361,0,0.010361,0.035643,0
35.646,10.389,0,0.010389,0.035646,0
35.649,10.418,0,0.010418,0.035649,0
35.652,10.447,0,0.010447,0.035652,0
35.654,10.476,0,0.010476,0.035654,0
35.657,10.504,0,0.010504,0.035657,0
35.659,10.533,0,0.010533,0.035659,0
35.662,10.562,0,0.010562,0.035662,0
35.665,10.591,0,0.010591,0.035665,0
35.667,10.619,0,0.010619,0.035667,0
35.67,10.648,0,0.010648,0.03567,0
35.672,10.677,0,0.010677,0.035672,0
35.675,10.706,0,0.010706,0.035675,0
35.677,10.734,0,0.010734,0.035677,0
35.68,10.763,0,0.010763,0.03568,0
35.682,10.792,0,0.010792,0.035682,0
35.684,10.821,0,0.010821,0.035684,0
35.687,10.85,0,0.01085,0.035687,0
35.689,10.878,0,0.010878,0.035689,0
35.691,10.907,0,0.010907,0.035691,0
35.694,10.936,0,0.010936,0.035694,0
35.696,10.965,0,0.010965,0.035696,0
35.698,10.993,0,0.010993,0.035698,0
35.7,11.022,0,0.011022,0.0357,0
35.703,11.051,0,0.011051,0.035703,0
35.705,11.08,0,0.01108,0.035705,0
35.707,11.109,0,0.011109,0.035707,0
35.709,11.137,0,0.011137,0.035709,0
35.711,11.166,0,0.011166,0.035711,0
35.713,11.195,0,0.011195,0.035713,0
35.715,11.224,0,0.011224,0.035715,0
35.717,11.253,0,0.011253,0.035717,0
35.719,11.281,0,0.011281,0.035719,0
35.721,11.31,0,0.01131,0.035721,0
35.723,11.339,0,0.011339,0.035723,0
35.725,11.368,0,0.011368,0.035725,0
35.727,11.397,0,0.011397,0.035727,0
35.729,11.425,0,0.011425,0.035729,0
35.731,11.454,0,0.011454,0.035731,0
35.733,11.483,0,0.011483,0.035733,0
35.735,11.512,0,0.011512,0.035735,0
35.736,11.541,0,0.011541,0.035736,0
35.738,11.569,0,0.011569,0.035738,0
35.74,11.598,0,0.011598,0.03574,0
35.742,11.627,0,0.011627,0.035742,0
35.743,11.656,0,0.011656,0.035743,0
35.745,11.685,0,0.011685,0.035745,0
35.747,11.713,0,0.011713,0.035747,0
35.748,11.742,0,0.011742,0.035748,0
35.75,11.771,0,0.011771,0.03575,0
35.751,11.8,0,0.0118,0.035751,0
35.753,11.829,0,0.011829,0.035753,0
35.754,11.857,0,0.011857,0.035754,0
35.756,11.886,0,0.011886,0.035756,0
35.757,11.915,0,0.011915,0.035757,0
35.759,11.944,0,0.011944,0.035759,0
35.76,11.973,0,0.011973,0.03576,0
35.762,12.002,0,0.012002,0.035762,0
35.763,12.03,0,0.01203,0.035763,0
35.764,12.059,0,0.012059,0.035764,0
35.765,12.088,0,0.012088,0.035765,0
35.767,12.117,0,0.012117,0.035767,0
35.768,12.146,0,0.012146,0.035768,0
35.769,12.174,0,0.012174,0.035769,0
35.77,12.203,0,0.012203,0.03577,0
35.772,12.232,0,0.012232,0.035772,0
35.773,12.261,0,0.012261,0.035773,0
35.774,12.29,0,0.01229,0.035774,0
35.775,12.319,0,0.012319,0.035775,0
35.776,12.347,0,0.012347,0.035776,0
35.777,12.376,0,0.012376,0.035777,0
35.778,12.405,0,0.012405,0.035778,0
35.779,12.434,0,0.012434,0.035779,0
35.78,12.463,0,0.012463,0.03578,0
35.781,12.492,0,0.012492,0.035781,0
35.782,12.521,0,0.012521,0.035782,0
35.783,12.549,0,0.012549,0.035783,0
35.784,12.577,0,0.012577,0.035784,0
35.784,12.606,0,0.012606,0.035784,0
35.785,12.634,0,0.012634,0.035785,0
35.786,12.662,0,0.012662,0.035786,0
35.787,12.69,0,0.01269,0.035787,0
35.787,12.719,0,0.012719,0.035787,0
35.788,12.747,0,0.012747,0.035788,0
35.789,12.775,0,0.012775,0.035789,0
35.789,12.804,0,0.012804,0.035789,0
35.79,12.832,0,0.012832,0.03579,0
35.79,12.86,0,0.01286,0.03579,0
35.791,12.888,0,0.012888,0.035791,0
35.791,12.917,0,0.012917,0.035791,0
35.792,12.945,0,0.012945,0.035792,0
35.792,12.973,0,0.012973,0.035792,0
35.793,13.002,0,0.013002,0.035793,0
35.793,13.03,0,0.01303,0.035793,0
35.793,13.059,0,0.013059,0.035793,0
35.794,13.087,0,0.013087,0.035794,0
35.794,13.115,0,0.013115,0.035794,0
35.794,13.144,0,0.013144,0.035794,0
35.794,13.172,0,0.013172,0.035794,0
35.794,13.201,0,0.013201,0.035794,0
35.795,13.229,0,0.013229,0.035795,0
35.795,13.257,0,0.013257,0.035795,0
35.795,13.286,0,0.013286,0.035795,0
35.795,13.314,0,0.013314,0.035795,0
35.795,13.343,0,0.013343,0.035795,0
35.795,13.371,0,0.013371,0.035795,0
35.795,13.4,0,0.0134,0.035795,0
35.795,13.428,0,0.013428,0.035795,0
35.794,13.457,0,0.013457,0.035794,0
35.794,13.485,0,0.013485,0.035794,0
35.794,13.514,0,0.013514,0.035794,0
35.794,13.542,0,0.013542,0.035794,0
35.794,13.571,0,0.013571,0.035794,0
35.793,13.6,0,0.0136,0.035793,0
35.793,13.628,0,0.013628,0.035793,0
35.793,13.657,0,0.013657,0.035793,0
35.792,13.685,0,0.013685,0.035792,0
35.792,13.714,0,0.013714,0.035792,0
35.792,13.743,0,0.013743,0.035792,0
35.791,13.771,0,0.013771,0.035791,0
35.791,13.8,0,0.0138,0.035791,0
35.79,13.829,0,0.013829,0.03579,0
35.789,13.858,0,0.013858,0.035789,0
35.789,13.886,0,0.013886,0.035789,0
35.788,13.915,0,0.013915,0.035788,0
35.788,13.944,0,0.013944,0.035788,0
35.787,13.973,0,0.013973,0.035787,0
35.786,14.001,0,0.014001,0.035786,0
35.785,14.03,0,0.01403,0.035785,0
35.785,14.059,0,0.014059,0.035785,0
35.784,14.088,0,0.014088,0.035784,0
35.783,14.117,0,0.014117,0.035783,0
35.782,14.146,0,0.014146,0.035782,0
35.781,14.175,0,0.014175,0.035781,0
35.78,14.204,0,0.014204,0.03578,0
35.779,14.232,0,0.014232,0.035779,0
35.778,14.261,0,0.014261,0.035778,0
35.777,14.29,0,0.01429,0.035777,0
35.776,14.319,0,0.014319,0.035776,0
35.775,14.348,0,0.014348,0.035775,0
35.774,14.377,0,0.014377,0.035774,0
35.772,14.406,0,0.014406,0.035772,0
35.771,14.435,0,0.014435,0.035771,0
35.77,14.464,0,0.014464,0.03577,0
35.769,14.494,0,0.014494,0.035769,0
35.767,14.523,0,0.014523,0.035767,0
35.766,14.552,0,0.014552,0.035766,0
35.764,14.581,0,0.014581,0.035764,0
35.763,14.61,0,0.01461,0.035763,0
35.762,14.639,0,0.014639,0.035762,0
35.76,14.668,0,0.014668,0.03576,0
35.759,14.698,0,0.014698,0.035759,0
35.757,14.727,0,0.014727,0.035757,0
35.755,14.756,0,0.014756,0.035755,0
35.754,14.785,0,0.014785,0.035754,0
35.752,14.815,0,0.014815,0.035752,0
35.75,14.844,0,0.014844,0.03575,0
35.749,14.873,0,0.014873,0.035749,0
35.747,14.903,0,0.014903,0.035747,0
35.745,14.932,0,0.014932,0.035745,0
35.743,14.961,0,0.014961,0.035743,0
35.741,14.991,0,0.014991,0.035741,0
35.739,15.02,0,0.01502,0.035739,0
35.737,15.049,0,0.015049,0.035737,0
35.735,15.079,0,0.015079,0.035735,0
35.733,15.108,0,0.015108,0.035733,0
35.731,15.138,0,0.015138,0.035731,0
35.729,15.167,0,0.015167,0.035729,0
35.727,15.197,0,0.015197,0.035727,0
35.725,15.226,0,0.015226,0.035725,0
35.723,15.256,0,0.015256,0.035723,0
35.72,15.285,0,0.015285,0.03572,0
35.718,15.315,0,0.015315,0.035718,0
35.716,15.345,0,0.015345,0.035716,0
35.713,15.374,0,0.015374,0.035713,0
35.711,15.404,0,0.015404,0.035711,0
35.709,15.433,0,0.015433,0.035709,0
35.706,15.463,0,0.015463,0.035706,0
35.704,15.493,0,0.015493,0.035704,0
35.701,15.523,0,0.015523,0.035701,0
35.699,15.552,0,0.015552,0.035699,0
35.696,15.582,0,0.015582,0.035696,0
35.693,15.612,0,0.015612,0.035693,0
35.691,15.642,0,0.015642,0.035691,0
35.688,15.671,0,0.015671,0.035688,0
35.685,15.701,0,0.015701,0.035685,0
35.683,15.731,0,0.015731,0.035683,0
35.68,15.761,0,0.015761,0.03568,0
35.677,15.791,0,0.015791,0.035677,0
35.674,15.821,0,0.015821,0.035674,0
35.671,15.85,0,0.01585,0.035671,0
35.668,15.88,0,0.01588,0.035668,0
35.665,15.91,0,0.01591,0.035665,0
35.662,15.94,0,0.01594,0.035662,0
35.659,15.97,0,0.01597,0.035659,0
35.656,16,0,0.016,0.035656,0
35.653,16.03,0,0.01603,0.035653,0
35.65,16.06,0,0.01606,0.03565,0
35.647,16.09,0,0.01609,0.035647,0
35.643,16.12,0,0.01612,0.035643,0
35.64,16.151,0,0.016151,0.03564,0
35.637,16.181,0,0.016181,0.035637,0
35.633,16.211,0,0.016211,0.035633,0
35.63,16.241,0,0.016241,0.03563,0
35.627,16.271,0,0.016271,0.035627,0
35.623,16.301,0,0.016301,0.035623,0
35.62,16.331,0,0.016331,0.03562,0
35.616,16.362,0,0.016362,0.035616,0
35.613,16.392,0,0.016392,0.035613,0
35.609,16.422,0,0.016422,0.035609,0
35.605,16.452,0,0.016452,0.035605,0
35.602,16.483,0,0.016483,0.035602,0
35.598,16.513,0,0.016513,0.035598,0
35.594,16.543,0,0.016543,0.035594,0
35.591,16.574,0,0.016574,0.035591,0
35.587,16.604,0,0.016604,0.035587,0
35.583,16.634,0,0.016634,0.035583,0
35.579,16.665,0,0.016665,0.035579,0
35.575,16.695,0,0.016695,0.035575,0
35.571,16.726,0,0.016726,0.035571,0
35.567,16.756,0,0.016756,0.035567,0
35.563,16.786,0,0.016786,0.035563,0
35.559,16.817,0,0.016817,0.035559,0
35.555,16.847,0,0.016847,0.035555,0
35.551,16.878,0,0.016878,0.035551,0
35.547,16.908,0,0.016908,0.035547,0
35.543,16.939,0,0.016939,0.035543,0
35.538,16.969,0,0.016969,0.035538,0
35.534,17,0,0.017,0.035534,0
35.53,17.03,0,0.01703,0.03553,0
35.525,17.061,0,0.017061,0.035525,0
35.521,17.091,0,0.017091,0.035521,0
35.517,17.122,0,0.017122,0.035517,0
35.512,17.153,0,0.017153,0.035512,0
35.508,17.183,0,0.017183,0.035508,0
35.503,17.214,0,0.017214,0.035503,0
35.499,17.244,0,0.017244,0.035499,0
35.494,17.275,0,0.017275,0.035494,0
35.489,17.306,0,0.017306,0.035489,0
35.485,17.336,0,0.017336,0.035485,0
35.48,17.367,0,0.017367,0.03548,0
35.475,17.398,0,0.017398,0.035475,0
35.47,17.428,0,0.017428,0.03547,0
35.466,17.459,0,0.017459,0.035466,0
35.461,17.49,0,0.01749,0.035461,0
35.456,17.521,0,0.017521,0.035456,0
35.451,17.551,0,0.017551,0.035451,0
35.446,17.582,0,0.017582,0.035446,0
35.441,17.613,0,0.017613,0.035441,0
35.436,17.644,0,0.017644,0.035436,0
35.431,17.674,0,0.017674,0.035431,0
35.426,17.705,0,0.017705,0.035426,0
35.421,17.736,0,0.017736,0.035421,0
35.416,17.767,0,0.017767,0.035416,0
35.41,17.798,0,0.017798,0.03541,0
35.405,17.828,0,0.017828,0.035405,0
35.4,17.859,0,0.017859,0.0354,0
35.395,17.89,0,0.01789,0.035395,0
35.389,17.921,0,0.017921,0.035389,0
35.384,17.952,0,0.017952,0.035384,0
35.379,17.983,0,0.017983,0.035379,0
35.373,18.014,0,0.018014,0.035373,0
35.368,18.045,0,0.018045,0.035368,0
35.362,18.075,0,0.018075,0.035362,0
35.356,18.106,0,0.018106,0.035356,0
35.351,18.137,0,0.018137,0.035351,0
35.345,18.168,0,0.018168,0.035345,0
35.34,18.199,0,0.018199,0.03534,0
35.334,18.23,0,0.01823,0.035334,0
35.328,18.261,0,0.018261,0.035328,0
35.322,18.292,0,0.018292,0.035322,0
35.317,18.323,0,0.018323,0.035317,0
35.311,18.354,0,0.018354,0.035311,0
35.305,18.385,0,0.018385,0.035305,0
35.299,18.416,0,0.018416,0.035299,0
35.293,18.447,0,0.018447,0.035293,0
35.287,18.478,0,0.018478,0.035287,0
35.281,18.509,0,0.018509,0.035281,0
35.275,18.54,0,0.01854,0.035275,0
35.269,18.571,0,0.018571,0.035269,0
35.263,18.602,0,0.018602,0.035263,0
35.256,18.633,0,0.018633,0.035256,0
35.25,18.664,0,0.018664,0.03525,0
35.244,18.695,0,0.018695,0.035244,0
35.238,18.727,0,0.018727,0.035238,0
35.231,18.758,0,0.018758,0.035231,0
35.225,18.789,0,0.018789,0.035225,0
35.219,18.82,0,0.01882,0.035219,0
35.212,18.851,0,0.018851,0.035212,0
35.206,18.882,0,0.018882,0.035206,0
35.199,18.913,0,0.018913,0.035199,0
35.193,18.944,0,0.018944,0.035193,0
35.186,18.975,0,0.018975,0.035186,0
35.179,19.007,0,0.019007,0.035179,0
35.173,19.038,0,0.019038,0.035173,0
35.166,19.069,0,0.019069,0.035166,0
35.159,19.1,0,0.0191,0.035159,0
35.153,19.131,0,0.019131,0.035153,0
35.146,19.162,0,0.019162,0.035146,0
35.139,19.194,0,0.019194,0.035139,0
35.132,19.225,0,0.019225,0.035132,0
35.125,19.256,0,0.019256,0.035125,0
35.118,19.287,0,0.019287,0.035118,0
35.111,19.319,0,0.019319,0.035111,0
35.104,19.35,0,0.01935,0.035104,0
35.097,19.381,0,0.019381,0.035097,0
35.09,19.412,0,0.019412,0.03509,0
35.083,19.443,0,0.019443,0.035083,0
35.076,19.475,0,0.019475,0.035076,0
35.068,19.506,0,0.019506,0.035068,0
35.061,19.537,0,0.019537,0.035061,0
35.054,19.568,0,0.019568,0.035054,0
35.046,19.6,0,0.0196,0.035046,0
35.039,19.631,0,0.019631,0.035039,0
35.032,19.662,0,0.019662,0.035032,0
35.024,19.694,0,0.019694,0.035024,0
35.017,19.725,0,0.019725,0.035017,0
35.009,19.756,0,0.019756,0.035009,0
35.002,19.787,0,0.019787,0.035002,0
34.994,19.819,0,0.019819,0.034994,0
34.986,19.85,0,0.01985,0.034986,0
34.979,19.881,0,0.019881,0.034979,0
34.971,19.913,0,0.019913,0.034971,0
34.963,19.944,0,0.019944,0.034963,0
34.955,19.975,0,0.019975,0.034955,0
34.948,20.007,0,0.020007,0.034948,0
34.94,20.038,0,0.020038,0.03494,0
34.932,20.069,0,0.020069,0.034932,0
34.924,20.101,0,0.020101,0.034924,0
34.916,20.132,0,0.020132,0.034916,0
34.908,20.164,0,0.020164,0.034908,0
34.9,20.195,0,0.020195,0.0349,0
34.892,20.226,0,0.020226,0.034892,0
34.884,20.258,0,0.020258,0.034884,0
34.875,20.289,0,0.020289,0.034875,0
34.867,20.321,0,0.020321,0.034867,0
34.859,20.352,0,0.020352,0.034859,0
34.85,20.384,0,0.020384,0.03485,0
34.842,20.415,0,0.020415,0.034842,0
34.834,20.446,0,0.020446,0.034834,0
34.825,20.478,0,0.020478,0.034825,0
34.817,20.509,0,0.020509,0.034817,0
34.808,20.541,0,0.020541,0.034808,0
34.8,20.572,0,0.020572,0.0348,0
34.791,20.604,0,0.020604,0.034791,0
34.783,20.635,0,0.020635,0.034783,0
34.774,20.667,0,0.020667,0.034774,0
34.765,20.698,0,0.020698,0.034765,0
34.756,20.73,0,0.02073,0.034756,0
34.748,20.761,0,0.020761,0.034748,0
34.739,20.793,0,0.020793,0.034739,0
34.73,20.825,0,0.020825,0.03473,0
34.721,20.856,0,0.020856,0.034721,0
34.712,20.888,0,0.020888,0.034712,0
34.703,20.919,0,0.020919,0.034703,0
34.694,20.951,0,0.020951,0.034694,0
34.685,20.982,0,0.020982,0.034685,0
34.676,21.014,0,0.021014,0.034676,0
34.667,21.045,0,0.021045,0.034667,0
34.658,21.077,0,0.021077,0.034658,0
34.648,21.109,0,0.021109,0.034648,0
34.639,21.14,0,0.02114,0.034639,0
34.63,21.172,0,0.021172,0.03463,0
34.62,21.203,0,0.021203,0.03462,0
34.611,21.235,0,0.021235,0.034611,0
34.602,21.267,0,0.021267,0.034602,0
34.592,21.298,0,0.021298,0.034592,0
34.583,21.33,0,0.02133,0.034583,0
34.573,21.362,0,0.021362,0.034573,0
34.564,21.393,0,0.021393,0.034564,0
34.554,21.425,0,0.021425,0.034554,0
34.544,21.457,0,0.021457,0.034544,0
34.535,21.488,0,0.021488,0.034535,0
34.525,21.52,0,0.02152,0.034525,0
34.515,21.552,0,0.021552,0.034515,0
34.505,21.583,0,0.021583,0.034505,0
34.496,21.615,0,0.021615,0.034496,0
34.486,21.647,0,0.021647,0.034486,0
34.476,21.678,0,0.021678,0.034476,0
34.466,21.71,0,0.02171,0.034466,0
34.456,21.742,0,0.021742,0.034456,0
34.446,21.773,0,0.021773,0.034446,0
34.436,21.805,0,0.021805,0.034436,0
34.425,21.837,0,0.021837,0.034425,0
34.415,21.868,0,0.021868,0.034415,0
34.405,21.9,0,0.0219,0.034405,0
34.395,21.932,0,0.021932,0.034395,0
34.385,21.963,0,0.021963,0.034385,0
34.374,21.995,0,0.021995,0.034374,0
34.364,22.027,0,0.022027,0.034364,0
34.354,22.059,0,0.022059,0.034354,0
34.343,22.09,0,0.02209,0.034343,0
34.333,22.122,0,0.022122,0.034333,0
34.322,22.154,0,0.022154,0.034322,0
34.312,22.185,0,0.022185,0.034312,0
34.301,22.217,0,0.022217,0.034301,0
34.29,22.249,0,0.022249,0.03429,0
34.28,22.281,0,0.022281,0.03428,0
34.269,22.312,0,0.022312,0.034269,0
34.258,22.344,0,0.022344,0.034258,0
34.247,22.376,0,0.022376,0.034247,0
34.237,22.408,0,0.022408,0.034237,0
34.226,22.439,0,0.022439,0.034226,0
34.215,22.471,0,0.022471,0.034215,0
34.204,22.503,0,0.022503,0.034204,0
34.193,22.535,0,0.022535,0.034193,0
34.182,22.566,0,0.022566,0.034182,0
34.171,22.598,0,0.022598,0.034171,0
34.16,22.63,0,0.02263,0.03416,0
34.149,22.662,0,0.022662,0.034149,0
34.138,22.693,0,0.022693,0.034138,0
34.126,22.725,0,0.022725,0.034126,0
34.115,22.757,0,0.022757,0.034115,0
34.104,22.789,0,0.022789,0.034104,0
34.092,22.82,0,0.02282,0.034092,0
34.081,22.852,0,0.022852,0.034081,0
34.07,22.884,0,0.022884,0.03407,0
34.058,22.916,0,0.022916,0.034058,0
34.047,22.947,0,0.022947,0.034047,0
34.035,22.979,0,0.022979,0.034035,0
34.024,23.011,0,0.023011,0.034024,0
34.012,23.043,0,0.023043,0.034012,0
34,23.074,0,0.023074,0.034,0
33.989,23.106,0,0.023106,0.033989,0
33.977,23.138,0,0.023138,0.033977,0
33.965,23.17,0,0.02317,0.033965,0
33.954,23.202,0,0.023202,0.033954,0
33.942,23.233,0,0.023233,0.033942,0
33.93,23.265,0,0.023265,0.03393,0
33.918,23.297,0,0.023297,0.033918,0
33.906,23.329,0,0.023329,0.033906,0
33.894,23.36,0,0.02336,0.033894,0
33.882,23.392,0,0.023392,0.033882,0
33.87,23.424,0,0.023424,0.03387,0
33.858,23.456,0,0.023456,0.033858,0
33.846,23.487,0,0.023487,0.033846,0
33.834,23.519,0,0.023519,0.033834,0
33.821,23.551,0,0.023551,0.033821,0
33.809,23.583,0,0.023583,0.033809,0
33.797,23.614,0,0.023614,0.033797,0
33.784,23.646,0,0.023646,0.033784,0
33.772,23.678,0,0.023678,0.033772,0
33.76,23.71,0,0.02371,0.03376,0
33.747,23.742,0,0.023742,0.033747,0
33.735,23.773,0,0.023773,0.033735,0
33.722,23.805,0,0.023805,0.033722,0
33.71,23.837,0,0.023837,0.03371,0
33.697,23.869,0,0.023869,0.033697,0
33.684,23.9,0,0.0239,0.033684,0
33.672,23.932,0,0.023932,0.033672,0
33.659,23.964,0,0.023964,0.033659,0
33.646,23.996,0,0.023996,0.033646,0
33.633,24.027,0,0.024027,0.033633,0
33.621,24.059,0,0.024059,0.033621,0
33.608,24.091,0,0.024091,0.033608,0
33.595,24.123,0,0.024123,0.033595,0
33.582,24.154,0,0.024154,0.033582,0
33.569,24.186,0,0.024186,0.033569,0
33.556,24.218,0,0.024218,0.033556,0
33.543,24.25,0,0.02425,0.033543,0
33.53,24.281,0,0.024281,0.03353,0
33.517,24.313,0,0.024313,0.033517,0
33.503,24.345,0,0.024345,0.033503,0
33.49,24.376,0,0.024376,0.03349,0
33.477,24.408,0,0.024408,0.033477,0
33.464,24.44,0,0.02444,0.033464,0
33.45,24.472,0,0.024472,0.03345,0
33.437,24.503,0,0.024503,0.033437,0
33.423,24.535,0,0.024535,0.033423,0
33.41,24.567,0,0.024567,0.03341,0
33.396,24.599,0,0.024599,0.033396,0
33.383,24.63,0,0.02463,0.033383,0
33.369,24.662,0,0.024662,0.033369,0
33.356,24.694,0,0.024694,0.033356,0
33.342,24.725,0,0.024725,0.033342,0
33.328,24.757,0,0.024757,0.033328,0
33.315,24.789,0,0.024789,0.033315,0
33.301,24.82,0,0.02482,0.033301,0
33.287,24.852,0,0.024852,0.033287,0
33.273,24.884,0,0.024884,0.033273,0
33.259,24.916,0,0.024916,0.033259,0
33.245,24.947,0,0.024947,0.033245,0
33.231,24.979,0,0.024979,0.033231,0
33.217,25.011,0,0.025011,0.033217,0
33.203,25.042,0,0.025042,0.033203,0
33.189,25.074,0,0.025074,0.033189,0
33.175,25.106,0,0.025106,0.033175,0
33.161,25.137,0,0.025137,0.033161,0
33.147,25.169,0,0.025169,0.033147,0
33.133,25.201,0,0.025201,0.033133,0
33.118,25.232,0,0.025232,0.033118,0
33.104,25.264,0,0.025264,0.033104,0
33.09,25.296,0,0.025296,0.03309,0
33.075,25.327,0,0.025327,0.033075,0
33.061,25.359,0,0.025359,0.033061,0
33.046,25.391,0,0.025391,0.033046,0
33.032,25.422,0,0.025422,0.033032,0
33.017,25.454,0,0.025454,0.033017,0
33.003,25.485,0,0.025485,0.033003,0
32.988,25.517,0,0.025517,0.032988,0
32.973,25.549,0,0.025549,0.032973,0
32.959,25.58,0,0.02558,0.032959,0
32.944,25.612,0,0.025612,0.032944,0
32.929,25.643,0,0.025643,0.032929,0
32.914,25.675,0,0.025675,0.032914,0
32.899,25.707,0,0.025707,0.032899,0
32.885,25.738,0,0.025738,0.032885,0
32.87,25.77,0,0.02577,0.03287,0
32.855,25.801,0,0.025801,0.032855,0
32.84,25.833,0,0.025833,0.03284,0
32.825,25.865,0,0.025865,0.032825,0
32.809,25.896,0,0.025896,0.032809,0
32.794,25.928,0,0.025928,0.032794,0
32.779,25.959,0,0.025959,0.032779,0
32.764,25.991,0,0.025991,0.032764,0
32.749,26.022,0,0.026022,0.032749,0
32.733,26.054,0,0.026054,0.032733,0
32.718,26.086,0,0.026086,0.032718,0
32.703,26.117,0,0.026117,0.032703,0
32.687,26.149,0,0.026149,0.032687,0
32.672,26.18,0,0.02618,0.032672,0
32.656,26.212,0,0.026212,0.032656,0
32.641,26.243,0,0.026243,0.032641,0
32.625,26.275,0,0.026275,0.032625,0
32.61,26.306,0,0.026306,0.03261,0
32.594,26.338,0,0.026338,0.032594,0
32.578,26.369,0,0.026369,0.032578,0
32.562,26.401,0,0.026401,0.032562,0
32.542,26.441,0,0.026441,0.032542,0
