-0.0248168585083158,0.0290544522924054,-0
-0.0247898160393469,0.0290733577509316,-0
-0.0247627588711647,0.0290922357448657,-0
-0.0247356870338198,0.0291110862587201,-0
-0.024708600557418,0.029129909276859,-0
-0.0246814994720959,0.029148704783515,-0
-0.0246543838080506,0.0291674727627692,-0
-0.0246272535955203,0.0291862131985643,-0
-0.024600108864789,0.0292049260747012,-0
-0.0245729496462022,0.0292236113748292,-0
-0.0245457759701403,0.0292422690824633,-0
-0.0245185878670453,0.0292608991809665,-0
-0.0244913853674212,0.0292795016535498,-0
-0.0244641685017983,0.0292980764832963,-0
-0.0244369373007981,0.0293166236531171,-0
-0.0244096917950765,0.0293351431457903,-0
-0.0243824320153463,0.0293536349439456,-0
-0.0243551579923878,0.0293720990300572,-0
-0.0243278697570481,0.0293905353864446,-0
-0.0243005673402111,0.0294089439952927,-0
-0.0242732505497066,0.0294273249884201,-0
-0.0242459194110033,0.0294456783513386,-0
-0.0242185741707123,0.0294640039238014,-0
-0.0241912148602534,0.0294823016915784,-0
-0.0241638415111314,0.0295005716401987,-0
-0.0241364541549069,0.0295188137549707,-0
-0.024109052823192,0.0295370280209844,-0
-0.0240816375476786,0.0295552144230935,-0
-0.0240542083601146,0.0295733729459305,-0
-0.0240267652923269,0.0295915035738922,-0
-0.0239993083761961,0.0296096062911564,-0
-0.0239718376436907,0.0296276810816593,-0
-0.0239443531268354,0.0296457279291165,-0
-0.0239168548577558,0.029663746816994,-0
-0.0238893428686195,0.0296817377285468,-0
-0.0238618171917026,0.0296997006467757,-0
-0.0238342778593487,0.0297176355544536,-0
-0.0238067249039877,0.0297355424341143,-0
-0.0237791583581272,0.0297534212680576,-0
-0.0237515782543741,0.0297712720383358,-0
-0.0237239844489553,0.0297890948404739,-0
-0.0236963769545833,0.0298068896688899,-0
-0.023668755963331,0.0298246564043816,-0
-0.0236411215071554,0.0298423950321253,-0
-0.0236134736180476,0.0298601055371869,-0
-0.0235858123280737,0.0298777879044953,-0
-0.0235581376693455,0.029895442118862,-0
-0.0235304496740475,0.0299130681649635,-0
-0.0235027483744012,0.029930666027364,-0
-0.0234750338027194,0.0299482356904812,-0
-0.0234473059913439,0.0299657771386259,-0
-0.0234195649727119,0.02998329035596,-0
-0.0233918107793008,0.0300007753265313,-0
-0.0233640434436715,0.0300182320342468,-0
-0.0233362629984366,0.0300356604628921,-0
-0.0233084694762821,0.0300530605961184,-0
-0.023280662909974,0.0300704324174384,-0
-0.0232528433323297,0.0300877759102438,-0
-0.0232250107762562,0.0301050910577825,-0
-0.02319716527472,0.0301223778431764,-0
-0.0231693067438939,0.0301396363216398,-0
-0.0231414352020212,0.0301568664851602,-0
-0.023113550785267,0.0301740682541277,-0
-0.0230856535262499,0.03019124161371,-0
-0.0230577434576479,0.0302083865489852,-0
-0.0230298206121808,0.0302255030449528,-0
-0.0230018850226467,0.0302425910865112,-0
-0.0229739367218927,0.0302596506584757,-0
-0.0229459757428189,0.0302766817455763,-0
-0.0229180021183984,0.0302936843324457,-0
-0.0228900158816659,0.0303106584036259,-0
-0.0228620170657086,0.030327603943574,-0
-0.0228340057036837,0.0303445209366517,-0
-0.0228059818288138,0.0303614093671285,-0
-0.0227779454743869,0.0303782692191809,-0
-0.0227498966737491,0.0303951004768977,-0
-0.0227218354603308,0.0304119031242642,-0
-0.022693761867612,0.0304286771451827,-0
-0.0226656759291568,0.0304454225234522,-0
-0.0226375776785981,0.0304621392427779,-0
-0.022609467058523,0.0304788273407292,-0
-0.0225813440890173,0.0304954868088826,-0
-0.022553208881747,0.0305121175855593,-0
-0.0225250614700901,0.030528719656044,-0
-0.0224969018874698,0.0305452930055605,-0
-0.022468730167378,0.0305618376192583,-0
-0.0224405463433576,0.0305783534822224,-0
-0.0224123504490305,0.0305948405794574,-0
-0.0223841425180489,0.0306112988959159,-0
-0.0223559225841667,0.030627728416457,-0
-0.0223276906811655,0.0306441291258894,-0
-0.0222994468429158,0.030660501008936,-0
-0.0222711911033559,0.0306768440502459,-0
-0.0222429234964568,0.0306931582344151,-0
-0.0222146440562957,0.0307094435459442,-0
-0.0221863528169997,0.0307256999692706,-0
-0.0221580498127679,0.0307419274887561,-0
-0.0221297350778585,0.0307581260886943,-0
-0.022101408646617,0.0307742957532945,-0
-0.0220730705534598,0.0307904364666913,-0
-0.0220447207563392,0.0308065482563318,-0
-0.0220163592762786,0.030822631113836,-0
-0.0219879862110891,0.0308386849880965,-0
-0.021959601594967,0.0308547098645662,-0
-0.0219312054621776,0.0308707057286366,-0
-0.0219027978470424,0.0308866725656447,-0
-0.0218743787839503,0.0309026103608672,-0
-0.0218459483073539,0.0309185190995226,-0
-0.0218175064517666,0.0309343987667723,-0
-0.0217890532517746,0.0309502493477148,-0
-0.0217605887420343,0.0309660708273868,-0
-0.0217321129572595,0.0309818631907703,-0
-0.0217036259322408,0.0309976264227824,-0
-0.0216751277018286,0.0310133605082838,-0
-0.0216466183009676,0.0310290654320612,-0
-0.0216180977646361,0.0310447411788595,-0
-0.0215895661279212,0.0310603877333415,-0
-0.0215610234259569,0.0310760050801212,-0
-0.0215324696939687,0.0310915932037403,-0
-0.0215039049672402,0.0311071520886857,-0
-0.02147532921397,0.031122681755785,-0
-0.0214467424557943,0.0311381821968425,-0
-0.0214181447817121,0.0311536533678373,-0
-0.0213895362268393,0.0311690952543855,-0
-0.0213609168263519,0.0311845078420563,-0
-0.0213322866154887,0.0311998911163701,-0
-0.0213036456295745,0.0312152450627868,-0
-0.0212749939039864,0.031230569666723,-0
-0.0212463314741845,0.0312458649135366,-0
-0.0212176583756865,0.0312611307885395,-0
-0.0211889746440923,0.0312763672769855,-0
-0.0211602803150763,0.0312915743640739,-0
-0.0211315754243806,0.031306752034953,-0
-0.021102860007811,0.0313219002747231,-0
-0.0210741341012818,0.0313370190684121,-0
-0.0210453977407457,0.0313521084010129,-0
-0.021016650962252,0.031367168257453,-0
-0.0209878938019172,0.0313821986226095,-0
-0.0209591262959678,0.0313971994812875,-0
-0.0209303484806523,0.0314121708182654,-0
-0.0209015603315907,0.031427112649691,-0
-0.0208727618709503,0.0314420249675695,-0
-0.0208439531817522,0.0314569077330133,-0
-0.0208151343001025,0.0314717609318028,-0
-0.0207863052622118,0.0314865845496557,-0
-0.0207574661043419,0.031501378572254,-0
-0.0207286168628443,0.0315161429852249,-0
-0.020699757574127,0.0315308777741573,-0
-0.0206708882746966,0.0315455829245806,-0
-0.02064200900112,0.0315602584219849,-0
-0.0206131197900538,0.0315749042518049,-0
-0.020584220678221,0.0315895203994328,-0
-0.0205553117024324,0.0316041068502073,-0
-0.0205263928995805,0.0316186635894166,-0
-0.0204974643066364,0.0316331906023002,-0
-0.0204685259606519,0.0316476878740477,-0
-0.0204395778987612,0.0316621553897985,-0
-0.0204106201581956,0.0316765931346341,-0
-0.0203816527762376,0.0316910010936011,-0
-0.0203526757903046,0.0317053792516701,-0
-0.0203236891817253,0.0317197276214898,-0
-0.0202946929731754,0.0317340461952585,-0
-0.0202656872434717,0.0317483349380083,-0
-0.0202366720298806,0.0317625938356304,-0
-0.0202076473697225,0.0317768228739847,-0
-0.0201786133004265,0.0317910220388731,-0
-0.02014956985948,0.0318051913160639,-0
-0.0201205170844635,0.0318193306912752,-0
-0.0200914550130435,0.0318334401501783,-0
-0.0200623836829713,0.0318475196783987,-0
-0.0200333031320767,0.0318615692615186,-0
-0.0200042133982749,0.0318755888850745,-0
-0.0199751145195809,0.0318895785345494,-0
-0.0199460065340902,0.0319035381953831,-0
-0.0199168894799841,0.0319174678529689,-0
-0.01988776339554,0.0319313674926496,-0
-0.0198586283191275,0.0319452370997187,-0
-0.0198294842891987,0.0319590766594256,-0
-0.0198003313443075,0.0319728861569664,-0
-0.019771169523099,0.0319866655774891,-0
-0.0197419988116246,0.0320004149308552,-0
-0.0197128192330649,0.032014134209441,-0
-0.0196836308633057,0.0320278233813523,-0
-0.0196544337408848,0.0320414824325702,-0
-0.019625227904403,0.0320551113490443,-0
-0.0195960133925919,0.0320687101166624,-0
-0.019566790244227,0.0320822787212896,-0
-0.0195375584982288,0.0320958171487226,-0
-0.019508318193553,0.0321093253847399,-0
-0.0194790693692952,0.0321228034150541,-0
-0.0194498120646328,0.0321362512253382,-0
-0.0194205463188224,0.0321496688012275,-0
-0.0193912721712421,0.0321630561282997,-0
-0.0193619896613461,0.0321764131920962,-0
-0.0193326988287136,0.0321897399780998,-0
-0.0193033997129953,0.0322030364717591,-0
-0.019274092353962,0.0322163026584666,-0
-0.019244776791477,0.0322295385235712,-0
-0.019215453065517,0.0322427440523689,-0
-0.019186121216146,0.0322559192301148,-0
-0.0191567812334601,0.0322690640643825,-0
-0.0191274331412539,0.0322821785476614,-0
-0.0190980770133852,0.0322952626505423,-0
-0.0190687128898387,0.0323083163590478,-0
-0.0190393408107002,0.0323213396591569,-0
-0.0190099608161537,0.0323343325368058,-0
-0.0189805729464894,0.032347294977885,-0
-0.0189511772420945,0.0323602269682434,-0
-0.0189217737434554,0.0323731284936873,-0
-0.0188923624912002,0.0323859995399617,-0
-0.0188629435260103,0.0323988400927897,-0
-0.0188335168887067,0.0324116501378341,-0
-0.0188040826202266,0.0324244296607085,-0
-0.0187746407615814,0.0324371786469953,-0
-0.0187451913539376,0.0324498970822105,-0
-0.0187157344385476,0.0324625849518344,-0
-0.0186862700567685,0.032475242241303,-0
-0.0186567982500966,0.0324878689359936,-0
-0.0186273190601382,0.0325004650212373,-0
-0.0185978325286035,0.032513030482322,-0
-0.018568338649226,0.0325255653248633,-0
-0.0185388374465305,0.0325380695414027,-0
-0.0185093289931198,0.032550543104546,-0
-0.0184798133306327,0.0325629860003024,-0
-0.0184502905008637,0.0325753982146187,-0
-0.0184207605456791,0.032587779733415,-0
-0.0183912235071024,0.0326001305425486,-0
-0.0183616794272312,0.0326124506278494,-0
-0.0183321283483313,0.0326247399750799,-0
-0.018302570312733,0.0326369985699797,-0
-0.0182730053629491,0.0326492263982156,-0
-0.0182434335415585,0.0326614234454303,-0
-0.0182138548912977,0.0326735896972049,-0
-0.0181842694550051,0.0326857251390818,-0
-0.0181546772756801,0.0326978297565407,-0
-0.0181250783964084,0.0327099035350291,-0
-0.0180954728604263,0.0327219464599365,-0
-0.0180658607111084,0.0327339585165992,-0
-0.0180362419919416,0.0327459396903114,-0
-0.0180066167465529,0.0327578899663137,-0
-0.017976984972131,0.0327698093484694,-0
-0.0179473466941075,0.0327816978292912,-0
-0.0179177019844623,0.0327935553830382,-0
-0.0178880508868042,0.0328053819956158,-0
-0.0178583934448672,0.0328171776528848,-0
-0.017828729702535,0.0328289423406518,-0
-0.0177990597037965,0.0328406760446866,-0
-0.0177693834928036,0.0328523787506999,-0
-0.0177397011138203,0.0328640504443632,-0
-0.0177100126112683,0.0328756911112914,-0
-0.0176803180297044,0.0328873007370512,-0
-0.0176506174138042,0.0328988793071685,-0
-0.0176209108084157,0.0329104268071068,-0
-0.0175911982585201,0.0329219432222833,-0
-0.0175614798092313,0.0329334285380687,-0
-0.0175317555058148,0.0329448827397803,-0
-0.0175020253937046,0.0329563058126758,-0
-0.0174722895184534,0.0329676977419726,-0
-0.0174425479257851,0.0329790585128272,-0
-0.0174128006615787,0.0329903881103427,-0
-0.0173830477264185,0.0330016865367687,-0
-0.0173532891469134,0.0330129537844808,-0
-0.0173235249950539,0.0330241898290692,-0
-0.0172937553167295,0.0330353946562623,-0
-0.0172639801580137,0.0330465682517264,-0
-0.0172341995650953,0.0330577106010911,-0
-0.0172044135843576,0.0330688216899204,-0
-0.0171746222623073,0.0330799015037388,-0
-0.0171448256456305,0.0330909500280112,-0
-0.0171150237811651,0.033101967248153,-0
-0.0170852167159168,0.0331129531495246,-0
-0.0170554044970245,0.0331239077174438,-0
-0.017025587171853,0.0331348309371529,-0
-0.0169957647878754,0.033145722793861,-0
-0.0169659373927545,0.0331565832727148,-0
-0.0169361050343401,0.0331674123588003,-0
-0.0169062677606267,0.0331782100371574,-0
-0.0168764256198016,0.0331889762927635,-0
-0.0168465786602178,0.0331997111105432,-0
-0.0168167269304223,0.0332104144753582,-0
-0.0167868704345339,0.0332210863879007,-0
-0.0167570092006825,0.0332317268402869,-0
-0.0167271433014725,0.0332423358091648,-0
-0.0166972727855553,0.0332529132799659,-0
-0.0166673977017465,0.0332634592380716,-0
-0.0166375180990332,0.0332739736688114,-0
-0.0166076340266068,0.0332844565574513,-0
-0.0165777455338185,0.0332949078892098,-0
-0.0165478526702206,0.0333053276492434,-0
-0.0165179554855525,0.0333157158226523,-0
-0.0164880540297359,0.0333260723944813,-0
-0.0164581483528937,0.0333363973497146,-0
-0.0164282385053354,0.0333466906732803,-0
-0.0163983245375715,0.0333569523500459,-0
-0.0163684065003136,0.0333671823648187,-0
-0.0163384844444676,0.0333773807023479,-0
-0.0163085584211516,0.0333875473473195,-0
-0.0162786284816767,0.0333976822843621,-0
-0.0162486946775739,0.033407785498039,-0
-0.0162187570605881,0.0334178569728498,-0
-0.016188815638668,0.0334278967079324,-0
-0.0161588704418807,0.0334379046950128,-0
-0.0161289215442099,0.0334478809115044,-0
-0.016098968997578,0.0334578253424355,-0
-0.0160690128541284,0.0334677379727707,-0
-0.016039053166227,0.0334776187874113,-0
-0.0160090899864295,0.0334874677712058,-0
-0.0159791233675552,0.0334972849089265,-0
-0.0159491533626034,0.0335070701852968,-0
-0.0159191800248094,0.0335168235849732,-0
-0.0158892034076552,0.0335265450925421,-0
-0.0158592235648223,0.0335362346925356,-0
-0.0158292405502494,0.033545892369413,-0
-0.0157992544180817,0.0335555181075774,-0
-0.0157692652227308,0.0335651118913566,-0
-0.0157392730188442,0.0335746737050135,-0
-0.0157092778612876,0.0335842035327519,-0
-0.0156792798051994,0.0335937013586996,-0
-0.0156492789059491,0.0336031671669216,-0
-0.0156192752191769,0.0336126009414081,-0
-0.0155892687571537,0.0336220026796934,-0
-0.0155592595524866,0.0336313723729426,-0
-0.0155292476813247,0.0336407099990787,-0
-0.0154992331996111,0.0336500155425702,-0
-0.01546921616356,0.0336592889878131,-0
-0.0154391966296209,0.0336685303191427,-0
-0.0154091746545402,0.0336777395208151,-0
-0.0153791502952708,0.0336869165770346,-0
-0.0153491236091031,0.0336960614719147,-0
-0.0153190946535427,0.0337051741895151,-0
-0.0152890634864057,0.033714254713814,-0
-0.0152590301657534,0.033723303028727,-0
-0.0152289947499559,0.0337323191180894,-0
-0.0151989572976617,0.0337413029656651,-0
-0.015168917867784,0.0337502545551513,-0
-0.0151388765195644,0.0337591738701596,-0
-0.0151088333124977,0.0337680608942393,-0
-0.0150787883064121,0.0337769156108535,-0
-0.0150487415614191,0.0337857380033944,-0
-0.0150186931379403,0.0337945280551762,-0
-0.0149886430532938,0.0338032857620326,-0
-0.0149585913434154,0.0338120111143723,-0
-0.0149285380876548,0.0338207040903422,-0
-0.0148984833468979,0.033829364673683,-0
-0.0148684271823892,0.0338379928480462,-0
-0.0148383696556575,0.0338465885970156,-0
-0.0148083108285607,0.0338551519040953,-0
-0.0147782507632988,0.0338636827527058,-0
-0.014748189522355,0.0338721811262018,-0
-0.0147181271686044,0.0338806470078416,-0
-0.0146880637652059,0.0338890803808178,-0
-0.0146579993756814,0.0338974812282361,-0
-0.0146279340639078,0.0339058495331176,-0
-0.0145978678940938,0.0339141852784057,-0
-0.0145678009307947,0.0339224884469629,-0
-0.0145377332389534,0.0339307590215594,-0
-0.014507664883837,0.0339389969848916,-0
-0.0144775959311179,0.0339472023195599,-0
-0.0144475264468136,0.0339553750080859,-0
-0.0144174564973148,0.0339635150329055,-0
-0.0143873861060271,0.0339716223880042,-0
-0.0143573153132981,0.0339796970627991,-0
-0.0143272442029357,0.0339877390353723,-0
-0.014297172842047,0.0339957482885224,-0
-0.0142671012981594,0.0340037248049527,-0
-0.0142370296391683,0.0340116685672858,-0
-0.0142069579333912,0.0340195795580498,-0
-0.0141768862495272,0.0340274577596896,-0
-0.0141468146567001,0.0340353031545563,-0
-0.0141167432244182,0.0340431157249178,-0
-0.0140866720226589,0.0340508954529381,-0
-0.0140566011217741,0.034058642320702,-0
-0.0140265305925709,0.0340663563101948,-0
-0.0139964605062857,0.0340740374033101,-0
-0.0139663909346043,0.0340816855818445,-0
-0.0139363219496352,0.034089300827506,-0
-0.0139062536239748,0.0340968831218975,-0
-0.0138761860306582,0.0341044324465299,-0
-0.0138461192431613,0.0341119487828226,-0
-0.0138160533354874,0.0341194321120824,-0
-0.0137859883385271,0.0341268824262635,-0
-0.0137559242985495,0.0341342997135078,-0
-0.0137258613054748,0.0341416839515171,-0
-0.0136957994343419,0.0341490351218973,-0
-0.013665738760646,0.0341563532061635,-0
-0.0136356793603983,0.0341636381857258,-0
-0.0136056213101298,0.0341708900418898,-0
-0.013575564686836,0.0341781087558699,-0
-0.0135455095680704,0.0341852943087685,-0
-0.0135154560319,0.0341924466815866,-0
-0.0134854041569017,0.0341995658552261,-0
-0.0134553540222141,0.0342066518104781,-0
-0.013425305707518,0.0342137045280284,-0
-0.0133952592930263,0.0342207239884607,-0
-0.013365214859544,0.0342277101722433,-0
-0.0133351724884138,0.0342346630597429,-0
-0.0133051322615751,0.0342415826312119,-0
-0.0132750942615441,0.0342484688667936,-0
-0.0132450585714283,0.0342553217465198,-0
-0.0132150252749358,0.0342621412503102,-0
-0.0131849944125113,0.0342689273678288,-0
-0.0131549660384088,0.0342756800856182,-0
-0.0131249402509275,0.0342823993806428,-0
-0.0130949171352718,0.0342890852330478,-0
-0.0130648967773146,0.0342957376228557,-0
-0.0130348792635221,0.0343023565299845,-0
-0.0130048646810441,0.0343089419342286,-0
-0.0129748531176589,0.0343154938152717,-0
-0.0129448446618324,0.0343220121526754,-0
-0.0129148394026867,0.0343284969258869,-0
-0.0128848374300337,0.034334948114233,-0
-0.0128548388344018,0.0343413656969154,-0
-0.0128248437069795,0.0343477496530238,-0
-0.0127948521397157,0.0343540999615161,-0
-0.0127648642252511,0.0343604166012339,-0
-0.012734880056982,0.0343666995508903,-0
-0.0127048997290551,0.0343729487890723,-0
-0.012674923336342,0.0343791642942474,-0
-0.0126449509745288,0.0343853460447463,-0
-0.012614982740049,0.0343914940187782,-0
-0.0125850186857805,0.0343976082034151,-0
-0.012555058876843,0.0344036885832323,-0
-0.0125251034230251,0.0344097351340673,-0
-0.0124951524229332,0.0344157478342701,-0
-0.0124652059760168,0.0344217266620571,-0
-0.0124352641825365,0.0344276715955181,-0
-0.0124053271436364,0.034433582612604,-0
-0.0123753949612787,0.034439459691141,-0
-0.0123454677383498,0.0344453028088115,-0
-0.0123155455785716,0.0344511119431728,-0
-0.012285628586613,0.0344568870716369,-0
-0.0122557168680292,0.0344626281714843,-0
-0.0122258105293117,0.0344683352198559,-0
-0.0121959096779035,0.0344740081937516,-0
-0.0121660144221999,0.0344796470700321,-0
-0.0121361248715733,0.0344852518254158,-0
-0.0121062411363831,0.0344908224364791,-0
-0.0120763633279847,0.0344963588796562,-0
-0.0120464915587692,0.0345018611312338,-0
-0.0120166259421551,0.0345073291673547,-0
-0.0119867665475951,0.0345127629721488,-0
-0.0119569134552355,0.0345181625278076,-0
-0.011927066790741,0.0345235278086238,-0
-0.0118972266706627,0.0345288587907953,-0
-0.0118673932126759,0.0345341554503683,-0
-0.0118375665355364,0.0345394177632472,-0
-0.0118077467591703,0.0345446457051811,-0
-0.0117779340046498,0.03454983925177,-0
-0.0117481283942142,0.0345549983784635,-0
-0.0117183300513194,0.0345601230605549,-0
-0.0116885391005933,0.0345652132731905,-0
-0.0116587556679578,0.0345702689913518,-0
-0.0116289798805341,0.0345752901898739,-0
-0.0115992118667388,0.0345802768434316,-0
-0.0115694517563122,0.0345852289265373,-0
-0.0115396996802643,0.0345901464135528,-0
-0.0115099557709744,0.0345950292786754,-0
-0.0114802201621827,0.034599877495942,-0
-0.0114504929890027,0.0346046910392298,-0
-0.01142077438798,0.03460946988225,-0
-0.0113910644512169,0.0346142140058152,-0
-0.0113613632799506,0.0346189233893001,-0
-0.0113316710221546,0.0346235980050189,-0
-0.0113019878189129,0.0346282378266575,-0
-0.0112723138128658,0.0346328428277309,-0
-0.0112426491481575,0.0346374129815944,-0
-0.0112129939705082,0.0346419482614356,-0
-0.0111833484272119,0.034646448640278,-0
-0.0111537126672311,0.0346509140909708,-0
-0.0111240868411015,0.0346553445862056,-0
-0.0110944711011238,0.0346597400984925,-0
-0.0110648656012182,0.0346641006001845,-0
-0.0110352704971086,0.0346684260634546,-0
-0.0110056859462522,0.0346727164603099,-0
-0.0109761121079076,0.0346769717625854,-0
-0.0109465491431857,0.0346811919419409,-0
-0.0109169972150454,0.034685376969866,-0
-0.0108874564883439,0.0346895268176767,-0
-0.0108579271298849,0.0346936414565133,-0
-0.0108284093084224,0.0346977208573442,-0
-0.0107989031478273,0.0347017649973264,-0
-0.0107694087796223,0.0347057738526145,-0
-0.0107399263836092,0.0347097473931819,-0
-0.0107104561353304,0.0347136855899,-0
-0.0106809982124719,0.0347175884134649,-0
-0.0106515527948622,0.0347214558344021,-0
-0.0106221200645759,0.0347252878230588,-0
-0.0105927002058997,0.0347290843496129,-0
-0.0105632934054646,0.0347328453840618,-0
-0.0105338998522068,0.034736570896233,-0
-0.0105045197374503,0.0347402608557788,-0
-0.0104751532549615,0.0347439152321761,-0
-0.0104458006009876,0.0347475339947269,-0
-0.010416461974269,0.0347511171125634,-0
-0.010387137576167,0.0347546645546386,-0
-0.0103578276106239,0.0347581762897372,-0
-0.010328532284284,0.0347616522864685,-0
-0.0102992518064984,0.0347650925132721,-0
-0.0102699863894348,0.034768496938412,-0
-0.0102407362480602,0.0347718655299861,-0
-0.0102115015520643,0.034775198261347,-0
-0.010182282477448,0.0347784951052249,-0
-0.0101530792506374,0.0347817560290995,-0
-0.010123892096889,0.0347849810009708,-0
-0.0100947212445502,0.0347881699886768,-0
-0.0100655669251246,0.0347913229598939,-0
-0.0100364293733936,0.0347944398821331,-0
-0.010007308827372,0.034797520722753,-0
-0.00997820552849329,0.0348005654489491,-0
-0.00994911972158055,0.0348035740277663,-0
-0.00992005165499365,0.0348065464260933,-0
-0.00989100158066368,0.0348094826106684,-0
-0.00986196975417465,0.0348123825480817,-0
-0.00983295643482332,0.0348152462047791,-0
-0.00980396188575141,0.03481807354706,-0
-0.00977498637397799,0.0348208645410849,-0
-0.00974603017048202,0.034823619152879,-0
-0.00971709355032661,0.0348263373483316,-0
-0.00968817679270554,0.0348290190932034,-0
-0.00965928018106454,0.0348316643531279,-0
-0.0096304039534061,0.0348342730980418,-0
-0.00960154835306282,0.0348368452975955,-0
-0.0095727136767444,0.0348393809172308,-0
-0.00954390022388557,0.0348418799226613,-0
-0.0095151082986136,0.0348443422794977,-0
-0.00948633820986491,0.0348467679532523,-0
-0.00945759027145183,0.0348491569093478,-0
-0.00942886480220808,0.034851509113121,-0
-0.0094001621260999,0.0348538245298288,-0
-0.00937148257231463,0.0348561031246575,-0
-0.00934282647543283,0.034858344862726,-0
-0.00931419417547954,0.0348605497090984,-0
-0.00928558601813205,0.0348627176287861,-0
-0.00925700235478171,0.0348648485867613,-0
-0.00922844354270212,0.0348669425479633,-0
-0.00919990994519663,0.0348689994773067,-0
-0.00917140193171612,0.0348710193396937,-0
-0.00914291987801467,0.0348730021000228,-0
-0.00911446416629105,0.034874947723201,-0
-0.00908603518538231,0.0348768561741523,-0
-0.00905763327918028,0.0348787274211604,-0
-0.00902925879665067,0.0348805614325679,-0
-0.00900091214443761,0.0348823581737545,-0
-0.00897259373724219,0.0348841176103342,-0
-0.00894430399715609,0.0348858397080064,-0
-0.00891604335386127,0.0348875244325699,-0
-0.00888781224481809,0.0348891717499391,-0
-0.00885961111547861,0.0348907816261596,-0
-0.00883144041945813,0.0348923540274282,-0
-0.0088033006187446,0.0348938889201106,-0
-0.00877519218395563,0.0348953862707589,-0
-0.00874711559448057,0.0348968460461366,-0
-0.00871907133881105,0.0348982682132342,-0
-0.00869105991465308,0.0348996527392985,-0
-0.00866308182929384,0.03490099959185,-0
-0.0086351375997542,0.0349023087387127,-0
-0.00860722775310292,0.0349035801480375,-0
-0.00857935282669434,0.0349048137883311,-0
-0.00855151336845817,0.0349060096284845,-0
-0.00852370993717681,0.0349071676378032,-0
-0.00849594304876225,0.0349082877881317,-0
-0.00846821322545136,0.0349093700518645,-0
-0.00844052105400755,0.0349104144000894,-0
-0.008412867137042,0.0349114208045169,-0
-0.00838525208953503,0.0349123892374439,-0
-0.00835767653914952,0.0349133196717951,-0
-0.00833014112662198,0.034914212081164,-0
-0.0083026465061211,0.0349150664398584,-0
-0.00827519334559312,0.0349158827229477,-0
-0.0082477823272348,0.0349166609063101,-0
-0.00822041414779185,0.0349174009666871,-0
-0.00819308951911195,0.0349181028817349,-0
-0.00816580916844168,0.0349187666300842,-0
-0.00813857383901377,0.0349193921913974,-0
-0.00811138429041298,0.0349199795464339,-0
-0.00808424129912544,0.034920528677115,-0
-0.00805714565900333,0.0349210395665941,-0
-0.00803009818183484,0.0349215121993292,-0
-0.00800309969782495,0.0349219465611606,-0
-0.00797615105620948,0.0349223426393914,-0
-0.00794926079750269,0.0349227003342787,-0
-0.0079224370415455,0.0349230195723732,-0
-0.00789567938437323,0.034923300346581,-0
-0.00786898627393079,0.0349235426338399,-0
-0.00784235610586111,0.0349237464162956,-0
-0.00781578722168477,0.0349239116809932,-0
-0.0077892779069112,0.0349240384195622,-0
-0.00776282638910633,0.0349241266278941,-0
-0.00773643083590583,0.0349241763058142,-0
-0.0077100893528291,0.0349241874567452,-0
-0.00768379998121335,0.0349241600873656,-0
-0.00765756069591061,0.0349240942072597,-0
-0.00763136940294038,0.0349239898285616,-0
-0.00760522393714748,0.0349238469655929,-0
-0.0075791220595996,0.0349236656344925,-0
-0.00755306145513434,0.0349234458528418,-0
-0.00752703972956251,0.034923187639282,-0
-0.00750105440696768,0.0349228910131263,-0
-0.00747510292685605,0.0349225559939669,-0
-0.00744918264119688,0.0349221826012764,-0
-0.00742328706040822,0.0349217707871918,-0
-0.00739741099721136,0.0349213205187418,-0
-0.00737155442297079,0.0349208318776451,-0
-0.00734571826690197,0.0349203049817483,-0
-0.00731990348464145,0.0349197399495481,-0
-0.00729411105930424,0.034919136900306,-0
-0.00726834200247574,0.0349184959541662,-0
-0.00724259735514617,0.0349178172322783,-0
-0.00721687818883744,0.0349171008569321,-0
-0.00719118560669294,0.0349163469516982,-0
-0.00716552074457967,0.0349155556415756,-0
-0.00713988477230688,0.0349147270531507,-0
-0.00711427889485905,0.0349138613147657,-0
-0.00708870435364104,0.0349129585566942,-0
-0.00706316242783177,0.0349120189113309,-0
-0.00703765443578328,0.0349110425133917,-0
-0.00701218173641125,0.0349100295001236,-0
-0.00698674573077561,0.0349089800115327,-0
-0.00696134786354786,0.0349078941906181,-0
-0.00693598962472583,0.0349067721836292,-0
-0.00691063456312439,0.0349056123298665,-0
-0.0068852381834615,0.0349044124644721,-0
-0.00685979507938971,0.0349031724002469,-0
-0.00683431021781295,0.0349018925932769,-0
-0.00680878875211174,0.0349005735094186,-0
-0.00678323602881386,0.0348992156247195,-0
-0.00675765759484635,0.0348978194259253,-0
-0.00673205920468141,0.0348963854110421,-0
-0.00670644682809371,0.0348949140899999,-0
-0.00668082665801855,0.0348934059853942,-0
-0.00665520511883085,0.0348918616333345,-0
-0.00662958887499629,0.0348902815844018,-0
-0.00660398484002548,0.0348886664047228,-0
-0.00657840018594847,0.0348870166771824,-0
-0.00655284235321963,0.0348853330027809,-0
-0.00652731906099951,0.0348836160021424,-0
-0.00650183831817734,0.034881866317214,-0
-0.00647640843475392,0.0348800846131413,-0
-0.00645103803393094,0.0348782715803615,-0
-0.00642573606495092,0.0348764279369333,-0
-0.00640047083141536,0.0348745513133747,-0
-0.00637519431623826,0.0348726379773935,-0
-0.00634989672446334,0.034870687198569,-0
-0.00632458155586411,0.0348686994024038,-0
-0.00629925245431645,0.0348666750258069,-0
-0.00627391321353844,0.0348646145177683,-0
-0.00624856778326648,0.034862518340107,-0
-0.00622322027555787,0.0348603869682696,-0
-0.0061978749714931,0.0348582208922063,-0
-0.00617253632808329,0.0348560206173127,-0
-0.00614720898561256,0.0348537866654625,-0
-0.00612189777533164,0.034851519576128,-0
-0.00609660772737225,0.0348492199075841,-0
-0.00607134407933997,0.034846888238243,-0
-0.00604611228509054,0.034844525168081,-0
-0.00602091802410957,0.0348421313202044,-0
-0.00599576721142255,0.0348397073425575,-0
-0.00597066600790122,0.0348372539097666,-0
-0.00594562083134277,0.0348347717251696,-0
-0.00592063836799679,0.0348322615230082,-0
-0.00589569744472687,0.0348297211555914,-0
-0.00587076382367781,0.0348271470435748,-0
-0.00584582955934115,0.0348245383908149,-0
-0.00582089792534267,0.0348218956600074,-0
-0.00579597234292657,0.0348192193303752,-0
-0.00577105638779491,0.0348165098987467,-0
-0.00574615379726391,0.0348137678807111,-0
-0.00572126847775109,0.0348109938118564,-0
-0.00569640451282666,0.0348081882491216,-0
-0.005671566171471,0.0348053517722279,-0
-0.00564675791709954,0.034802484985258,-0
-0.00562198441681557,0.034799588518329,-0
-0.00559725055138442,0.0347966630294226,-0
-0.00557256142576436,0.0347937092063614,-0
-0.00554792238023976,0.034790727768946,-0
-0.00552333900223581,0.0347877194712705,-0
-0.00549881713889017,0.0347846851042379,-0
-0.0054743629104408,0.0347816254982933,-0
-0.00544998272442429,0.0347785415263875,-0
-0.00542568329081781,0.0347754341072026,-0
-0.00540144911618284,0.0347723012570279,-0
-0.0053772526002869,0.0347691393441144,-0
-0.00535308714746755,0.0347659475298982,-0
-0.00532895690712393,0.0347627264611709,-0
-0.00530486623580914,0.0347594768163019,-0
-0.0052808197085994,0.0347561993075126,-0
-0.00525682213108239,0.0347528946833214,-0
-0.00523287855234915,0.0347495637312216,-0
-0.00520899427864182,0.0347462072805549,-0
-0.00518517488810234,0.0347428262056549,-0
-0.00516142624649757,0.0347394214292563,-0
-0.00513775452398142,0.034735993926193,-0
-0.00511416621326525,0.0347325447274563,-0
-0.00509066814884055,0.034729074924578,-0
-0.00506726752787776,0.0347255856744533,-0
-0.00504397193254384,0.0347220782045862,-0
-0.00502078935412014,0.0347185538188427,-0
-0.00499772821892942,0.0347150139037408,-0
-0.00497479741635091,0.0347114599353543,-0
-0.00495200632909947,0.0347078934868937,-0
-0.004929344571961,0.0347043129897298,-0
-0.00490678936042777,0.0347007148376304,-0
-0.00488433686351353,0.0346970984875347,-0
-0.00486199474180332,0.0346934653148458,-0
-0.00483977110428135,0.0346898167866474,-0
-0.00481767453954386,0.0346861544695726,-0
-0.00479571414960695,0.0346824800384527,-0
-0.00477389958688915,0.0346787952858886,-0
-0.00475224109423948,0.0346751021327782,-0
-0.00473074954869831,0.0346714026399757,-0
-0.0047094365092552,0.0346676990211983,-0
-0.00468831426904594,0.0346639936573368,-0
-0.00466739591246516,0.0346602891123425,-0
-0.00464669537794746,0.0346565881509305,-0
-0.0046262275267705,0.0346528937582807,-0
-0.00460600821889232,0.0346492091620591,-0
-0.00458605439642134,0.0346455378570275,-0
-0.00456638417601355,0.0346418836326685,-0
-0.00454701695085002,0.0346382506041617,-0
-0.00452797350388857,0.0346346432472822,-0
-0.00450948146997805,0.0346311063148834,-0
-0.00449187126447336,0.0346277058502742,-0
-0.00447523199176055,0.0346244614762659,-0
-0.00445950437937961,0.0346213634937327,-0
-0.00444462447533644,0.0346184012993555,-0
-0.00443052314585957,0.0346155631725435,-0
-0.00441712550727822,0.0346128360420143,-0
-0.00440435028437512,0.0346102052301252,-0
-0.00439210908681609,0.0346076541730537,-0
-0.00438030559424081,0.0346051641149565,-0
-0.00436883464046294,0.0346027137745752,-0
-0.00435758118528173,0.034600278982863,-0
-0.00434641916311273,0.0345978322910842,-0
-0.00433521019566022,0.0345953425493916,-0
-0.00432380215640019,0.0345927744573325,-0
-0.00431202757407188,0.0345900880893472,-0
-0.00429970186268368,0.034587238400675,-0
-0.00428662136699446,0.034584174722344,-0
-0.00427256121365035,0.0345808402579383,-0
-0.00425727296224919,0.0345771716004903,-0
-0.00423886969801367,0.0345727022140319,-0
-0.00421442465684822,0.0345667046892737,-0
-0.00418285197964994,0.0345589172135698,-0
-0.0041443901929129,0.0345494270520751,-0
-0.00409932894073853,0.0345383508257143,-0
-0.00404801347480763,0.0345258323567173,-0
-0.00399084895805273,0.0345120398753163,-0
-0.00392830462116624,0.034497162650017,-0
-0.00386091781072117,0.0344814071328122,-0
-0.00378929796751511,0.0344649927390391,-0
-0.00371413057163108,0.0344481474091617,-0
-0.00363618109420842,0.0344311031290678,-0
-0.00355629900176381,0.0344140916165064,-0
-0.00347542188044931,0.0343973404179185,-0
-0.0033945797833707,0.0343810697024675,-0
-0.00331489997195902,0.034365490093211,-0
-0.00323761232897777,0.0343508019414565,-0
-0.00316405588739743,0.034337196536125,-0
-0.00309568716865053,0.0343248598549738,-0
-0.00303409139122299,0.034313979626563,-0
-0.00297872149938649,0.0343043656515674,-0
-0.00292654931151976,0.034295430091735,-0
-0.00287588595069817,0.0342868549730854,-0
-0.0028266173452767,0.034278605764855,-0
-0.00277861375524592,0.0342706475040714,-0
-0.00273172828797121,0.0342629445132516,-0
-0.00268579522899162,0.0342554600947,-0
-0.00264062816145912,0.0342481562056481,-0
-0.00259601784809099,0.0342409931213674,-0
-0.00255172985106198,0.0342339290972383,-0
-0.00250750186951695,0.0342269200460179,-0
-0.00246304078083546,0.0342199192533716,-0
-0.00241801938487646,0.034212877164081,-0
-0.00237207286729361,0.0342057412829908,-0
-0.00232479502641225,0.0341984562501197,-0
-0.00227573434573105,0.0341909641680446,-0
-0.00222439004812769,0.034183205282509,-0
-0.002170208340002,0.0341751191435603,-0
-0.00211257914797613,0.0341666464032198,-0
-0.00205083377108741,0.034157731434098,-0
-0.00198528458036327,0.0341484702594077,-0
-0.00191731115456413,0.0341391023835682,-0
-0.00184749182446635,0.0341297389164097,-0
-0.00177553975893904,0.0341203707856821,-0
-0.00170114953857523,0.0341109936881575,-0
-0.00162399908527119,0.0341016094959197,-0
-0.00154375268839752,0.034092227899319,-0
-0.00146006536229206,0.0340828682743704,-0
-0.0013725887667005,0.0340735617353335,-0
-0.00128097889228404,0.0340643532965078,-0
-0.00118490564683141,0.0340553040210628,-0
-0.00108406436313604,0.0340464929811631,-0
-0.000978189079022118,0.0340380187980525,-0
-0.000867067211512545,0.0340300004821642,-0
-0.000750554972088498,0.0340225772648791,-0
-0.000628592570473528,0.0340159071207482,-0
-0.000501217976827704,0.0340101637376902,-0
-0.000368577813088766,0.0340055318132322,-0
-0.000230933892887136,0.0340022007371393,-0
-8.86640833271459e-05,0.0340003569482163,-0
5.80532275328129e-05,0.0340001773794048,0
0.000209290172368438,0.034001839299751,0
0.000363925227697442,0.0340054961016497,0
0.000520569650625223,0.0340112344088483,0
0.00067782073157794,0.0340190656933888,0
0.00083431362294099,0.0340289266838172,0
0.000988768647563102,0.034040685498347,0
0.00114003020085305,0.034054152470863,0
0.0012870947280307,0.0340690941035557,0
0.00142912683449249,0.0340852483776817,0
0.00156546404724455,0.0341023397713903,0
0.00169561185362248,0.0341200926849166,0
0.00181923129026269,0.0341382424391938,0
0.00193612155269279,0.0341565434812331,0
0.00204619993902713,0.034174774818529,0
0.00214948106057497,0.0341927429765542,0
0.00224605677164772,0.0342102829244399,0
0.00233607779036196,0.0342272574640384,0
0.00241973756043535,0.0342435555555697,0
0.00249725857293119,0.0342590899889505,0
0.00256948003942464,0.0342739196586893,0
0.00263777154083109,0.0342882448158273,0
0.00270288827906817,0.0343021668405487,0
0.00276504386683365,0.0343156859496884,0
0.00282443856006781,0.0343288059665343,0
0.00288125908288591,0.0343415334123778,0
0.00293567879968361,0.0343538767670779,0
0.00298785813147966,0.0343658458749358,0
0.00303794513569582,0.0343774514732396,0
0.00308607618788574,0.0343887048229614,0
0.00313237671902257,0.0343996174234416,0
0.00317696197444825,0.0344102007954359,0
0.00321993776984135,0.0344204663191965,0
0.0032614012274681,0.0344304251165517,0
0.00330144148104419,0.0344400879677275,0
0.00334014034242541,0.0344494652554769,0
0.00337757292583929,0.0344585669303411,0
0.00341380822819927,0.0344674024921841,0
0.00344890966522538,0.0344759809840177,0
0.00348293556463307,0.0344843109950458,0
0.00351607985696751,0.0344924350707046,0
0.00354862985781371,0.0345004198423265,0
0.00358070538164445,0.0345082922500827,0
0.00361230334625046,0.0345160496909717,0
0.00364342147397321,0.0345236898138308,0
0.00367405820033135,0.0345312105022508,0
0.00370421259335557,0.0345386098591978,0
0.00373388428218118,0.0345458861931034,0
0.00376307339379468,0.0345530380052576,0
0.00379178049686213,0.0345600639783315,0
0.00382000655186954,0.0345669629659189,0
0.00384775286668863,0.0345737339829508,0
0.0038750210570496,0.0345803761969128,0
0.00390181301119255,0.0345868889197428,0
0.00392813085834097,0.034593271600365,0
0.00395397694047534,0.0345995238177744,0
0.00397935378702713,0.0346056452746135,0
0.00400426409215577,0.0346116357911894,0
0.00402871069437886,0.0346174952999034,0
0.00405269655817247,0.0346232238400219,0
0.0040761311353948,0.0346287993903453,0
0.00409890540656436,0.0346341957342761,0
0.00412106648299983,0.0346394234149722,0
0.00414274312887354,0.0346445120593424,0
0.00416405420340819,0.0346494889794307,0
0.0041851094378413,0.0346543793079035,0
0.00420601016111086,0.0346592061420804,0
0.00422684997489679,0.0346639906921401,0
0.00424771537916829,0.034668752430097,0
0.00426868635043758,0.0346735092370826,0
0.00428983687472299,0.03467827754701,0
0.00431123543789424,0.0346830724853371,0
0.00433294547591157,0.0346879080020055,0
0.00435502578771163,0.0346927969980104,0
0.00437753091324948,0.0346977514452696,0
0.00440051147932809,0.0347027824996949,0
0.00442401451572692,0.0347079006075166,0
0.00444808374384187,0.0347131156049783,0
0.00447275984027441,0.0347184368116763,0
0.00449808067721945,0.0347238731177732,0
0.00452392606789526,0.0347293999512399,0
0.00455005574483357,0.0347349673722741,0
0.0045763727383432,0.034740555523488,0
0.00460288327227846,0.0347461660872748,0
0.00462959311097789,0.0347518006778295,0
0.00465650758927988,0.034757460848945,0
0.00468363164014579,0.0347631481011967,0
0.0047109698203163,0.0347688638886095,0
0.00473852633387231,0.0347746096247857,0
0.00476630505409389,0.0347803866885811,0
0.00479430954369147,0.0347861964293506,0
0.00482254307352364,0.0347920401717909,0
0.00485100863993069,0.0347979192204136,0
0.00487970898087727,0.0348038348636928,0
0.00490864659085551,0.0348097883778812,0
0.00493782373480673,0.0348157810305535,0
0.00496724246102695,0.0348218140838739,0
0.00499690461318219,0.0348278887976165,0
0.00502681184154441,0.0348340064319663,0
0.00505696561341023,0.0348401682500974,0
0.00508746271285227,0.0348463950048939,0
0.00511842952749685,0.0348527138332265,0
0.00514986404188612,0.0348591263122753,0
0.00518169850622649,0.0348656207971698,0
0.00521386848475135,0.034872186101948,0
0.00524631266063089,0.0348788114387859,0
0.00527897266022953,0.0348854863676972,0
0.00531179289457643,0.0348922007554011,0
0.00534472041570311,0.0348989447421252,0
0.00537770478628788,0.034905708715366,0
0.00541069796088609,0.0349124832896774,0
0.00544365417748968,0.0349192592917182,0
0.00547652985810798,0.0349260277498396,0
0.00550928351746105,0.034932779887621,0
0.00554187567872911,0.0349395071207788,0
0.00557426879564572,0.0349462010569754,0
0.00560642718022441,0.0349528534980925,0
0.00563831693540154,0.0349594564445556,0
0.00566990589216052,0.0349660021013823,0
0.00570116355058581,0.0349724828856225,0
0.00573217167476322,0.0349789143896019,0
0.00576308338253692,0.0349853272985786,0
0.00579394921227373,0.0349917316948978,0
0.00582476035866367,0.0349981256729028,0
0.00585550843766906,0.0350045073742709,0
0.0058861854695364,0.0350108749864931,0
0.00591678386268884,0.0350172267415418,0
0.00594729639845763,0.0350235609147115,0
0.0059777162164877,0.0350298758235869,0
0.00600803680100323,0.0350361698271726,0
0.00603825196762018,0.0350424413251106,0
0.00606835585084576,0.0350486887570103,0
0.00609834289213304,0.0350549106018592,0
0.00612820782850747,0.0350611053775118,0
0.00615794568173727,0.035067271640249,0
0.0061875517478967,0.0350734079843729,0
0.00621702158747521,0.0350795130418654,0
0.00624635101591546,0.0350855854820856,0
0.00627553609448152,0.0350916240114818,0
0.00630457312159782,0.0350976273733475,0
0.00633347897622984,0.0351035985476194,0
0.00636228322570742,0.0351095431713993,0
0.0063909973452843,0.0351154632617383,0
0.00641962332752734,0.0351213589495609,0
0.00644816311201463,0.0351272303621556,0
0.00647661858708486,0.0351330776232252,0
0.00650499159156788,0.0351389008529476,0
0.00653328391635434,0.0351447001680172,0
0.00656149730602504,0.0351504756817128,0
0.00658963346030708,0.0351562275039411,0
0.00661769403557207,0.0351619557413022,0
0.00664568064625162,0.0351676604971478,0
0.00667359486618021,0.0351733418716363,0
0.00670143822993681,0.0351789999617969,0
0.00672921223407314,0.0351846348615809,0
0.00675691833838655,0.0351902466619301,0
0.00678455796708049,0.0351958354508314,0
0.00681213250991544,0.0352014013133774,0
0.00683964332327505,0.0352069443318178,0
0.00686709173130881,0.0352124645856325,0
0.00689448102793958,0.035217962552427,0
0.00692181536867535,0.0352234388887073,0
0.00694909689378736,0.0352288938608354,0
0.00697632687313621,0.035234327570564,0
0.00700350654362703,0.0352397401162258,0
0.00703063711020377,0.0352451315928069,0
0.00705771974689312,0.0352505020920365,0
0.00708475559781689,0.0352558517024741,0
0.0071117457781001,0.0352611805095829,0
0.00713869137481152,0.0352664885958131,0
0.00716559344787172,0.0352717760406835,0
0.00719245303085655,0.035277042920847,0
0.00721927113185873,0.0352822893101717,0
0.00724604873430358,0.0352875152798159,0
0.00727278679765509,0.0352927208982866,0
0.00729948625821854,0.0352979062315191,0
0.00732614802985184,0.0353030713429421,0
0.00735277300460649,0.0353082162935335,0
0.00737936205347104,0.0353133411418969,0
0.00740591602696927,0.0353184459443143,0
0.00743243662356156,0.0353235309207083,0
0.00745892586349725,0.0353285963547337,0
0.00748538489952767,0.0353336423697711,0
0.00751181456594194,0.035338669032661,0
0.00753821567598347,0.0353436764077493,0
0.0075645890224769,0.0353486645569544,0
0.00759093537845074,0.0353536335398359,0
0.0076172554977624,0.0353585834136653,0
0.00764355011558944,0.0353635142334743,0
0.00766981994910526,0.0353684260521389,0
0.00769606569790439,0.0353733189204183,0
0.00772228804458899,0.0353781928870259,0
0.00774848765526573,0.0353830479986852,0
0.00777466517999072,0.0353878843001768,0
0.00780082125328605,0.035392701834401,0
0.00782695649457582,0.0353975006424261,0
0.00785307150861194,0.0354022807635367,0
0.00787916688594464,0.0354070422352903,0
0.0079052432032579,0.0354117850935518,0
0.00793130102384338,0.0354165093725529,0
0.00795734130563254,0.0354212151783381,0
0.00798336510128703,0.0354259026349429,0
0.00800937303461327,0.0354305717917828,0
0.00803536560490018,0.035435222677877,0
0.00806134329989882,0.0354398553208264,0
0.00808730659614464,0.0354444697468525,0
0.00811325595926433,0.0354490659808341,0
0.00813919184429403,0.0354536440463465,0
0.00816511469596155,0.0354582039656951,0
0.00819102494898345,0.0354627457599517,0
0.00821692302834822,0.03546726944899,0
0.00824280934954845,0.035471775051511,0
0.00826868431890174,0.0354762625850864,0
0.0082945483337552,0.0354807320661799,0
0.00832040178274455,0.0354851835101805,0
0.00834624504604232,0.0354896169314333,0
0.0083720784955552,0.0354940323432616,0
0.00839790249519755,0.0354984297580032,0
0.00842371740105349,0.0355028091870276,0
0.00844952356163233,0.0355071706407697,0
0.00847532180453886,0.03551151421031,0
0.00850111299718403,0.0355158399938693,0
0.00852689747399804,0.0355201480028956,0
0.00855267546421944,0.0355244382329844,0
0.00857844719337134,0.0355287106791851,0
0.00860421288336455,0.0355329653360141,0
0.00862997275262257,0.0355372021974707,0
0.00865572701612656,0.0355414212570402,0
0.0086814758855461,0.0355456225077112,0
0.00870721956928356,0.0355498059419784,0
0.00873295827260185,0.0355539715518601,0
0.00875869219766138,0.0355581193288999,0
0.0087844215436489,0.0355622492641836,0
0.00881014650678878,0.0355663613483382,0
0.00883586728048273,0.0355704555715502,0
0.00886158405534191,0.0355745319235674,0
0.0088872970192703,0.0355785903937092,0
0.00891300635752188,0.0355826309708724,0
0.00893871225278994,0.0355866536435419,0
0.00896441488522708,0.0355906583997913,0
0.00899011561069764,0.035594645409165,0
0.00901581576923921,0.0355986148389257,0
0.00904151541243672,0.0356025666630251,0
0.00906721444698361,0.0356065008365776,0
0.00909291278603338,0.0356104173149805,0
0.00911861034907576,0.035614316053897,0
0.00914430706173479,0.0356181970092275,0
0.00917000285567245,0.0356220601370964,0
0.00919569766837239,0.0356259053938218,0
0.00922139144308924,0.0356297327359089,0
0.00924708412860447,0.0356335421200151,0
0.00927277567918581,0.0356373335029454,0
0.00929846605442216,0.0356411068416292,0
0.00932415521907986,0.0356448620931005,0
0.00934984314299764,0.0356485992144829,0
0.0093755298009736,0.0356523181629747,0
0.00940121517264394,0.0356560188958319,0
0.00942689924235973,0.0356597013703512,0
0.00945258199908977,0.0356633655438566,0
0.0094782634363145,0.0356670113736848,0
0.00950394587930519,0.0356706391440595,0
0.00952963155006622,0.0356742491240635,0
0.00955532020775145,0.0356778412475084,0
0.00958101152419362,0.0356814154428583,0
0.00960670518548394,0.0356849716391338,0
0.00963240089158524,0.0356885097658603,0
0.00965809835605639,0.0356920297530322,0
0.00968379730575846,0.0356955315310747,0
0.00970949748049796,0.0356990150307974,0
0.00973519863280124,0.0357024801833658,0
0.00976090052758909,0.0357059269202593,0
0.00978660294192546,0.0357093551732399,0
0.00981230566471258,0.0357127648743135,0
0.0098380084965098,0.0357161559557078,0
0.00986371124917457,0.0357195283498267,0
0.00988941374569978,0.0357228819892311,0
0.00991511581994296,0.0357262168066049,0
0.00994081731639478,0.0357295327347271,0
0.00996651808993463,0.0357328297064413,0
0.00999221800566038,0.0357361076546353,0
0.0100179209416083,0.035739367016463,0
0.0100436302814507,0.0357426081650106,0
0.0100693451998201,0.0357458309617995,0
0.0100950650546157,0.0357490353034631,0
0.010120789229256,0.0357522210871772,0
0.0101465171320532,0.0357553882105822,0
0.0101722481957859,0.0357585365717294,0
0.0101979818770693,0.0357616660690048,0
0.0102237176559678,0.0357647766010824,0
0.0102494550354136,0.0357678680668557,0
0.0102751935407971,0.0357709403653902,0
0.0103009327194878,0.0357739933958676,0
0.010326672140362,0.0357770270575327,0
0.0103524113934304,0.0357800412496519,0
0.0103781500893375,0.0357830358714567,0
0.01040388785901,0.035786010822106,0
0.0104296243532302,0.035788966000639,0
0.0104553592422556,0.0357919013059347,0
0.0104810922154249,0.0357948166366689,0
0.0105068229808071,0.0357977118912774,0
0.0105325566153497,0.0358005875610806,0
0.0105582973644121,0.0358034440411116,0
0.0105840439745305,0.0358062811415572,0
0.0106097958622106,0.0358090987636541,0
0.0106355524688899,0.0358118968085013,0
0.0106613132603445,0.0358146751769924,0
0.0106870777263212,0.0358174337697714,0
0.0107128453799864,0.0358201724871707,0
0.0107386157575218,0.0358228912291658,0
0.0107643884176435,0.0358255898953221,0
0.0107901629411991,0.0358282683847506,0
0.0108159389307257,0.0358309265960604,0
0.0108417160100614,0.0358335644273172,0
0.0108674938239287,0.0358361817759991,0
0.0108932720375658,0.0358387785389578,0
0.0109190503363116,0.0358413546123755,0
0.0109448284252923,0.0358439098917324,0
0.0109706060290126,0.0358464442717642,0
0.0109963828910177,0.0358489576464276,0
0.0110221587735758,0.0358514499088672,0
0.0110479499754234,0.0358539225193606,0
0.0110737667600035,0.0358563763558689,0
0.0110996018622849,0.0358588107188687,0
0.0111254517326408,0.0358612253125419,0
0.011151312956815,0.0358636198382827,0
0.0111771822532138,0.0358659939943445,0
0.0112030564702643,0.0358683474755258,0
0.0112289325839824,0.0358706799729072,0
0.0112548076956678,0.0358729911736273,0
0.0112806790296497,0.0358752807606873,0
0.01130654393124,0.0358775484127975,0
0.0113323998647345,0.035879793804247,0
0.0113582444115253,0.0358820166048001,0
0.0113840752683371,0.0358842164796185,0
0.0114098902454882,0.0358863930891988,0
0.0114356872653372,0.0358885460893352,0
0.0114614643607038,0.0358906751310891,0
0.0114872196734382,0.0358927798607774,0
0.0115129514529997,0.0358948599199665,0
0.0115386580551767,0.0358969149454798,0
0.0115643584771076,0.0358989461703745,0
0.0115900672594754,0.035900954445655,0
0.0116157783480859,0.0359029391100169,0
0.0116414913441987,0.0359049000158401,0
0.0116672058795237,0.0359068370133452,0
0.0116929216157783,0.0359087499505422,0
0.0117186382441733,0.0359106386731745,0
0.0117443554849528,0.0359125030246666,0
0.0117700730869299,0.0359143428460713,0
0.0117957908270535,0.0359161579760193,0
0.0118215085099214,0.0359179482506642,0
0.0118472259674193,0.0359197135036358,0
0.0118729430582409,0.0359214535659857,0
0.0118986596674961,0.0359231682661366,0
0.0119243757063372,0.0359248574298335,0
0.0119500911115148,0.0359265208800891,0
0.0119758058450319,0.0359281584371341,0
0.0120015198937411,0.0359297699183638,0
0.0120272332689811,0.0359313551382855,0
0.0120529460062294,0.0359329139084668,0
0.0120786596653387,0.0359344461250269,0
0.0121043772620814,0.0359359517602601,0
0.0121301004968853,0.0359374307093169,0
0.0121558311862186,0.0359388828823361,0
0.012181571082537,0.0359403081919508,0
0.0122073218751764,0.035941706553383,0
0.0122330851913536,0.0359430778845513,0
0.012258862597078,0.0359444221061833,0
0.0122846555980872,0.0359457391419353,0
0.0123104656408536,0.0359470289185237,0
0.0123362941134858,0.035948291365855,0
0.0123621423467322,0.0359495264171679,0
0.0123880116149066,0.0359507340091748,0
0.0124139031368992,0.0359519140822116,0
0.0124398180770694,0.0359530665803856,0
0.0124657575462626,0.0359541914517313,0
0.012491722602739,0.0359552886483649,0
0.0125177142531219,0.035956358126641,0
0.0125437334533587,0.0359573998473115,0
0.0125697811096616,0.0359584137756839,0
0.0125958525038233,0.035959399678374,0
0.0126219445420919,0.0359603573983402,0
0.0126480597729696,0.0359612869598162,0
0.0126741983869271,0.0359621882793143,0
0.0127003605675233,0.0359630612736338,0
0.0127265464915256,0.0359639058598793,0
0.0127527563290103,0.0359647219554775,0
0.0127789902434849,0.0359655094781948,0
0.012805248391992,0.0359662683461543,0
0.0128315309252481,0.035966998477853,0
0.0128578379876864,0.0359676997921768,0
0.0128841697176299,0.0359683722084182,0
0.0129105262473642,0.0359690156462916,0
0.0129369077032288,0.0359696300259489,0
0.0129633142057489,0.0359702152679952,0
0.0129897458696901,0.0359707712935035,0
0.0130162028042149,0.0359712980240304,0
0.0130426851129156,0.0359717953816296,0
0.0130691928939393,0.0359722632888671,0
0.0130957262400964,0.0359727016688353,0
0.01312228474233,0.035973110438199,0
0.0131488683146411,0.0359734895195845,0
0.0131754773691598,0.0359738388399596,0
0.0132021120229986,0.0359741583206734,0
0.0132287723864433,0.0359744478838857,0
0.0132554585630897,0.0359747074525843,0
0.0132821706499712,0.0359749369506022,0
0.0133089087376226,0.0359751363026344,0
0.0133356729102527,0.0359753054342538,0
0.0133624632458007,0.0359754442719279,0
0.0133892798160615,0.0359755527430344,0
0.0134161226868113,0.0359756307758767,0
0.0134429919178618,0.0359756782996991,0
0.0134698875632081,0.0359756952447018,0
0.0134968096711116,0.0359756815420556,0
0.0135237582841744,0.035975637123916,0
0.013550733439491,0.0359755619234375,0
0.0135777351686788,0.0359754558747873,0
0.0136047634980209,0.0359753189131585,0
0.0136318184485342,0.0359751509747837,0
0.0136588989698357,0.03597495200624,0
0.0136860047568042,0.0359747219503866,0
0.0137131365790943,0.0359744607343516,0
0.0137402944954884,0.0359741682875656,0
0.0137674785579471,0.0359738445408005,0
0.0137946888117452,0.0359734894261844,0
0.0138219252955623,0.0359731028772181,0
0.0138491880416161,0.0359726848287899,0
0.0138764770757576,0.0359722352171905,0
0.0139037924175808,0.0359717539801282,0
0.0139311340805366,0.0359712410567425,0
0.0139585020720311,0.0359706963876186,0
0.0139858963935376,0.0359701199148007,0
0.0140133170406776,0.0359695115818062,0
0.0140407640033621,0.0359688713336372,0
0.0140682372658354,0.0359681991167952,0
0.0140957368068261,0.0359674948792917,0
0.014123262599606,0.0359667585706614,0
0.014150814612093,0.0359659901419741,0
0.0141783928069651,0.0359651895458451,0
0.0142059944518069,0.035964356821263,0
0.014233619117545,0.035963491940061,0
0.014261269036233,0.0359625947714678,0
0.0142889443344583,0.0359616652405983,0
0.0143166451235687,0.0359607032764599,0
0.0143443714998716,0.0359597088119847,0
0.0143721235449241,0.0359586817840586,0
0.0143999013257651,0.0359576221335522,0
0.0144277048951692,0.0359565298053487,0
0.0144555342918712,0.0359554047483738,0
0.0144833895408503,0.0359542469156211,0
0.0145112706535243,0.0359530562641812,0
0.0145391776280026,0.0359518327552672,0
0.0145671104493494,0.0359505763542384,0
0.0145950690897557,0.0359492870306282,0
0.0146230535088174,0.0359479647581653,0
0.0146510636537524,0.0359466095147971,0
0.01467909945959,0.0359452212827138,0
0.0147071608494448,0.0359438000483668,0
0.0147352477346895,0.0359423458024919,0
0.0147633572399113,0.0359408586906652,0
0.014791488528551,0.0359393387560903,0
0.0148196436783298,0.0359377858667502,0
0.0148478225852617,0.0359361999969019,0
0.0148760251425192,0.0359345811221514,0
0.0149042512405126,0.0359329292194566,0
0.014932500766879,0.0359312442671347,0
0.0149607736065825,0.0359295262448631,0
0.0149890696419473,0.035927775133684,0
0.0150173887526872,0.0359259909160089,0
0.0150457308159844,0.03592417357562,0
0.0150740957065019,0.035922323097676,0
0.0151024832964516,0.035920439468713,0
0.0151308934556273,0.0359185226766485,0
0.0151593260514495,0.0359165727107844,0
0.0151877809490192,0.0359145895618084,0
0.0152162580111371,0.0359125732217982,0
0.0152447570983667,0.0359105236842228,0
0.0152732780690686,0.0359084409439445,0
0.0153018207794378,0.0359063249972218,0
0.0153303856401723,0.0359041757991037,0
0.015358972171522,0.0359019933736863,0
0.0153875794884255,0.0358997777823564,0
0.0154162073957509,0.0358975290355153,0
0.0154448557072672,0.035895247140855,0
0.0154735242454952,0.0358929321033483,0
0.015502212841555,0.0358905839252402,0
0.0155309213350372,0.0358882026060377,0
0.0155596495738642,0.0358857881425016,0
0.0155883974141259,0.0358833405286406,0
0.0156171647199915,0.0358808597556995,0
0.0156459513635434,0.0358783458121553,0
0.0156747572246587,0.035875798683709,0
0.0157035821908999,0.0358732183532769,0
0.0157324261573694,0.035870604800987,0
0.015761289026602,0.0358679580041707,0
0.0157901707084502,0.0358652779373568,0
0.0158190711199467,0.0358625645722674,0
0.0158479901852436,0.0358598178778074,0
0.0158769278354302,0.0358570378200661,0
0.0159058866033189,0.0358542241068504,0
0.015934866358904,0.0358513767027079,0
0.015963864359899,0.0358484958491305,0
0.0159928804934575,0.0358455815402104,0
0.0160219146547789,0.0358426337668816,0
0.0160509667470248,0.0358396525169098,0
0.0160800366811578,0.035836637774891,0
0.0161091243758349,0.0358335895222452,0
0.016138229757292,0.0358305077372112,0
0.0161673527592082,0.0358273923948439,0
0.0161964933226136,0.0358242434670078,0
0.0162256513957497,0.0358210609223754,0
0.0162548269339839,0.0358178447264204,0
0.0162840198996728,0.0358145948414171,0
0.0163132302620958,0.0358113112264317,0
0.0163424579972895,0.0358079938373255,0
0.016371703088019,0.0358046426267429,0
0.0164009655236029,0.0358012575441162,0
0.0164302452998737,0.0357978385356549,0
0.0164595424190437,0.0357943855443468,0
0.0164888598370559,0.0357908981555702,0
0.0165181972211018,0.0357873763441334,0
0.016547551281868,0.0357838204639329,0
0.0165769219766711,0.03578023049186,0
0.0166063092707373,0.0357766064010127,0
0.0166357131370568,0.0357729481606959,0
0.0166651335562951,0.0357692557364146,0
0.01669457051665,0.0357655290898751,0
0.0167240240137609,0.0357617681789792,0
0.016753494050567,0.0357579729578253,0
0.0167829806372259,0.0357541433767025,0
0.0168124837909964,0.035750279382089,0
0.0168420035361241,0.0357463809166506,0
0.0168715399037419,0.035742447919238,0
0.01690109293178,0.0357384803248817,0
0.0169306626648453,0.0357344780647929,0
0.0169602491541267,0.0357304410663597,0
0.0169898524573232,0.0357263692531413,0
0.0170194726385194,0.0357222625448685,0
0.0170491097680915,0.0357181208574415,0
0.0170787674736503,0.0357139435981743,0
0.0171084451053277,0.0357097307752679,0
0.017138138466502,0.0357054829310857,0
0.0171678475839453,0.0357012000242972,0
0.0171975724928281,0.0356968820088115,0
0.0172273132365456,0.0356925288337829,0
0.0172570698666579,0.0356881404436005,0
0.0172868424427053,0.035683716777896,0
0.0173166310321305,0.035679257771536,0
0.0173464357101407,0.035674763354624,0
0.0173762565596114,0.035670233452495,0
0.017406093670957,0.035665667985717,0
0.0174359471420156,0.0356610668700892,0
0.0174658170779664,0.0356564300166357,0
0.0174957035911931,0.0356517573316077,0
0.0175256068012016,0.0356470487164775,0
0.0175555268345105,0.0356423040679364,0
0.0175854638245247,0.0356375232778955,0
0.0176154179114846,0.035632706233475,0
0.0176453892423339,0.0356278528170055,0
0.0176753825177274,0.0356229621585875,0
0.0177053965571475,0.035618034345939,0
0.0177354256626112,0.0356130702500364,0
0.0177654699450152,0.0356080698091441,0
0.0177955295249582,0.0356030329551785,0
0.0178256045326079,0.0355979596137061,0
0.0178556951075433,0.0355928497039462,0
0.0178858013986278,0.0355877031387678,0
0.0179159235638512,0.0355825198246929,0
0.0179460617702308,0.0355772996618887,0
0.0179762161936295,0.0355720425441751,0
0.0180063870186751,0.0355667483590138,0
0.0180365744385973,0.0355614169875125,0
0.0180667786551242,0.0355560483044184,0
0.0180969998783379,0.0355506421781183,0
0.0181272383265817,0.0355451984706304,0
0.0181574942263121,0.0355397170376051,0
0.0181877678120064,0.0355341977283158,0
0.0182180593260252,0.0355286403856584,0
0.0182483690185254,0.03552304484614,0
0.0182786992529565,0.0355174105458718,0
0.0183090502477774,0.0355117373138816,0
0.0183394194917636,0.0355060255060184,0
0.0183698068254931,0.0355002750522467,0
0.0184002120822895,0.0354944858874309,0
0.0184306350883442,0.0354886579513335,0
0.0184610756627939,0.0354827911886226,0
0.0184915336178259,0.0354768855488728,0
0.0185220087587871,0.0354709409865655,0
0.0185525008842495,0.0354649574610967,0
0.0185830097861492,0.0354589349367709,0
0.018613535249851,0.0354528733828083,0
0.0186440770542518,0.0354467727733442,0
0.0186746349718878,0.0354406330874277,0
0.0187052087690215,0.035434454309023,0
0.018735798205732,0.0354282364270103,0
0.0187664030360352,0.0354219794351802,0
0.0187970230079271,0.0354156833322427,0
0.0188276578635468,0.0354093481218117,0
0.0188583073392076,0.0354029738124156,0
0.018888967821217,0.0353965611215674,0
0.0189196407208756,0.0353901097165367,0
0.018950330622183,0.0353836185640603,0
0.0189810371620225,0.0353770876569243,0
0.0190117599668246,0.0353705169964749,0
0.0190424986527226,0.0353639065926185,0
0.019073252825706,0.0353572564638225,0
0.0191040220817928,0.03535056663711,0
0.0191348060071569,0.0353438371480636,0
0.0191656041783171,0.0353370680408142,0
0.0191964161622788,0.0353302593680401,0
0.0192272415166821,0.0353234111909622,0
0.0192580797899823,0.0353165235793316,0
0.0192889305215812,0.0353095966114269,0
0.0193197932419969,0.0353026303740415,0
0.0193506674730287,0.0352956249624706,0
0.019381552727865,0.0352885804805102,0
0.0194124485113258,0.0352814970404238,0
0.0194433543199011,0.0352743747629551,0
0.019474269642013,0.0352672137772869,0
0.0195051917607708,0.0352600147356259,0
0.019536120751273,0.0352527776461318,0
0.0195670594628191,0.0352455018494035,0
0.0195980078353435,0.0352381873540808,0
0.0196289658107788,0.0352308341675293,0
0.0196599333330215,0.0352234422958435,0
0.0196909103478871,0.0352160117438527,0
0.0197218968031146,0.035208542515115,0
0.0197528926482949,0.0352010346119302,0
0.0197838978348779,0.035193488035333,0
0.019814912316129,0.0351859027850992,0
0.0198459360470968,0.0351782788597489,0
0.0198769689845965,0.0351706162565467,0
0.0199080110871792,0.0351629149715041,0
0.0199390623150989,0.035155174999384,0
0.0199701226303106,0.0351473963336964,0
0.0200011919963977,0.0351395789667131,0
0.0200322703785976,0.0351317228894563,0
0.0200633577437513,0.0351238280917076,0
0.020094454060274,0.0351158945620116,0
0.0201255600168648,0.035107922102487,0
0.0201566751442127,0.0350999108120261,0
0.0201877982567498,0.035091860981638,0
0.0202189293226983,0.0350837726089293,0
0.020250068312028,0.0350756456901319,0
0.0202812151964208,0.0350674802201082,0
0.0203123699492558,0.0350592761923505,0
0.0203435325455837,0.035051033598984,0
0.0203747029620825,0.0350427524307742,0
0.0204058811770698,0.0350344326771194,0
0.0204370671704318,0.0350260743260658,0
0.020468260923631,0.0350176773643017,0
0.0204994624196798,0.0350092417771602,0
0.0205306716430878,0.0350007675486301,0
0.0205618885798836,0.0349922546613458,0
0.0205931132175513,0.0349837030966009,0
0.0206243455450343,0.0349751128343434,0
0.0206555855526869,0.0349664838531856,0
0.0206868332322898,0.0349578161303957,0
0.0207180885769745,0.0349491096419154,0
0.0207493523904034,0.0349403641349025,0
0.0207806241054095,0.0349315797400978,0
0.0208119023524184,0.0349227568226588,0
0.0208431871275632,0.0349138953683308,0
0.020874478428609,0.0349049953613092,0
0.020905776254854,0.0348960567842638,0
0.0209370806071956,0.0348870796183156,0
0.0209683914880507,0.0348780638430563,0
0.0209997089013437,0.0348690094365471,0
0.0210310328524854,0.0348599163753218,0
0.0210623633483607,0.0348507846343858,0
0.021093700397264,0.0348416141872317,0
0.0211250440089393,0.0348324050058235,0
0.0211563941945018,0.0348231570606159,0
0.0211877509664309,0.0348138703205528,0
0.0212191143385806,0.0348045447530605,0
0.0212504843261025,0.034795180324067,0
0.0212818609454687,0.0347857769979911,0
0.0213132442144189,0.0347763347377555,0
0.0213446341519806,0.0347668535047763,0
0.0213760317345816,0.0347573329677392,0
0.0214074362409669,0.034747773310429,0
0.0214388460067164,0.0347381750148419,0
0.0214702610590733,0.0347285380531551,0
0.0215016814268459,0.0347188623957338,0
0.0215331071403697,0.034709148011138,0
0.02156453823152,0.0346993948661152,0
0.0215959747336356,0.0346896029256194,0
0.021627416681543,0.0346797721528001,0
0.0216588641115001,0.0346699025090155,0
0.0216903170611828,0.0346599939538328,0
0.0217217755696694,0.0346500464450292,0
0.0217532396773919,0.0346400599386035,0
0.0217847094261435,0.0346300343887692,0
0.0218161848590414,0.0346199697479632,0
0.0218476660204842,0.0346098659668548,0
0.0218791529561847,0.0345997229943317,0
0.0219106457130684,0.0345895407775284,0
0.0219421443393333,0.0345793192618033,0
0.021973648884368,0.0345690583907612,0
0.0220051605855984,0.0345587577166584,0
0.022036678477994,0.034548417512328,0
0.0220682004332518,0.0345380384466451,0
0.022099726518357,0.0345276204748352,0
0.0221312568019546,0.0345171635498661,0
0.0221627913542586,0.0345066676224734,0
0.0221943302470797,0.0344961326411467,0
0.0222258735537615,0.034485558552146,0
0.0222574213491745,0.0344749452994998,0
0.0222889737096724,0.0344642928250146,0
0.022320530713083,0.0344536010682737,0
0.022352092438665,0.0344428699666469,0
0.0223836589671014,0.0344320994552887,0
0.0224152303804502,0.0344212894671501,0
0.0224468067621401,0.0344104399329752,0
0.022478388196931,0.0343995507813108,0
0.0225099747708999,0.0343886219385061,0
0.0225415665714039,0.0343776533287209,0
0.0225731636870826,0.0343666448739202,0
0.0226047662077794,0.0343555964938969,0
0.0226363757849269,0.0343445075567004,0
0.0226679910495091,0.0343333784911332,0
0.0226996091158557,0.0343222102797009,0
0.0227312301103298,0.0343110028535409,0
0.0227628541611402,0.0342997561407976,0
0.0227944813983017,0.0342884700666308,0
0.0228261119535929,0.0342771445532252,0
0.0228577459605454,0.0342657795197884,0
0.0228893835543767,0.0342543748825697,0
0.0229210248719998,0.03424293055485,0
0.0229526700519557,0.0342314464469611,0
0.0229843192344019,0.0342199224662836,0
0.0230159725610733,0.0342083585172553,0
0.0230476301752576,0.034196754501374,0
0.0230792922217486,0.0341851103172089,0
0.0231109588468423,0.0341734258603955,0
0.0231426301982761,0.034161701023652,0
0.0231743064252369,0.0341499356967701,0
0.023205987678284,0.0341381297666372,0
0.0232376741093617,0.0341262831172257,0
0.0232693681020752,0.0341143947898651,0
0.023301067540417,0.0341024655158469,0
0.0233327681693971,0.0340904968611347,0
0.0233644702239408,0.0340784887151559,0
0.023396173941303,0.0340664409628958,0
0.0234278795610533,0.0340543534848961,0
0.0234595873249947,0.0340422261572774,0
0.0234912974771519,0.034030058851736,0
0.0235230102637018,0.0340178514355624,0
0.023554725932951,0.0340056037716417,0
0.0235864447352705,0.0339933157184699,0
0.0236181669230663,0.033980987130157,0
0.0236498927507315,0.0339686178564369,0
0.0236816224746046,0.0339562077426739,0
0.023713356352933,0.0339437566298687,0
0.0237450946458211,0.0339312643546685,0
0.0237768376152029,0.0339187307493686,0
0.0238085855247789,0.0339061556419279,0
0.0238403386400074,0.0338935388559615,0
0.0238720972280382,0.0338808802107574,0
0.023903865341227,0.0338681780030054,0
0.0239356390562209,0.0338554337233341,0
0.0239674109320418,0.0338426503264484,0
0.0239991814942536,0.033829827594371,0
0.0240309512722896,0.0338169653006496,0
0.0240627207993233,0.0338040632103971,0
0.0240944906122377,0.0337911210802914,0
0.0241262612515105,0.0337781386586086,0
0.0241580332611343,0.0337651156852418,0
0.0241898071885775,0.0337520518917015,0
0.0242215835846416,0.0337389470011594,0
0.0242533630034447,0.0337258007284377,0
0.0242851460023202,0.0337126127800348,0
0.0243169331417375,0.033699382854139,0
0.024348724985244,0.0336861106406342,0
0.0243805220993804,0.0336727958211158,0
0.0244123250536112,0.0336594380688982,0
0.0244441344202596,0.0336460370490218,0
0.0244759507744354,0.0336325924182599,0
0.0245077746939461,0.0336191038251341,0
0.0245396119613248,0.033605568690628,0
0.0245714574017097,0.0335919890986012,0
0.0246033003939802,0.0335783695303164,0
0.0246351412448277,0.0335647098436012,0
0.0246669802630487,0.0335510098911008,0
0.0246988177594764,0.0335372695202996,0
0.0247306540469594,0.0335234885735232,0
0.024762489440283,0.0335096668879638,0
0.0247943242561459,0.0334958042956829,0
0.0248261588131005,0.0334819006236283,0
0.0248579934315099,0.0334679556936443,0
0.024889828433499,0.0334539693224843,0
0.0249216641429301,0.0334399413218117,0
0.0249535008853065,0.0334258714982336,0
0.0249853389877997,0.0334117596532785,0
0.0250171787791375,0.0333976055834359,0
0.0250490205896035,0.033383409080146,0
0.0250808647509798,0.0333691699298149,0
0.0251127115965044,0.0333548879138225,0
0.025144561460821,0.0333405628085337,0
0.0251858693970442,0.0333219214688013,0
