-0.024149,0.02826,-0
-0.024142,0.028266,-0
-0.024131,0.028274,-0
-0.024124,0.028279,-0
-0.024116,0.028285,-0
-0.024105,0.028293,-0
-0.024098,0.028298,-0
-0.02409,0.028304,-0
-0.024082,0.02831,-0
-0.024072,0.028318,-0
-0.024064,0.028323,-0
-0.024056,0.028329,-0
-0.024046,0.028337,-0
-0.024038,0.028342,-0
-0.02403,0.028348,-0
-0.02402,0.028356,-0
-0.024012,0.028361,-0
-0.024004,0.028367,-0
-0.023996,0.028373,-0
-0.023986,0.02838,-0
-0.023978,0.028386,-0
-0.02397,0.028392,-0
-0.02396,0.028399,-0
-0.023952,0.028405,-0
-0.023944,0.028411,-0
-0.023934,0.028418,-0
-0.023926,0.028424,-0
-0.023918,0.02843,-0
-0.02391,0.028435,-0
-0.0239,0.028443,-0
-0.023892,0.028448,-0
-0.023884,0.028454,-0
-0.023874,0.028462,-0
-0.023866,0.028467,-0
-0.023858,0.028473,-0
-0.023848,0.028481,-0
-0.02384,0.028486,-0
-0.023832,0.028492,-0
-0.023824,0.028498,-0
-0.023814,0.028505,-0
-0.023806,0.028511,-0
-0.023798,0.028516,-0
-0.023788,0.028524,-0
-0.02378,0.028529,-0
-0.023772,0.028535,-0
-0.023762,0.028543,-0
-0.023754,0.028548,-0
-0.023746,0.028554,-0
-0.023738,0.028559,-0
-0.023728,0.028567,-0
-0.02372,0.028573,-0
-0.023712,0.028578,-0
-0.023702,0.028586,-0
-0.023694,0.028591,-0
-0.023686,0.028597,-0
-0.023675,0.028604,-0
-0.023668,0.02861,-0
-0.02366,0.028616,-0
-0.023652,0.028621,-0
-0.023641,0.028629,-0
-0.023634,0.028634,-0
-0.023626,0.02864,-0
-0.023615,0.028647,-0
-0.023607,0.028653,-0
-0.023599,0.028658,-0
-0.023589,0.028666,-0
-0.023581,0.028671,-0
-0.023573,0.028677,-0
-0.023565,0.028683,-0
-0.023555,0.02869,-0
-0.023547,0.028696,-0
-0.023539,0.028701,-0
-0.023529,0.028708,-0
-0.023521,0.028714,-0
-0.023513,0.02872,-0
-0.023502,0.028727,-0
-0.023494,0.028733,-0
-0.023487,0.028738,-0
-0.023479,0.028744,-0
-0.023468,0.028751,-0
-0.02346,0.028757,-0
-0.023452,0.028762,-0
-0.023442,0.028769,-0
-0.023434,0.028775,-0
-0.023426,0.028781,-0
-0.023415,0.028788,-0
-0.023408,0.028793,-0
-0.0234,0.028799,-0
-0.023392,0.028804,-0
-0.023381,0.028812,-0
-0.023373,0.028817,-0
-0.023365,0.028823,-0
-0.023355,0.02883,-0
-0.023347,0.028836,-0
-0.023339,0.028841,-0
-0.023329,0.028848,-0
-0.023321,0.028854,-0
-0.023313,0.028859,-0
-0.023305,0.028865,-0
-0.023294,0.028872,-0
-0.023286,0.028878,-0
-0.023278,0.028883,-0
-0.023268,0.028891,-0
-0.02326,0.028896,-0
-0.023252,0.028902,-0
-0.023241,0.028909,-0
-0.023233,0.028914,-0
-0.023226,0.02892,-0
-0.023218,0.028925,-0
-0.023207,0.028933,-0
-0.023199,0.028938,-0
-0.023191,0.028943,-0
-0.023181,0.028951,-0
-0.023173,0.028956,-0
-0.023165,0.028962,-0
-0.023154,0.028969,-0
-0.023146,0.028974,-0
-0.023138,0.02898,-0
-0.02313,0.028985,-0
-0.02312,0.028992,-0
-0.023112,0.028998,-0
-0.023104,0.029003,-0
-0.023093,0.029011,-0
-0.023085,0.029016,-0
-0.023077,0.029021,-0
-0.023067,0.029029,-0
-0.023059,0.029034,-0
-0.023051,0.029039,-0
-0.023043,0.029045,-0
-0.023032,0.029052,-0
-0.023024,0.029057,-0
-0.023016,0.029063,-0
-0.023006,0.02907,-0
-0.022998,0.029075,-0
-0.02299,0.029081,-0
-0.022979,0.029088,-0
-0.022971,0.029093,-0
-0.022963,0.029099,-0
-0.022955,0.029104,-0
-0.022944,0.029111,-0
-0.022936,0.029117,-0
-0.022928,0.029122,-0
-0.022918,0.029129,-0
-0.02291,0.029135,-0
-0.022902,0.02914,-0
-0.022891,0.029147,-0
-0.022883,0.029153,-0
-0.022875,0.029158,-0
-0.022867,0.029163,-0
-0.022857,0.02917,-0
-0.022849,0.029176,-0
-0.022841,0.029181,-0
-0.02283,0.029188,-0
-0.022822,0.029194,-0
-0.022814,0.029199,-0
-0.022803,0.029206,-0
-0.022795,0.029211,-0
-0.022787,0.029217,-0
-0.022779,0.029222,-0
-0.022769,0.029229,-0
-0.022761,0.029235,-0
-0.022753,0.02924,-0
-0.022742,0.029247,-0
-0.022734,0.029252,-0
-0.022726,0.029258,-0
-0.022715,0.029265,-0
-0.022707,0.02927,-0
-0.022699,0.029275,-0
-0.022691,0.029281,-0
-0.02268,0.029288,-0
-0.022672,0.029293,-0
-0.022664,0.029298,-0
-0.022654,0.029305,-0
-0.022646,0.029311,-0
-0.022638,0.029316,-0
-0.022627,0.029323,-0
-0.022619,0.029328,-0
-0.022611,0.029334,-0
-0.022603,0.029339,-0
-0.022592,0.029346,-0
-0.022584,0.029351,-0
-0.022576,0.029356,-0
-0.022565,0.029363,-0
-0.022557,0.029369,-0
-0.022549,0.029374,-0
-0.022538,0.029381,-0
-0.02253,0.029386,-0
-0.022522,0.029391,-0
-0.022514,0.029397,-0
-0.022504,0.029404,-0
-0.022496,0.029409,-0
-0.022487,0.029414,-0
-0.022477,0.029421,-0
-0.022469,0.029426,-0
-0.022461,0.029432,-0
-0.02245,0.029439,-0
-0.022442,0.029444,-0
-0.022434,0.029449,-0
-0.022426,0.029454,-0
-0.022415,0.029461,-0
-0.022407,0.029467,-0
-0.022399,0.029472,-0
-0.022388,0.029479,-0
-0.02238,0.029484,-0
-0.022372,0.029489,-0
-0.022361,0.029496,-0
-0.022353,0.029501,-0
-0.022345,0.029507,-0
-0.022337,0.029512,-0
-0.022326,0.029519,-0
-0.022318,0.029524,-0
-0.02231,0.029529,-0
-0.022299,0.029536,-0
-0.022291,0.029541,-0
-0.022283,0.029546,-0
-0.022272,0.029553,-0
-0.022264,0.029558,-0
-0.022256,0.029564,-0
-0.022248,0.029569,-0
-0.022237,0.029576,-0
-0.022229,0.029581,-0
-0.022221,0.029586,-0
-0.02221,0.029593,-0
-0.022202,0.029598,-0
-0.022194,0.029603,-0
-0.022183,0.02961,-0
-0.022175,0.029615,-0
-0.022167,0.02962,-0
-0.022159,0.029626,-0
-0.022148,0.029632,-0
-0.02214,0.029638,-0
-0.022132,0.029643,-0
-0.022121,0.02965,-0
-0.022113,0.029655,-0
-0.022105,0.02966,-0
-0.022094,0.029667,-0
-0.022086,0.029672,-0
-0.022078,0.029677,-0
-0.02207,0.029682,-0
-0.022059,0.029689,-0
-0.022051,0.029694,-0
-0.022043,0.029699,-0
-0.022032,0.029706,-0
-0.022024,0.029711,-0
-0.022016,0.029716,-0
-0.022005,0.029723,-0
-0.021997,0.029728,-0
-0.021989,0.029733,-0
-0.02198,0.029738,-0
-0.02197,0.029745,-0
-0.021961,0.02975,-0
-0.021953,0.029755,-0
-0.021942,0.029762,-0
-0.021934,0.029767,-0
-0.021926,0.029772,-0
-0.021915,0.029779,-0
-0.021907,0.029784,-0
-0.021899,0.029789,-0
-0.021891,0.029794,-0
-0.02188,0.029801,-0
-0.021872,0.029806,-0
-0.021864,0.029811,-0
-0.021853,0.029818,-0
-0.021845,0.029823,-0
-0.021837,0.029828,-0
-0.021826,0.029835,-0
-0.021818,0.02984,-0
-0.021809,0.029845,-0
-0.021801,0.02985,-0
-0.02179,0.029856,-0
-0.021782,0.029861,-0
-0.021774,0.029866,-0
-0.021763,0.029873,-0
-0.021755,0.029878,-0
-0.021747,0.029883,-0
-0.021736,0.02989,-0
-0.021728,0.029895,-0
-0.02172,0.0299,-0
-0.021711,0.029905,-0
-0.021701,0.029912,-0
-0.021692,0.029917,-0
-0.021684,0.029922,-0
-0.021673,0.029928,-0
-0.021665,0.029933,-0
-0.021657,0.029938,-0
-0.021646,0.029945,-0
-0.021638,0.02995,-0
-0.02163,0.029955,-0
-0.021621,0.02996,-0
-0.021611,0.029967,-0
-0.021602,0.029972,-0
-0.021594,0.029977,-0
-0.021583,0.029983,-0
-0.021575,0.029988,-0
-0.021567,0.029993,-0
-0.021556,0.03,-0
-0.021548,0.030005,-0
-0.02154,0.03001,-0
-0.021531,0.030015,-0
-0.02152,0.030021,-0
-0.021512,0.030026,-0
-0.021504,0.030031,-0
-0.021493,0.030038,-0
-0.021485,0.030043,-0
-0.021477,0.030048,-0
-0.021466,0.030054,-0
-0.021458,0.030059,-0
-0.021449,0.030064,-0
-0.021441,0.030069,-0
-0.02143,0.030076,-0
-0.021422,0.030081,-0
-0.021414,0.030085,-0
-0.021403,0.030092,-0
-0.021395,0.030097,-0
-0.021386,0.030102,-0
-0.021375,0.030108,-0
-0.021367,0.030113,-0
-0.021359,0.030118,-0
-0.021351,0.030123,-0
-0.02134,0.03013,-0
-0.021332,0.030135,-0
-0.021323,0.030139,-0
-0.021312,0.030146,-0
-0.021304,0.030151,-0
-0.021296,0.030156,-0
-0.021285,0.030162,-0
-0.021277,0.030167,-0
-0.021269,0.030172,-0
-0.02126,0.030177,-0
-0.021249,0.030183,-0
-0.021241,0.030188,-0
-0.021233,0.030193,-0
-0.021222,0.0302,-0
-0.021214,0.030205,-0
-0.021205,0.030209,-0
-0.021194,0.030216,-0
-0.021186,0.030221,-0
-0.021178,0.030226,-0
-0.02117,0.03023,-0
-0.021159,0.030237,-0
-0.02115,0.030242,-0
-0.021142,0.030247,-0
-0.021131,0.030253,-0
-0.021123,0.030258,-0
-0.021115,0.030263,-0
-0.021104,0.030269,-0
-0.021095,0.030274,-0
-0.021087,0.030279,-0
-0.021079,0.030284,-0
-0.021068,0.03029,-0
-0.02106,0.030295,-0
-0.021051,0.0303,-0
-0.02104,0.030306,-0
-0.021032,0.030311,-0
-0.021024,0.030316,-0
-0.021013,0.030322,-0
-0.021005,0.030327,-0
-0.020996,0.030332,-0
-0.020988,0.030337,-0
-0.020977,0.030343,-0
-0.020969,0.030348,-0
-0.02096,0.030353,-0
-0.020949,0.030359,-0
-0.020941,0.030364,-0
-0.020933,0.030369,-0
-0.020922,0.030375,-0
-0.020914,0.03038,-0
-0.020905,0.030384,-0
-0.020897,0.030389,-0
-0.020886,0.030396,-0
-0.020878,0.0304,-0
-0.020869,0.030405,-0
-0.020858,0.030411,-0
-0.02085,0.030416,-0
-0.020842,0.030421,-0
-0.020831,0.030427,-0
-0.020822,0.030432,-0
-0.020814,0.030437,-0
-0.020806,0.030442,-0
-0.020795,0.030448,-0
-0.020786,0.030453,-0
-0.020778,0.030457,-0
-0.020767,0.030464,-0
-0.020759,0.030468,-0
-0.02075,0.030473,-0
-0.020739,0.030479,-0
-0.020731,0.030484,-0
-0.020723,0.030489,-0
-0.020714,0.030494,-0
-0.020703,0.0305,-0
-0.020695,0.030505,-0
-0.020687,0.030509,-0
-0.020676,0.030516,-0
-0.020667,0.03052,-0
-0.020659,0.030525,-0
-0.020648,0.030531,-0
-0.02064,0.030536,-0
-0.020631,0.030541,-0
-0.020623,0.030545,-0
-0.020612,0.030552,-0
-0.020604,0.030556,-0
-0.020595,0.030561,-0
-0.020584,0.030567,-0
-0.020576,0.030572,-0
-0.020568,0.030576,-0
-0.020556,0.030583,-0
-0.020548,0.030587,-0
-0.02054,0.030592,-0
-0.020531,0.030597,-0
-0.02052,0.030603,-0
-0.020512,0.030608,-0
-0.020504,0.030612,-0
-0.020493,0.030618,-0
-0.020484,0.030623,-0
-0.020476,0.030628,-0
-0.020465,0.030634,-0
-0.020456,0.030639,-0
-0.020448,0.030643,-0
-0.02044,0.030648,-0
-0.020429,0.030654,-0
-0.02042,0.030659,-0
-0.020412,0.030663,-0
-0.020401,0.030669,-0
-0.020392,0.030674,-0
-0.020384,0.030679,-0
-0.020373,0.030685,-0
-0.020365,0.030689,-0
-0.020356,0.030694,-0
-0.020348,0.030699,-0
-0.020337,0.030705,-0
-0.020328,0.030709,-0
-0.02032,0.030714,-0
-0.020309,0.03072,-0
-0.020301,0.030725,-0
-0.020292,0.030729,-0
-0.020281,0.030735,-0
-0.020273,0.03074,-0
-0.020264,0.030745,-0
-0.020256,0.030749,-0
-0.020245,0.030755,-0
-0.020236,0.03076,-0
-0.020228,0.030764,-0
-0.020217,0.03077,-0
-0.020209,0.030775,-0
-0.0202,0.03078,-0
-0.020189,0.030786,-0
-0.020181,0.03079,-0
-0.020172,0.030795,-0
-0.020164,0.030799,-0
-0.020153,0.030805,-0
-0.020144,0.03081,-0
-0.020136,0.030815,-0
-0.020125,0.030821,-0
-0.020116,0.030825,-0
-0.020108,0.03083,-0
-0.020097,0.030836,-0
-0.020088,0.03084,-0
-0.02008,0.030845,-0
-0.020072,0.030849,-0
-0.02006,0.030855,-0
-0.020052,0.03086,-0
-0.020044,0.030864,-0
-0.020032,0.03087,-0
-0.020024,0.030875,-0
-0.020016,0.030879,-0
-0.020005,0.030885,-0
-0.019996,0.03089,-0
-0.019988,0.030894,-0
-0.019979,0.030899,-0
-0.019968,0.030905,-0
-0.01996,0.030909,-0
-0.019951,0.030914,-0
-0.01994,0.03092,-0
-0.019932,0.030924,-0
-0.019923,0.030929,-0
-0.019912,0.030935,-0
-0.019904,0.030939,-0
-0.019895,0.030944,-0
-0.019887,0.030948,-0
-0.019876,0.030954,-0
-0.019867,0.030959,-0
-0.019859,0.030963,-0
-0.019848,0.030969,-0
-0.019839,0.030973,-0
-0.019831,0.030978,-0
-0.01982,0.030984,-0
-0.019811,0.030988,-0
-0.019803,0.030993,-0
-0.019794,0.030997,-0
-0.019783,0.031003,-0
-0.019775,0.031008,-0
-0.019766,0.031012,-0
-0.019755,0.031018,-0
-0.019747,0.031022,-0
-0.019738,0.031027,-0
-0.019727,0.031033,-0
-0.019718,0.031037,-0
-0.01971,0.031042,-0
-0.019702,0.031046,-0
-0.01969,0.031052,-0
-0.019682,0.031056,-0
-0.019673,0.031061,-0
-0.019662,0.031066,-0
-0.019654,0.031071,-0
-0.019645,0.031075,-0
-0.019634,0.031081,-0
-0.019626,0.031086,-0
-0.019617,0.03109,-0
-0.019609,0.031094,-0
-0.019598,0.0311,-0
-0.019589,0.031105,-0
-0.019581,0.031109,-0
-0.019569,0.031115,-0
-0.019561,0.031119,-0
-0.019552,0.031124,-0
-0.019541,0.031129,-0
-0.019533,0.031134,-0
-0.019524,0.031138,-0
-0.019516,0.031142,-0
-0.019505,0.031148,-0
-0.019496,0.031153,-0
-0.019488,0.031157,-0
-0.019476,0.031163,-0
-0.019468,0.031167,-0
-0.019459,0.031171,-0
-0.019448,0.031177,-0
-0.01944,0.031182,-0
-0.019431,0.031186,-0
-0.019423,0.03119,-0
-0.019411,0.031196,-0
-0.019403,0.0312,-0
-0.019395,0.031205,-0
-0.019383,0.03121,-0
-0.019375,0.031215,-0
-0.019366,0.031219,-0
-0.019355,0.031225,-0
-0.019347,0.031229,-0
-0.019338,0.031233,-0
-0.01933,0.031238,-0
-0.019318,0.031243,-0
-0.01931,0.031248,-0
-0.019301,0.031252,-0
-0.01929,0.031258,-0
-0.019282,0.031262,-0
-0.019273,0.031266,-0
-0.019262,0.031272,-0
-0.019253,0.031276,-0
-0.019245,0.031281,-0
-0.019236,0.031285,-0
-0.019225,0.031291,-0
-0.019217,0.031295,-0
-0.019208,0.031299,-0
-0.019197,0.031305,-0
-0.019188,0.031309,-0
-0.01918,0.031313,-0
-0.019168,0.031319,-0
-0.01916,0.031323,-0
-0.019151,0.031327,-0
-0.019143,0.031332,-0
-0.019132,0.031337,-0
-0.019123,0.031342,-0
-0.019115,0.031346,-0
-0.019103,0.031352,-0
-0.019095,0.031356,-0
-0.019086,0.03136,-0
-0.019075,0.031366,-0
-0.019066,0.03137,-0
-0.019058,0.031374,-0
-0.019049,0.031378,-0
-0.019038,0.031384,-0
-0.01903,0.031388,-0
-0.019021,0.031392,-0
-0.01901,0.031398,-0
-0.019001,0.031402,-0
-0.018993,0.031406,-0
-0.018981,0.031412,-0
-0.018973,0.031416,-0
-0.018964,0.03142,-0
-0.018956,0.031425,-0
-0.018944,0.03143,-0
-0.018936,0.031434,-0
-0.018927,0.031439,-0
-0.018916,0.031444,-0
-0.018908,0.031448,-0
-0.018899,0.031452,-0
-0.018888,0.031458,-0
-0.018879,0.031462,-0
-0.018871,0.031466,-0
-0.018862,0.031471,-0
-0.018851,0.031476,-0
-0.018842,0.03148,-0
-0.018834,0.031484,-0
-0.018822,0.03149,-0
-0.018814,0.031494,-0
-0.018805,0.031498,-0
-0.018794,0.031504,-0
-0.018785,0.031508,-0
-0.018777,0.031512,-0
-0.018768,0.031516,-0
-0.018757,0.031522,-0
-0.018748,0.031526,-0
-0.01874,0.03153,-0
-0.018728,0.031535,-0
-0.01872,0.03154,-0
-0.018711,0.031544,-0
-0.0187,0.031549,-0
-0.018691,0.031553,-0
-0.018683,0.031557,-0
-0.018674,0.031562,-0
-0.018663,0.031567,-0
-0.018654,0.031571,-0
-0.018646,0.031575,-0
-0.018634,0.031581,-0
-0.018626,0.031585,-0
-0.018617,0.031589,-0
-0.018606,0.031594,-0
-0.018597,0.031598,-0
-0.018589,0.031602,-0
-0.01858,0.031607,-0
-0.018569,0.031612,-0
-0.01856,0.031616,-0
-0.018552,0.03162,-0
-0.01854,0.031626,-0
-0.018532,0.03163,-0
-0.018523,0.031634,-0
-0.018512,0.031639,-0
-0.018503,0.031643,-0
-0.018495,0.031647,-0
-0.018486,0.031651,-0
-0.018475,0.031657,-0
-0.018466,0.031661,-0
-0.018458,0.031665,-0
-0.018446,0.03167,-0
-0.018438,0.031674,-0
-0.018429,0.031678,-0
-0.018418,0.031684,-0
-0.018409,0.031688,-0
-0.0184,0.031692,-0
-0.018392,0.031696,-0
-0.01838,0.031701,-0
-0.018372,0.031705,-0
-0.018363,0.031709,-0
-0.018352,0.031714,-0
-0.018343,0.031718,-0
-0.018335,0.031722,-0
-0.018323,0.031728,-0
-0.018315,0.031732,-0
-0.018306,0.031736,-0
-0.018298,0.03174,-0
-0.018286,0.031745,-0
-0.018278,0.031749,-0
-0.018269,0.031753,-0
-0.018258,0.031758,-0
-0.018249,0.031762,-0
-0.01824,0.031766,-0
-0.018229,0.031772,-0
-0.01822,0.031776,-0
-0.018212,0.03178,-0
-0.018203,0.031784,-0
-0.018192,0.031789,-0
-0.018183,0.031793,-0
-0.018174,0.031797,-0
-0.018163,0.031802,-0
-0.018154,0.031806,-0
-0.018146,0.03181,-0
-0.018134,0.031815,-0
-0.018126,0.031819,-0
-0.018117,0.031823,-0
-0.018109,0.031827,-0
-0.018097,0.031832,-0
-0.018088,0.031836,-0
-0.01808,0.03184,-0
-0.018068,0.031845,-0
-0.01806,0.031849,-0
-0.018051,0.031853,-0
-0.01804,0.031858,-0
-0.018031,0.031862,-0
-0.018023,0.031866,-0
-0.018014,0.03187,-0
-0.018002,0.031875,-0
-0.017994,0.031879,-0
-0.017985,0.031883,-0
-0.017974,0.031888,-0
-0.017965,0.031892,-0
-0.017956,0.031896,-0
-0.017945,0.031901,-0
-0.017936,0.031905,-0
-0.017928,0.031909,-0
-0.017919,0.031913,-0
-0.017908,0.031918,-0
-0.017899,0.031922,-0
-0.01789,0.031926,-0
-0.017879,0.031931,-0
-0.01787,0.031935,-0
-0.017862,0.031939,-0
-0.01785,0.031944,-0
-0.017842,0.031948,-0
-0.017833,0.031952,-0
-0.017824,0.031956,-0
-0.017813,0.031961,-0
-0.017804,0.031965,-0
-0.017796,0.031968,-0
-0.017784,0.031974,-0
-0.017775,0.031977,-0
-0.017767,0.031981,-0
-0.017755,0.031986,-0
-0.017747,0.03199,-0
-0.017738,0.031994,-0
-0.017729,0.031998,-0
-0.017718,0.032003,-0
-0.017709,0.032007,-0
-0.017701,0.032011,-0
-0.017689,0.032016,-0
-0.01768,0.032019,-0
-0.017672,0.032023,-0
-0.01766,0.032028,-0
-0.017652,0.032032,-0
-0.017643,0.032036,-0
-0.017634,0.03204,-0
-0.017623,0.032045,-0
-0.017614,0.032049,-0
-0.017606,0.032052,-0
-0.017594,0.032057,-0
-0.017585,0.032061,-0
-0.017577,0.032065,-0
-0.017565,0.03207,-0
-0.017557,0.032074,-0
-0.017548,0.032078,-0
-0.017539,0.032081,-0
-0.017528,0.032086,-0
-0.017519,0.03209,-0
-0.01751,0.032094,-0
-0.017499,0.032099,-0
-0.01749,0.032103,-0
-0.017482,0.032106,-0
-0.01747,0.032111,-0
-0.017461,0.032115,-0
-0.017453,0.032119,-0
-0.017444,0.032123,-0
-0.017432,0.032128,-0
-0.017424,0.032131,-0
-0.017415,0.032135,-0
-0.017404,0.03214,-0
-0.017395,0.032144,-0
-0.017386,0.032147,-0
-0.017375,0.032152,-0
-0.017366,0.032156,-0
-0.017357,0.03216,-0
-0.017349,0.032164,-0
-0.017337,0.032168,-0
-0.017328,0.032172,-0
-0.01732,0.032176,-0
-0.017308,0.032181,-0
-0.0173,0.032185,-0
-0.017291,0.032188,-0
-0.017279,0.032193,-0
-0.017271,0.032197,-0
-0.017262,0.032201,-0
-0.017253,0.032204,-0
-0.017242,0.032209,-0
-0.017233,0.032213,-0
-0.017224,0.032216,-0
-0.017213,0.032221,-0
-0.017204,0.032225,-0
-0.017195,0.032229,-0
-0.017184,0.032234,-0
-0.017175,0.032237,-0
-0.017167,0.032241,-0
-0.017158,0.032245,-0
-0.017146,0.032249,-0
-0.017138,0.032253,-0
-0.017129,0.032257,-0
-0.017117,0.032262,-0
-0.017109,0.032265,-0
-0.0171,0.032269,-0
-0.017088,0.032274,-0
-0.01708,0.032277,-0
-0.017071,0.032281,-0
-0.017062,0.032285,-0
-0.017051,0.032289,-0
-0.017042,0.032293,-0
-0.017033,0.032297,-0
-0.017022,0.032301,-0
-0.017013,0.032305,-0
-0.017004,0.032309,-0
-0.016993,0.032313,-0
-0.016984,0.032317,-0
-0.016975,0.032321,-0
-0.016967,0.032324,-0
-0.016955,0.032329,-0
-0.016946,0.032333,-0
-0.016938,0.032336,-0
-0.016926,0.032341,-0
-0.016917,0.032345,-0
-0.016909,0.032348,-0
-0.016897,0.032353,-0
-0.016888,0.032356,-0
-0.01688,0.03236,-0
-0.016871,0.032364,-0
-0.016859,0.032368,-0
-0.016851,0.032372,-0
-0.016842,0.032375,-0
-0.01683,0.03238,-0
-0.016822,0.032384,-0
-0.016813,0.032387,-0
-0.016801,0.032392,-0
-0.016793,0.032396,-0
-0.016784,0.032399,-0
-0.016775,0.032403,-0
-0.016764,0.032407,-0
-0.016755,0.032411,-0
-0.016746,0.032414,-0
-0.016734,0.032419,-0
-0.016726,0.032423,-0
-0.016717,0.032426,-0
-0.016705,0.032431,-0
-0.016697,0.032434,-0
-0.016688,0.032438,-0
-0.016679,0.032441,-0
-0.016668,0.032446,-0
-0.016659,0.03245,-0
-0.01665,0.032453,-0
-0.016639,0.032458,-0
-0.01663,0.032461,-0
-0.016621,0.032465,-0
-0.016609,0.032469,-0
-0.016601,0.032473,-0
-0.016592,0.032476,-0
-0.016583,0.03248,-0
-0.016572,0.032485,-0
-0.016563,0.032488,-0
-0.016554,0.032491,-0
-0.016543,0.032496,-0
-0.016534,0.0325,-0
-0.016525,0.032503,-0
-0.016513,0.032508,-0
-0.016505,0.032511,-0
-0.016496,0.032515,-0
-0.016487,0.032518,-0
-0.016476,0.032523,-0
-0.016467,0.032526,-0
-0.016458,0.032529,-0
-0.016447,0.032534,-0
-0.016438,0.032537,-0
-0.016429,0.032541,-0
-0.016417,0.032545,-0
-0.016409,0.032549,-0
-0.0164,0.032552,-0
-0.016391,0.032556,-0
-0.01638,0.03256,-0
-0.016371,0.032564,-0
-0.016362,0.032567,-0
-0.01635,0.032572,-0
-0.016342,0.032575,-0
-0.016333,0.032579,-0
-0.016321,0.032583,-0
-0.016312,0.032586,-0
-0.016304,0.03259,-0
-0.016295,0.032593,-0
-0.016283,0.032598,-0
-0.016275,0.032601,-0
-0.016266,0.032605,-0
-0.016254,0.032609,-0
-0.016245,0.032612,-0
-0.016237,0.032616,-0
-0.016225,0.03262,-0
-0.016216,0.032624,-0
-0.016207,0.032627,-0
-0.016199,0.03263,-0
-0.016187,0.032635,-0
-0.016178,0.032638,-0
-0.01617,0.032642,-0
-0.016158,0.032646,-0
-0.016149,0.032649,-0
-0.01614,0.032653,-0
-0.016129,0.032657,-0
-0.01612,0.032661,-0
-0.016111,0.032664,-0
-0.016102,0.032667,-0
-0.016091,0.032672,-0
-0.016082,0.032675,-0
-0.016073,0.032678,-0
-0.016062,0.032683,-0
-0.016053,0.032686,-0
-0.016044,0.032689,-0
-0.016032,0.032694,-0
-0.016024,0.032697,-0
-0.016015,0.0327,-0
-0.016006,0.032704,-0
-0.015994,0.032708,-0
-0.015986,0.032711,-0
-0.015977,0.032715,-0
-0.015965,0.032719,-0
-0.015956,0.032722,-0
-0.015948,0.032726,-0
-0.015936,0.03273,-0
-0.015927,0.032733,-0
-0.015918,0.032737,-0
-0.01591,0.03274,-0
-0.015898,0.032744,-0
-0.015889,0.032748,-0
-0.01588,0.032751,-0
-0.015869,0.032755,-0
-0.01586,0.032758,-0
-0.015851,0.032762,-0
-0.015839,0.032766,-0
-0.015831,0.032769,-0
-0.015822,0.032772,-0
-0.015813,0.032776,-0
-0.015801,0.03278,-0
-0.015793,0.032783,-0
-0.015784,0.032787,-0
-0.015772,0.032791,-0
-0.015763,0.032794,-0
-0.015754,0.032797,-0
-0.015743,0.032802,-0
-0.015734,0.032805,-0
-0.015725,0.032808,-0
-0.015716,0.032811,-0
-0.015705,0.032816,-0
-0.015696,0.032819,-0
-0.015687,0.032822,-0
-0.015675,0.032826,-0
-0.015667,0.032829,-0
-0.015658,0.032833,-0
-0.015646,0.032837,-0
-0.015637,0.03284,-0
-0.015629,0.032843,-0
-0.01562,0.032846,-0
-0.015608,0.032851,-0
-0.015599,0.032854,-0
-0.01559,0.032857,-0
-0.015579,0.032861,-0
-0.01557,0.032864,-0
-0.015561,0.032868,-0
-0.015549,0.032872,-0
-0.015541,0.032875,-0
-0.015532,0.032878,-0
-0.015523,0.032881,-0
-0.015511,0.032886,-0
-0.015503,0.032889,-0
-0.015494,0.032892,-0
-0.015482,0.032896,-0
-0.015473,0.032899,-0
-0.015464,0.032902,-0
-0.015453,0.032907,-0
-0.015444,0.03291,-0
-0.015435,0.032913,-0
-0.015426,0.032916,-0
-0.015415,0.03292,-0
-0.015406,0.032923,-0
-0.015397,0.032926,-0
-0.015385,0.03293,-0
-0.015376,0.032934,-0
-0.015368,0.032937,-0
-0.015356,0.032941,-0
-0.015347,0.032944,-0
-0.015338,0.032947,-0
-0.015329,0.03295,-0
-0.015318,0.032954,-0
-0.015309,0.032957,-0
-0.0153,0.03296,-0
-0.015288,0.032965,-0
-0.01528,0.032968,-0
-0.015271,0.032971,-0
-0.015259,0.032975,-0
-0.01525,0.032978,-0
-0.015241,0.032981,-0
-0.015233,0.032984,-0
-0.015221,0.032988,-0
-0.015212,0.032991,-0
-0.015203,0.032994,-0
-0.015191,0.032998,-0
-0.015183,0.033001,-0
-0.015174,0.033004,-0
-0.015162,0.033008,-0
-0.015153,0.033012,-0
-0.015144,0.033015,-0
-0.015136,0.033018,-0
-0.015124,0.033022,-0
-0.015115,0.033025,-0
-0.015106,0.033028,-0
-0.015094,0.033032,-0
-0.015086,0.033035,-0
-0.015077,0.033038,-0
-0.015065,0.033042,-0
-0.015056,0.033045,-0
-0.015047,0.033048,-0
-0.015039,0.033051,-0
-0.015027,0.033055,-0
-0.015018,0.033058,-0
-0.015009,0.033061,-0
-0.014997,0.033065,-0
-0.014989,0.033068,-0
-0.01498,0.033071,-0
-0.014968,0.033075,-0
-0.014959,0.033078,-0
-0.01495,0.033081,-0
-0.014942,0.033084,-0
-0.01493,0.033088,-0
-0.014921,0.033091,-0
-0.014912,0.033094,-0
-0.0149,0.033098,-0
-0.014892,0.033101,-0
-0.014883,0.033104,-0
-0.014871,0.033107,-0
-0.014862,0.03311,-0
-0.014853,0.033113,-0
-0.014845,0.033116,-0
-0.014833,0.03312,-0
-0.014824,0.033123,-0
-0.014815,0.033126,-0
-0.014803,0.03313,-0
-0.014794,0.033133,-0
-0.014786,0.033136,-0
-0.014774,0.03314,-0
-0.014765,0.033143,-0
-0.014756,0.033146,-0
-0.014747,0.033149,-0
-0.014736,0.033152,-0
-0.014727,0.033155,-0
-0.014718,0.033158,-0
-0.014706,0.033162,-0
-0.014697,0.033165,-0
-0.014688,0.033168,-0
-0.014677,0.033172,-0
-0.014668,0.033175,-0
-0.014659,0.033178,-0
-0.01465,0.033181,-0
-0.014638,0.033184,-0
-0.01463,0.033187,-0
-0.014621,0.03319,-0
-0.014609,0.033194,-0
-0.0146,0.033197,-0
-0.014591,0.0332,-0
-0.014579,0.033204,-0
-0.014571,0.033206,-0
-0.014562,0.033209,-0
-0.014553,0.033212,-0
-0.014541,0.033216,-0
-0.014532,0.033219,-0
-0.014524,0.033222,-0
-0.014512,0.033225,-0
-0.014503,0.033228,-0
-0.014494,0.033231,-0
-0.014482,0.033235,-0
-0.014473,0.033238,-0
-0.014465,0.033241,-0
-0.014456,0.033243,-0
-0.014444,0.033247,-0
-0.014435,0.03325,-0
-0.014426,0.033253,-0
-0.014414,0.033257,-0
-0.014406,0.033259,-0
-0.014397,0.033262,-0
-0.014385,0.033266,-0
-0.014376,0.033269,-0
-0.014367,0.033271,-0
-0.014358,0.033274,-0
-0.014347,0.033278,-0
-0.014338,0.033281,-0
-0.014329,0.033284,-0
-0.014317,0.033287,-0
-0.014308,0.03329,-0
-0.014299,0.033293,-0
-0.014288,0.033297,-0
-0.014279,0.033299,-0
-0.01427,0.033302,-0
-0.014261,0.033305,-0
-0.014249,0.033309,-0
-0.01424,0.033311,-0
-0.014232,0.033314,-0
-0.01422,0.033318,-0
-0.014211,0.03332,-0
-0.014202,0.033323,-0
-0.01419,0.033327,-0
-0.014181,0.03333,-0
-0.014173,0.033332,-0
-0.014164,0.033335,-0
-0.014152,0.033339,-0
-0.014143,0.033341,-0
-0.014134,0.033344,-0
-0.014122,0.033348,-0
-0.014114,0.033351,-0
-0.014105,0.033353,-0
-0.014093,0.033357,-0
-0.014084,0.03336,-0
-0.014075,0.033362,-0
-0.014066,0.033365,-0
-0.014054,0.033369,-0
-0.014046,0.033371,-0
-0.014037,0.033374,-0
-0.014025,0.033378,-0
-0.014016,0.03338,-0
-0.014007,0.033383,-0
-0.013995,0.033387,-0
-0.013987,0.033389,-0
-0.013978,0.033392,-0
-0.013969,0.033395,-0
-0.013957,0.033398,-0
-0.013948,0.033401,-0
-0.013939,0.033404,-0
-0.013928,0.033407,-0
-0.013919,0.03341,-0
-0.01391,0.033412,-0
-0.013898,0.033416,-0
-0.013889,0.033419,-0
-0.01388,0.033421,-0
-0.013871,0.033424,-0
-0.01386,0.033427,-0
-0.013851,0.03343,-0
-0.013842,0.033433,-0
-0.01383,0.033436,-0
-0.013821,0.033439,-0
-0.013812,0.033441,-0
-0.0138,0.033445,-0
-0.013792,0.033448,-0
-0.013783,0.03345,-0
-0.013774,0.033453,-0
-0.013762,0.033456,-0
-0.013753,0.033459,-0
-0.013744,0.033461,-0
-0.013733,0.033465,-0
-0.013724,0.033468,-0
-0.013715,0.03347,-0
-0.013703,0.033474,-0
-0.013694,0.033476,-0
-0.013685,0.033479,-0
-0.013676,0.033481,-0
-0.013665,0.033485,-0
-0.013656,0.033487,-0
-0.013647,0.03349,-0
-0.013635,0.033493,-0
-0.013626,0.033496,-0
-0.013617,0.033498,-0
-0.013605,0.033502,-0
-0.013597,0.033504,-0
-0.013588,0.033507,-0
-0.013579,0.03351,-0
-0.013567,0.033513,-0
-0.013558,0.033516,-0
-0.013549,0.033518,-0
-0.013537,0.033521,-0
-0.013529,0.033524,-0
-0.01352,0.033527,-0
-0.013508,0.03353,-0
-0.013499,0.033532,-0
-0.01349,0.033535,-0
-0.013481,0.033537,-0
-0.013469,0.033541,-0
-0.013461,0.033543,-0
-0.013452,0.033546,-0
-0.01344,0.033549,-0
-0.013431,0.033552,-0
-0.013422,0.033554,-0
-0.01341,0.033558,-0
-0.013401,0.03356,-0
-0.013393,0.033563,-0
-0.013384,0.033565,-0
-0.013372,0.033568,-0
-0.013363,0.033571,-0
-0.013354,0.033573,-0
-0.013342,0.033577,-0
-0.013333,0.033579,-0
-0.013325,0.033582,-0
-0.013313,0.033585,-0
-0.013304,0.033587,-0
-0.013295,0.03359,-0
-0.013286,0.033592,-0
-0.013274,0.033595,-0
-0.013265,0.033598,-0
-0.013257,0.0336,-0
-0.013245,0.033604,-0
-0.013236,0.033606,-0
-0.013227,0.033609,-0
-0.013215,0.033612,-0
-0.013206,0.033614,-0
-0.013197,0.033617,-0
-0.013189,0.033619,-0
-0.013177,0.033622,-0
-0.013168,0.033625,-0
-0.013159,0.033627,-0
-0.013147,0.03363,-0
-0.013138,0.033633,-0
-0.013129,0.033635,-0
-0.013118,0.033638,-0
-0.013109,0.033641,-0
-0.0131,0.033643,-0
-0.013091,0.033646,-0
-0.013079,0.033649,-0
-0.01307,0.033651,-0
-0.013061,0.033654,-0
-0.013049,0.033657,-0
-0.013041,0.033659,-0
-0.013032,0.033662,-0
-0.01302,0.033665,-0
-0.013011,0.033667,-0
-0.013002,0.033669,-0
-0.012993,0.033672,-0
-0.012981,0.033675,-0
-0.012973,0.033677,-0
-0.012964,0.03368,-0
-0.012952,0.033683,-0
-0.012943,0.033685,-0
-0.012934,0.033687,-0
-0.012922,0.033691,-0
-0.012913,0.033693,-0
-0.012905,0.033695,-0
-0.012896,0.033698,-0
-0.012884,0.033701,-0
-0.012875,0.033703,-0
-0.012866,0.033705,-0
-0.012854,0.033708,-0
-0.012845,0.033711,-0
-0.012836,0.033713,-0
-0.012825,0.033716,-0
-0.012816,0.033718,-0
-0.012807,0.033721,-0
-0.012798,0.033723,-0
-0.012786,0.033726,-0
-0.012777,0.033728,-0
-0.012768,0.033731,-0
-0.012757,0.033734,-0
-0.012748,0.033736,-0
-0.012739,0.033738,-0
-0.012727,0.033741,-0
-0.012718,0.033744,-0
-0.012709,0.033746,-0
-0.0127,0.033748,-0
-0.012689,0.033751,-0
-0.01268,0.033754,-0
-0.012671,0.033756,-0
-0.012659,0.033759,-0
-0.01265,0.033761,-0
-0.012641,0.033763,-0
-0.012629,0.033766,-0
-0.01262,0.033769,-0
-0.012612,0.033771,-0
-0.012603,0.033773,-0
-0.012591,0.033776,-0
-0.012582,0.033778,-0
-0.012573,0.03378,-0
-0.012561,0.033783,-0
-0.012552,0.033786,-0
-0.012544,0.033788,-0
-0.012532,0.033791,-0
-0.012523,0.033793,-0
-0.012514,0.033795,-0
-0.012505,0.033798,-0
-0.012493,0.0338,-0
-0.012484,0.033803,-0
-0.012475,0.033805,-0
-0.012464,0.033808,-0
-0.012455,0.03381,-0
-0.012446,0.033812,-0
-0.012434,0.033815,-0
-0.012425,0.033817,-0
-0.012416,0.033819,-0
-0.012407,0.033822,-0
-0.012396,0.033825,-0
-0.012387,0.033827,-0
-0.012378,0.033829,-0
-0.012366,0.033832,-0
-0.012357,0.033834,-0
-0.012348,0.033836,-0
-0.012336,0.033839,-0
-0.012327,0.033841,-0
-0.012319,0.033843,-0
-0.01231,0.033845,-0
-0.012298,0.033848,-0
-0.012289,0.03385,-0
-0.01228,0.033853,-0
-0.012268,0.033855,-0
-0.012259,0.033858,-0
-0.01225,0.03386,-0
-0.012239,0.033862,-0
-0.01223,0.033865,-0
-0.012221,0.033867,-0
-0.012212,0.033869,-0
-0.0122,0.033872,-0
-0.012191,0.033874,-0
-0.012182,0.033876,-0
-0.01217,0.033879,-0
-0.012162,0.033881,-0
-0.012153,0.033883,-0
-0.012141,0.033886,-0
-0.012132,0.033888,-0
-0.012123,0.03389,-0
-0.012114,0.033892,-0
-0.012102,0.033895,-0
-0.012094,0.033897,-0
-0.012085,0.033899,-0
-0.012073,0.033902,-0
-0.012064,0.033904,-0
-0.012055,0.033906,-0
-0.012043,0.033908,-0
-0.012034,0.033911,-0
-0.012025,0.033913,-0
-0.012017,0.033915,-0
-0.012005,0.033917,-0
-0.011996,0.033919,-0
-0.011987,0.033921,-0
-0.011975,0.033924,-0
-0.011966,0.033926,-0
-0.011957,0.033928,-0
-0.011945,0.033931,-0
-0.011937,0.033933,-0
-0.011928,0.033935,-0
-0.011919,0.033937,-0
-0.011907,0.03394,-0
-0.011898,0.033942,-0
-0.011889,0.033944,-0
-0.011877,0.033946,-0
-0.011868,0.033948,-0
-0.01186,0.03395,-0
-0.011848,0.033953,-0
-0.011839,0.033955,-0
-0.01183,0.033957,-0
-0.011821,0.033959,-0
-0.011809,0.033962,-0
-0.0118,0.033964,-0
-0.011791,0.033966,-0
-0.01178,0.033968,-0
-0.011771,0.03397,-0
-0.011762,0.033972,-0
-0.01175,0.033975,-0
-0.011741,0.033977,-0
-0.011732,0.033979,-0
-0.011723,0.033981,-0
-0.011711,0.033983,-0
-0.011703,0.033985,-0
-0.011694,0.033987,-0
-0.011682,0.03399,-0
-0.011673,0.033992,-0
-0.011664,0.033994,-0
-0.011652,0.033996,-0
-0.011643,0.033998,-0
-0.011635,0.034,-0
-0.011626,0.034002,-0
-0.011614,0.034005,-0
-0.011605,0.034007,-0
-0.011596,0.034009,-0
-0.011584,0.034011,-0
-0.011575,0.034013,-0
-0.011566,0.034015,-0
-0.011555,0.034018,-0
-0.011546,0.034019,-0
-0.011537,0.034021,-0
-0.011528,0.034023,-0
-0.011516,0.034026,-0
-0.011507,0.034028,-0
-0.011498,0.03403,-0
-0.011486,0.034032,-0
-0.011478,0.034034,-0
-0.011469,0.034036,-0
-0.011457,0.034038,-0
-0.011448,0.03404,-0
-0.011439,0.034042,-0
-0.01143,0.034044,-0
-0.011418,0.034046,-0
-0.011409,0.034048,-0
-0.011401,0.03405,-0
-0.011389,0.034053,-0
-0.01138,0.034054,-0
-0.011371,0.034056,-0
-0.011359,0.034059,-0
-0.01135,0.034061,-0
-0.011341,0.034062,-0
-0.011332,0.034064,-0
-0.011321,0.034067,-0
-0.011312,0.034068,-0
-0.011303,0.03407,-0
-0.011291,0.034073,-0
-0.011282,0.034075,-0
-0.011273,0.034076,-0
-0.011261,0.034079,-0
-0.011253,0.034081,-0
-0.011244,0.034082,-0
-0.011235,0.034084,-0
-0.011223,0.034087,-0
-0.011214,0.034088,-0
-0.011205,0.03409,-0
-0.011193,0.034093,-0
-0.011184,0.034094,-0
-0.011176,0.034096,-0
-0.011164,0.034099,-0
-0.011155,0.0341,-0
-0.011146,0.034102,-0
-0.011137,0.034104,-0
-0.011125,0.034106,-0
-0.011116,0.034108,-0
-0.011108,0.03411,-0
-0.011096,0.034112,-0
-0.011087,0.034114,-0
-0.011078,0.034116,-0
-0.011066,0.034118,-0
-0.011057,0.03412,-0
-0.011048,0.034121,-0
-0.011039,0.034123,-0
-0.011028,0.034125,-0
-0.011019,0.034127,-0
-0.01101,0.034129,-0
-0.010998,0.034131,-0
-0.010989,0.034133,-0
-0.01098,0.034135,-0
-0.010968,0.034137,-0
-0.01096,0.034139,-0
-0.010951,0.03414,-0
-0.010942,0.034142,-0
-0.01093,0.034144,-0
-0.010921,0.034146,-0
-0.010912,0.034148,-0
-0.0109,0.03415,-0
-0.010892,0.034152,-0
-0.010883,0.034153,-0
-0.010871,0.034156,-0
-0.010862,0.034157,-0
-0.010853,0.034159,-0
-0.010844,0.034161,-0
-0.010832,0.034163,-0
-0.010824,0.034165,-0
-0.010815,0.034166,-0
-0.010803,0.034168,-0
-0.010794,0.03417,-0
-0.010785,0.034172,-0
-0.010773,0.034174,-0
-0.010764,0.034176,-0
-0.010755,0.034177,-0
-0.010747,0.034179,-0
-0.010735,0.034181,-0
-0.010726,0.034183,-0
-0.010717,0.034184,-0
-0.010705,0.034187,-0
-0.010696,0.034188,-0
-0.010687,0.03419,-0
-0.010676,0.034192,-0
-0.010667,0.034194,-0
-0.010658,0.034195,-0
-0.010649,0.034197,-0
-0.010637,0.034199,-0
-0.010628,0.034201,-0
-0.010619,0.034202,-0
-0.010608,0.034204,-0
-0.010599,0.034206,-0
-0.01059,0.034208,-0
-0.010578,0.03421,-0
-0.010569,0.034211,-0
-0.01056,0.034213,-0
-0.010551,0.034214,-0
-0.01054,0.034217,-0
-0.010531,0.034218,-0
-0.010522,0.03422,-0
-0.01051,0.034222,-0
-0.010501,0.034223,-0
-0.010492,0.034225,-0
-0.010481,0.034227,-0
-0.010472,0.034229,-0
-0.010463,0.03423,-0
-0.010454,0.034232,-0
-0.010442,0.034234,-0
-0.010433,0.034235,-0
-0.010424,0.034237,-0
-0.010413,0.034239,-0
-0.010404,0.03424,-0
-0.010395,0.034242,-0
-0.010383,0.034244,-0
-0.010374,0.034245,-0
-0.010365,0.034247,-0
-0.010356,0.034249,-0
-0.010345,0.034251,-0
-0.010336,0.034252,-0
-0.010327,0.034254,-0
-0.010315,0.034256,-0
-0.010306,0.034257,-0
-0.010297,0.034259,-0
-0.010286,0.034261,-0
-0.010277,0.034262,-0
-0.010268,0.034264,-0
-0.010259,0.034265,-0
-0.010247,0.034267,-0
-0.010238,0.034268,-0
-0.01023,0.03427,-0
-0.010218,0.034272,-0
-0.010209,0.034273,-0
-0.0102,0.034275,-0
-0.010188,0.034277,-0
-0.010179,0.034278,-0
-0.01017,0.03428,-0
-0.010162,0.034281,-0
-0.01015,0.034283,-0
-0.010141,0.034285,-0
-0.010132,0.034286,-0
-0.01012,0.034288,-0
-0.010111,0.034289,-0
-0.010103,0.034291,-0
-0.010091,0.034293,-0
-0.010082,0.034294,-0
-0.010073,0.034296,-0
-0.010064,0.034297,-0
-0.010052,0.034299,-0
-0.010044,0.0343,-0
-0.010035,0.034302,-0
-0.010023,0.034304,-0
-0.010014,0.034305,-0
-0.010005,0.034306,-0
-0.0099934,0.034308,-0
-0.0099846,0.03431,-0
-0.0099757,0.034311,-0
-0.0099669,0.034312,-0
-0.0099551,0.034314,-0
-0.0099463,0.034316,-0
-0.0099374,0.034317,-0
-0.0099256,0.034319,-0
-0.0099168,0.03432,-0
-0.0099079,0.034322,-0
-0.0098961,0.034324,-0
-0.0098873,0.034325,-0
-0.0098785,0.034326,-0
-0.0098696,0.034328,-0
-0.0098578,0.034329,-0
-0.009849,0.034331,-0
-0.0098401,0.034332,-0
-0.0098284,0.034334,-0
-0.0098195,0.034335,-0
-0.0098107,0.034337,-0
-0.0097989,0.034338,-0
-0.0097901,0.03434,-0
-0.0097812,0.034341,-0
-0.0097724,0.034342,-0
-0.0097606,0.034344,-0
-0.0097518,0.034345,-0
-0.0097429,0.034347,-0
-0.0097311,0.034349,-0
-0.0097223,0.03435,-0
-0.0097135,0.034351,-0
-0.0097017,0.034353,-0
-0.0096929,0.034354,-0
-0.009684,0.034356,-0
-0.0096752,0.034357,-0
-0.0096634,0.034359,-0
-0.0096546,0.03436,-0
-0.0096457,0.034361,-0
-0.009634,0.034363,-0
-0.0096251,0.034364,-0
-0.0096163,0.034365,-0
-0.0096045,0.034367,-0
-0.0095957,0.034368,-0
-0.0095869,0.03437,-0
-0.009578,0.034371,-0
-0.0095663,0.034373,-0
-0.0095575,0.034374,-0
-0.0095486,0.034375,-0
-0.0095369,0.034377,-0
-0.009528,0.034378,-0
-0.0095192,0.034379,-0
-0.0095074,0.034381,-0
-0.0094986,0.034382,-0
-0.0094898,0.034383,-0
-0.009481,0.034385,-0
-0.0094692,0.034386,-0
-0.0094604,0.034388,-0
-0.0094516,0.034389,-0
-0.0094398,0.03439,-0
-0.009431,0.034392,-0
-0.0094222,0.034393,-0
-0.0094104,0.034394,-0
-0.0094016,0.034396,-0
-0.0093928,0.034397,-0
-0.009384,0.034398,-0
-0.0093722,0.0344,-0
-0.0093634,0.034401,-0
-0.0093546,0.034402,-0
-0.0093428,0.034404,-0
-0.009334,0.034405,-0
-0.0093252,0.034406,-0
-0.0093134,0.034408,-0
-0.0093046,0.034409,-0
-0.0092958,0.03441,-0
-0.009287,0.034411,-0
-0.0092752,0.034413,-0
-0.0092664,0.034414,-0
-0.0092576,0.034415,-0
-0.0092459,0.034416,-0
-0.0092371,0.034418,-0
-0.0092283,0.034419,-0
-0.0092165,0.03442,-0
-0.0092077,0.034421,-0
-0.0091989,0.034423,-0
-0.0091901,0.034424,-0
-0.0091784,0.034425,-0
-0.0091696,0.034426,-0
-0.0091608,0.034427,-0
-0.009149,0.034429,-0
-0.0091402,0.03443,-0
-0.0091314,0.034431,-0
-0.0091197,0.034433,-0
-0.0091109,0.034434,-0
-0.0091021,0.034435,-0
-0.0090933,0.034436,-0
-0.0090816,0.034438,-0
-0.0090728,0.034439,-0
-0.009064,0.03444,-0
-0.0090522,0.034441,-0
-0.0090434,0.034442,-0
-0.0090346,0.034443,-0
-0.0090229,0.034445,-0
-0.0090141,0.034446,-0
-0.0090053,0.034447,-0
-0.0089965,0.034448,-0
-0.0089848,0.034449,-0
-0.008976,0.034451,-0
-0.0089672,0.034452,-0
-0.0089555,0.034453,-0
-0.0089467,0.034454,-0
-0.0089379,0.034455,-0
-0.0089262,0.034457,-0
-0.0089174,0.034458,-0
-0.0089087,0.034459,-0
-0.0088999,0.03446,-0
-0.0088882,0.034461,-0
-0.0088794,0.034462,-0
-0.0088706,0.034463,-0
-0.0088589,0.034464,-0
-0.0088501,0.034466,-0
-0.0088413,0.034467,-0
-0.0088296,0.034468,-0
-0.0088208,0.034469,-0
-0.0088121,0.03447,-0
-0.0088033,0.034471,-0
-0.0087916,0.034472,-0
-0.0087828,0.034473,-0
-0.008774,0.034474,-0
-0.0087623,0.034476,-0
-0.0087536,0.034477,-0
-0.0087448,0.034478,-0
-0.0087331,0.034479,-0
-0.0087243,0.03448,-0
-0.0087155,0.034481,-0
-0.0087068,0.034482,-0
-0.0086951,0.034483,-0
-0.0086863,0.034484,-0
-0.0086775,0.034485,-0
-0.0086659,0.034486,-0
-0.0086571,0.034487,-0
-0.0086483,0.034488,-0
-0.0086366,0.03449,-0
-0.0086279,0.034491,-0
-0.0086191,0.034491,-0
-0.0086104,0.034492,-0
-0.0085987,0.034494,-0
-0.0085899,0.034495,-0
-0.0085812,0.034496,-0
-0.0085695,0.034497,-0
-0.0085607,0.034498,-0
-0.008552,0.034499,-0
-0.0085403,0.0345,-0
-0.0085315,0.034501,-0
-0.0085228,0.034502,-0
-0.008514,0.034503,-0
-0.0085024,0.034504,-0
-0.0084936,0.034505,-0
-0.0084849,0.034506,-0
-0.0084732,0.034507,-0
-0.0084645,0.034508,-0
-0.0084557,0.034509,-0
-0.008444,0.03451,-0
-0.0084353,0.034511,-0
-0.0084266,0.034512,-0
-0.0084178,0.034512,-0
-0.0084062,0.034514,-0
-0.0083974,0.034515,-0
-0.0083887,0.034515,-0
-0.008377,0.034517,-0
-0.0083683,0.034517,-0
-0.0083595,0.034518,-0
-0.0083479,0.034519,-0
-0.0083392,0.03452,-0
-0.0083304,0.034521,-0
-0.0083217,0.034522,-0
-0.00831,0.034523,-0
-0.0083013,0.034524,-0
-0.0082926,0.034525,-0
-0.0082809,0.034526,-0
-0.0082722,0.034527,-0
-0.0082635,0.034528,-0
-0.0082518,0.034529,-0
-0.0082431,0.03453,-0
-0.0082344,0.03453,-0
-0.0082257,0.034531,-0
-0.008214,0.034532,-0
-0.0082053,0.034533,-0
-0.0081966,0.034534,-0
-0.008185,0.034535,-0
-0.0081762,0.034536,-0
-0.0081675,0.034537,-0
-0.0081559,0.034538,-0
-0.0081472,0.034538,-0
-0.0081385,0.034539,-0
-0.0081298,0.03454,-0
-0.0081181,0.034541,-0
-0.0081094,0.034542,-0
-0.0081007,0.034543,-0
-0.0080891,0.034544,-0
-0.0080804,0.034544,-0
-0.0080717,0.034545,-0
-0.0080601,0.034546,-0
-0.0080514,0.034547,-0
-0.0080427,0.034548,-0
-0.008034,0.034548,-0
-0.0080224,0.034549,-0
-0.0080137,0.03455,-0
-0.008005,0.034551,-0
-0.0079934,0.034552,-0
-0.0079847,0.034553,-0
-0.007976,0.034553,-0
-0.0079644,0.034554,-0
-0.0079557,0.034555,-0
-0.007947,0.034556,-0
-0.0079383,0.034557,-0
-0.0079267,0.034557,-0
-0.007918,0.034558,-0
-0.0079093,0.034559,-0
-0.0078977,0.03456,-0
-0.0078891,0.034561,-0
-0.0078804,0.034561,-0
-0.0078688,0.034562,-0
-0.0078601,0.034563,-0
-0.0078514,0.034564,-0
-0.0078427,0.034564,-0
-0.0078312,0.034565,-0
-0.0078225,0.034566,-0
-0.0078138,0.034567,-0
-0.0078022,0.034567,-0
-0.0077936,0.034568,-0
-0.0077849,0.034569,-0
-0.0077733,0.03457,-0
-0.0077647,0.03457,-0
-0.007756,0.034571,-0
-0.0077473,0.034572,-0
-0.0077358,0.034573,-0
-0.0077271,0.034573,-0
-0.0077184,0.034574,-0
-0.0077069,0.034575,-0
-0.0076982,0.034575,-0
-0.0076896,0.034576,-0
-0.007678,0.034577,-0
-0.0076694,0.034577,-0
-0.0076607,0.034578,-0
-0.0076521,0.034579,-0
-0.0076405,0.034579,-0
-0.0076319,0.03458,-0
-0.0076232,0.034581,-0
-0.0076117,0.034582,-0
-0.007603,0.034582,-0
-0.0075944,0.034583,-0
-0.0075829,0.034584,-0
-0.0075742,0.034584,-0
-0.0075656,0.034585,-0
-0.0075569,0.034585,-0
-0.0075454,0.034586,-0
-0.0075368,0.034587,-0
-0.0075281,0.034587,-0
-0.0075166,0.034588,-0
-0.007508,0.034589,-0
-0.0074993,0.034589,-0
-0.0074878,0.03459,-0
-0.0074792,0.034591,-0
-0.0074706,0.034591,-0
-0.0074619,0.034592,-0
-0.0074504,0.034592,-0
-0.0074418,0.034593,-0
-0.0074332,0.034594,-0
-0.0074217,0.034594,-0
-0.0074131,0.034595,-0
-0.0074045,0.034595,-0
-0.007393,0.034596,-0
-0.0073843,0.034597,-0
-0.0073757,0.034597,-0
-0.0073671,0.034598,-0
-0.0073556,0.034598,-0
-0.007347,0.034599,-0
-0.0073384,0.034599,-0
-0.0073269,0.0346,-0
-0.0073183,0.034601,-0
-0.0073097,0.034601,-0
-0.0072983,0.034602,-0
-0.0072897,0.034602,-0
-0.0072811,0.034603,-0
-0.0072725,0.034603,-0
-0.007261,0.034604,-0
-0.0072524,0.034604,-0
-0.0072438,0.034605,-0
-0.0072324,0.034605,-0
-0.0072238,0.034606,-0
-0.0072152,0.034606,-0
-0.0072037,0.034607,-0
-0.0071951,0.034608,-0
-0.0071866,0.034608,-0
-0.007178,0.034608,-0
-0.0071665,0.034609,-0
-0.007158,0.03461,-0
-0.0071494,0.03461,-0
-0.0071379,0.034611,-0
-0.0071294,0.034611,-0
-0.0071208,0.034611,-0
-0.0071094,0.034612,-0
-0.0071008,0.034612,-0
-0.0070922,0.034613,-0
-0.0070837,0.034613,-0
-0.0070722,0.034614,-0
-0.0070637,0.034614,-0
-0.0070551,0.034615,-0
-0.0070437,0.034615,-0
-0.0070352,0.034616,-0
-0.0070266,0.034616,-0
-0.0070152,0.034617,-0
-0.0070066,0.034617,-0
-0.0069981,0.034617,-0
-0.0069896,0.034618,-0
-0.0069782,0.034618,-0
-0.0069696,0.034619,-0
-0.0069611,0.034619,-0
-0.0069497,0.03462,-0
-0.0069411,0.03462,-0
-0.0069326,0.03462,-0
-0.0069212,0.034621,-0
-0.0069127,0.034621,-0
-0.0069042,0.034622,-0
-0.0068956,0.034622,-0
-0.0068843,0.034623,-0
-0.0068757,0.034623,-0
-0.0068672,0.034623,-0
-0.0068559,0.034624,-0
-0.0068473,0.034624,-0
-0.0068388,0.034624,-0
-0.0068275,0.034625,-0
-0.0068189,0.034625,-0
-0.0068104,0.034626,-0
-0.0068019,0.034626,-0
-0.0067906,0.034626,-0
-0.0067821,0.034627,-0
-0.0067736,0.034627,-0
-0.0067622,0.034627,-0
-0.0067537,0.034628,-0
-0.0067452,0.034628,-0
-0.0067339,0.034628,-0
-0.0067254,0.034629,-0
-0.0067169,0.034629,-0
-0.0067084,0.034629,-0
-0.0066971,0.03463,-0
-0.0066886,0.03463,-0
-0.0066801,0.03463,-0
-0.0066688,0.034631,-0
-0.0066604,0.034631,-0
-0.0066519,0.034631,-0
-0.0066406,0.034632,-0
-0.0066321,0.034632,-0
-0.0066236,0.034632,-0
-0.0066152,0.034632,-0
-0.0066039,0.034633,-0
-0.0065954,0.034633,-0
-0.006587,0.034633,-0
-0.0065757,0.034634,-0
-0.0065672,0.034634,-0
-0.0065588,0.034634,-0
-0.0065475,0.034634,-0
-0.006539,0.034635,-0
-0.0065306,0.034635,-0
-0.0065221,0.034635,-0
-0.0065109,0.034635,-0
-0.0065024,0.034636,-0
-0.006494,0.034636,-0
-0.0064828,0.034636,-0
-0.0064743,0.034636,-0
-0.0064659,0.034637,-0
-0.0064546,0.034637,-0
-0.0064462,0.034637,-0
-0.0064378,0.034637,-0
-0.0064294,0.034638,-0
-0.0064181,0.034638,-0
-0.0064097,0.034638,-0
-0.0064013,0.034638,-0
-0.0063901,0.034638,-0
-0.0063817,0.034639,-0
-0.0063733,0.034639,-0
-0.0063621,0.034639,-0
-0.0063537,0.034639,-0
-0.0063453,0.034639,-0
-0.0063369,0.03464,-0
-0.0063257,0.03464,-0
-0.0063173,0.03464,-0
-0.0063089,0.03464,-0
-0.0062977,0.03464,-0
-0.0062893,0.03464,-0
-0.0062809,0.034641,-0
-0.0062698,0.034641,-0
-0.0062614,0.034641,-0
-0.006253,0.034641,-0
-0.0062446,0.034641,-0
-0.0062335,0.034641,-0
-0.0062251,0.034641,-0
-0.0062167,0.034642,-0
-0.0062056,0.034642,-0
-0.0061972,0.034642,-0
-0.0061889,0.034642,-0
-0.0061777,0.034642,-0
-0.0061694,0.034642,-0
-0.0061611,0.034642,-0
-0.0061527,0.034642,-0
-0.0061416,0.034643,-0
-0.0061332,0.034643,-0
-0.0061249,0.034643,-0
-0.0061138,0.034643,-0
-0.0061055,0.034643,-0
-0.0060971,0.034643,-0
-0.006086,0.034643,-0
-0.0060777,0.034643,-0
-0.0060694,0.034643,-0
-0.0060611,0.034643,-0
-0.00605,0.034643,-0
-0.0060417,0.034644,-0
-0.0060334,0.034644,-0
-0.0060223,0.034644,-0
-0.006014,0.034644,-0
-0.0060057,0.034644,-0
-0.0059947,0.034644,-0
-0.0059864,0.034644,-0
-0.0059781,0.034644,-0
-0.0059698,0.034644,-0
-0.0059587,0.034644,-0
-0.0059505,0.034644,-0
-0.0059422,0.034644,-0
-0.0059312,0.034644,-0
-0.0059229,0.034644,-0
-0.0059146,0.034644,-0
-0.0059036,0.034644,-0
-0.0058954,0.034644,-0
-0.0058871,0.034644,-0
-0.0058788,0.034644,-0
-0.0058678,0.034644,-0
-0.0058596,0.034644,-0
-0.0058514,0.034644,-0
-0.0058404,0.034644,-0
-0.0058321,0.034644,-0
-0.0058239,0.034644,-0
-0.0058129,0.034644,-0
-0.0058047,0.034644,-0
-0.0057965,0.034644,-0
-0.0057883,0.034644,-0
-0.0057773,0.034644,-0
-0.0057691,0.034644,-0
-0.0057609,0.034644,-0
-0.00575,0.034644,-0
-0.0057418,0.034644,-0
-0.0057336,0.034644,-0
-0.0057226,0.034644,-0
-0.0057144,0.034644,-0
-0.0057063,0.034644,-0
-0.0056981,0.034643,-0
-0.0056872,0.034643,-0
-0.005679,0.034643,-0
-0.0056708,0.034643,-0
-0.0056599,0.034643,-0
-0.0056518,0.034643,-0
-0.0056436,0.034643,-0
-0.0056327,0.034643,-0
-0.0056246,0.034643,-0
-0.0056164,0.034643,-0
-0.0056083,0.034643,-0
-0.0055975,0.034642,-0
-0.0055893,0.034642,-0
-0.0055812,0.034642,-0
-0.0055703,0.034642,-0
-0.0055622,0.034642,-0
-0.0055541,0.034642,-0
-0.0055433,0.034642,-0
-0.0055352,0.034642,-0
-0.0055271,0.034641,-0
-0.005519,0.034641,-0
-0.0055082,0.034641,-0
-0.0055001,0.034641,-0
-0.005492,0.034641,-0
-0.0054812,0.034641,-0
-0.0054731,0.034641,-0
-0.0054651,0.03464,-0
-0.0054543,0.03464,-0
-0.0054462,0.03464,-0
-0.0054382,0.03464,-0
-0.0054301,0.03464,-0
-0.0054194,0.034639,-0
-0.0054113,0.034639,-0
-0.0054033,0.034639,-0
-0.0053925,0.034639,-0
-0.0053845,0.034639,-0
-0.0053765,0.034639,-0
-0.0053658,0.034638,-0
-0.0053578,0.034638,-0
-0.0053497,0.034638,-0
-0.0053417,0.034638,-0
-0.0053311,0.034637,-0
-0.0053231,0.034637,-0
-0.0053151,0.034637,-0
-0.0053044,0.034637,-0
-0.0052964,0.034637,-0
-0.0052884,0.034636,-0
-0.0052778,0.034636,-0
-0.0052698,0.034636,-0
-0.0052619,0.034636,-0
-0.0052539,0.034635,-0
-0.0052433,0.034635,-0
-0.0052353,0.034635,-0
-0.0052274,0.034635,-0
-0.0052168,0.034634,-0
-0.0052089,0.034634,-0
-0.0052009,0.034634,-0
-0.0051904,0.034633,-0
-0.0051825,0.034633,-0
-0.0051745,0.034633,-0
-0.0051666,0.034633,-0
-0.0051561,0.034632,-0
-0.0051482,0.034632,-0
-0.0051403,0.034632,-0
-0.0051298,0.034631,-0
-0.0051219,0.034631,-0
-0.005114,0.034631,-0
-0.0051036,0.03463,-0
-0.0050957,0.03463,-0
-0.0050878,0.03463,-0
-0.00508,0.03463,-0
-0.0050695,0.034629,-0
-0.0050617,0.034629,-0
-0.0050539,0.034629,-0
-0.0050434,0.034628,-0
-0.0050356,0.034628,-0
-0.0050278,0.034628,-0
-0.0050174,0.034627,-0
-0.0050096,0.034627,-0
-0.0050018,0.034627,-0
-0.004994,0.034626,-0
-0.0049836,0.034626,-0
-0.0049758,0.034625,-0
-0.0049681,0.034625,-0
-0.0049577,0.034625,-0
-0.00495,0.034624,-0
-0.0049422,0.034624,-0
-0.0049319,0.034624,-0
-0.0049242,0.034623,-0
-0.0049164,0.034623,-0
-0.0049087,0.034622,-0
-0.0048984,0.034622,-0
-0.0048907,0.034622,-0
-0.004883,0.034621,-0
-0.0048728,0.034621,-0
-0.0048651,0.03462,-0
-0.0048574,0.03462,-0
-0.0048472,0.034619,-0
-0.0048395,0.034619,-0
-0.0048319,0.034619,-0
-0.0048242,0.034618,-0
-0.004814,0.034618,-0
-0.0048064,0.034617,-0
-0.0047988,0.034617,-0
-0.0047886,0.034616,-0
-0.004781,0.034616,-0
-0.0047734,0.034616,-0
-0.0047633,0.034615,-0
-0.0047557,0.034615,-0
-0.0047481,0.034614,-0
-0.0047405,0.034614,-0
-0.0047304,0.034613,-0
-0.0047229,0.034613,-0
-0.0047153,0.034612,-0
-0.0047053,0.034612,-0
-0.0046978,0.034611,-0
-0.0046902,0.034611,-0
-0.0046802,0.03461,-0
-0.0046727,0.03461,-0
-0.0046652,0.034609,-0
-0.0046577,0.034609,-0
-0.0046478,0.034608,-0
-0.0046403,0.034608,-0
-0.0046329,0.034608,-0
-0.0046229,0.034607,-0
-0.0046155,0.034606,-0
-0.0046081,0.034606,-0
-0.0045982,0.034605,-0
-0.0045907,0.034605,-0
-0.0045833,0.034604,-0
-0.004576,0.034604,-0
-0.0045661,0.034603,-0
-0.0045587,0.034603,-0
-0.0045514,0.034602,-0
-0.0045416,0.034602,-0
-0.0045342,0.034601,-0
-0.0045269,0.034601,-0
-0.0045171,0.0346,-0
-0.0045098,0.034599,-0
-0.0045025,0.034599,-0
-0.0044952,0.034598,-0
-0.0044855,0.034598,-0
-0.0044783,0.034597,-0
-0.004471,0.034597,-0
-0.0044613,0.034596,-0
-0.0044541,0.034595,-0
-0.0044469,0.034595,-0
-0.0044373,0.034594,-0
-0.0044301,0.034594,-0
-0.0044229,0.034593,-0
-0.0044157,0.034593,-0
-0.0044061,0.034592,-0
-0.004399,0.034591,-0
-0.0043918,0.034591,-0
-0.0043823,0.03459,-0
-0.0043752,0.03459,-0
-0.0043681,0.034589,-0
-0.0043587,0.034588,-0
-0.0043516,0.034588,-0
-0.0043445,0.034587,-0
-0.0043375,0.034587,-0
-0.0043281,0.034586,-0
-0.004321,0.034585,-0
-0.004314,0.034585,-0
-0.0043047,0.034584,-0
-0.0042977,0.034583,-0
-0.0042907,0.034583,-0
-0.0042838,0.034582,-0
-0.0042745,0.034581,-0
-0.0042676,0.034581,-0
-0.0042606,0.03458,-0
-0.0042514,0.034579,-0
-0.0042446,0.034579,-0
-0.0042377,0.034578,-0
-0.0042285,0.034577,-0
-0.0042217,0.034577,-0
-0.0042149,0.034576,-0
-0.004208,0.034575,-0
-0.004199,0.034575,-0
-0.0041922,0.034574,-0
-0.0041854,0.034573,-0
-0.0041764,0.034573,-0
-0.0041697,0.034572,-0
-0.004163,0.034571,-0
-0.004154,0.034571,-0
-0.0041474,0.03457,-0
-0.0041407,0.034569,-0
-0.004134,0.034569,-0
-0.0041252,0.034568,-0
-0.0041186,0.034567,-0
-0.004112,0.034566,-0
-0.0041032,0.034566,-0
-0.0040967,0.034565,-0
-0.0040901,0.034564,-0
-0.0040814,0.034563,-0
-0.0040749,0.034563,-0
-0.0040684,0.034562,-0
-0.004062,0.034561,-0
-0.0040534,0.034561,-0
-0.004047,0.03456,-0
-0.0040405,0.034559,-0
-0.004032,0.034558,-0
-0.0040257,0.034558,-0
-0.0040193,0.034557,-0
-0.0040109,0.034556,-0
-0.0040046,0.034556,-0
-0.0039983,0.034555,-0
-0.0039921,0.034554,-0
-0.0039837,0.034553,-0
-0.0039775,0.034553,-0
-0.0039713,0.034552,-0
-0.0039631,0.034551,-0
-0.003957,0.03455,-0
-0.0039509,0.03455,-0
-0.0039427,0.034549,-0
-0.0039367,0.034548,-0
-0.0039306,0.034547,-0
-0.0039246,0.034547,-0
-0.0039166,0.034546,-0
-0.0039106,0.034545,-0
-0.0039047,0.034544,-0
-0.0038968,0.034543,-0
-0.0038909,0.034543,-0
-0.003885,0.034542,-0
-0.0038772,0.034541,-0
-0.0038714,0.03454,-0
-0.0038657,0.03454,-0
-0.0038599,0.034539,-0
-0.0038523,0.034538,-0
-0.0038466,0.034537,-0
-0.0038409,0.034537,-0
-0.0038334,0.034536,-0
-0.0038278,0.034535,-0
-0.0038222,0.034534,-0
-0.0038148,0.034534,-0
-0.0038093,0.034533,-0
-0.0038039,0.034532,-0
-0.0037984,0.034531,-0
-0.0037912,0.034531,-0
-0.0037858,0.03453,-0
-0.0037805,0.034529,-0
-0.0037734,0.034528,-0
-0.0037681,0.034528,-0
-0.0037629,0.034527,-0
-0.003756,0.034526,-0
-0.0037508,0.034525,-0
-0.0037457,0.034525,-0
-0.0037406,0.034524,-0
-0.0037339,0.034523,-0
-0.0037289,0.034522,-0
-0.0037239,0.034522,-0
-0.0037174,0.034521,-0
-0.0037125,0.03452,-0
-0.0037076,0.034519,-0
-0.0037013,0.034518,-0
-0.0036965,0.034518,-0
-0.0036918,0.034517,-0
-0.0036871,0.034516,-0
-0.003681,0.034516,-0
-0.0036764,0.034515,-0
-0.0036719,0.034514,-0
-0.0036659,0.034513,-0
-0.0036615,0.034513,-0
-0.0036571,0.034512,-0
-0.0036514,0.034511,-0
-0.0036471,0.034511,-0
-0.0036429,0.03451,-0
-0.0036387,0.034509,-0
-0.0036333,0.034508,-0
-0.0036292,0.034508,-0
-0.0036252,0.034507,-0
-0.00362,0.034506,-0
-0.0036161,0.034506,-0
-0.0036123,0.034505,-0
-0.0036073,0.034504,-0
-0.0036036,0.034504,-0
-0.0036,0.034503,-0
-0.0035964,0.034503,-0
-0.0035917,0.034502,-0
-0.0035883,0.034501,-0
-0.003585,0.034501,-0
-0.0035806,0.0345,-0
-0.0035774,0.0345,-0
-0.0035742,0.034499,-0
-0.0035701,0.034498,-0
-0.0035672,0.034498,-0
-0.0035642,0.034497,-0
-0.0035614,0.034497,-0
-0.0035577,0.034496,-0
-0.0035551,0.034496,-0
-0.0035525,0.034495,-0
-0.0035491,0.034495,-0
-0.0035467,0.034494,-0
-0.0035444,0.034494,-0
-0.0035415,0.034493,-0
-0.0035394,0.034493,-0
-0.0035373,0.034493,-0
-0.0035354,0.034492,-0
-0.0035329,0.034492,-0
-0.0035312,0.034492,-0
-0.0035296,0.034491,-0
-0.0035276,0.034491,-0
-0.0035262,0.034491,-0
-0.0035249,0.03449,-0
-0.0035233,0.03449,-0
-0.0035223,0.03449,-0
-0.0035214,0.03449,-0
-0.0035206,0.03449,-0
-0.0035197,0.034489,-0
-0.0035176,0.034489,-0
-0.0035123,0.034488,-0
-0.0035015,0.034486,-0
-0.0034918,0.034484,-0
-0.0034819,0.034482,-0
-0.0034699,0.034479,-0
-0.0034622,0.034478,-0
-0.0034546,0.034476,-0
-0.003447,0.034475,-0
-0.0034369,0.034473,-0
-0.0034293,0.034471,-0
-0.0034217,0.03447,-0
-0.0034116,0.034468,-0
-0.003404,0.034466,-0
-0.0033965,0.034465,-0
-0.0033864,0.034463,-0
-0.0033789,0.034461,-0
-0.0033714,0.03446,-0
-0.0033639,0.034458,-0
-0.0033538,0.034456,-0
-0.0033464,0.034455,-0
-0.0033389,0.034453,-0
-0.0033289,0.034451,-0
-0.0033214,0.034449,-0
-0.003314,0.034448,-0
-0.0033041,0.034446,-0
-0.0032966,0.034444,-0
-0.0032892,0.034443,-0
-0.0032818,0.034441,-0
-0.0032719,0.034439,-0
-0.0032646,0.034438,-0
-0.0032572,0.034436,-0
-0.0032474,0.034434,-0
-0.00324,0.034433,-0
-0.0032327,0.034431,-0
-0.0032229,0.034429,-0
-0.0032156,0.034428,-0
-0.0032084,0.034426,-0
-0.0032011,0.034425,-0
-0.0031914,0.034422,-0
-0.0031841,0.034421,-0
-0.0031768,0.034419,-0
-0.003167,0.034417,-0
-0.0031595,0.034416,-0
-0.003152,0.034414,-0
-0.0031419,0.034412,-0
-0.0031344,0.03441,-0
-0.0031268,0.034409,-0
-0.0031192,0.034407,-0
-0.0031093,0.034405,-0
-0.0031018,0.034403,-0
-0.0030943,0.034402,-0
-0.0030842,0.0344,-0
-0.0030765,0.034398,-0
-0.0030686,0.034396,-0
-0.0030576,0.034394,-0
-0.0030492,0.034392,-0
-0.0030407,0.03439,-0
-0.003032,0.034388,-0
-0.0030204,0.034386,-0
-0.0030118,0.034384,-0
-0.0030032,0.034382,-0
-0.0029918,0.03438,-0
-0.0029832,0.034378,-0
-0.0029744,0.034376,-0
-0.0029625,0.034373,-0
-0.0029532,0.034371,-0
-0.0029436,0.034369,-0
-0.0029337,0.034367,-0
-0.0029201,0.034364,-0
-0.0029098,0.034362,-0
-0.0028994,0.03436,-0
-0.0028855,0.034357,-0
-0.0028751,0.034354,-0
-0.0028647,0.034352,-0
-0.0028506,0.034349,-0
-0.0028399,0.034347,-0
-0.0028289,0.034344,-0
-0.0028176,0.034342,-0
-0.0028019,0.034338,-0
-0.0027898,0.034336,-0
-0.0027773,0.034333,-0
-0.0027603,0.034329,-0
-0.0027474,0.034327,-0
-0.0027344,0.034324,-0
-0.0027169,0.03432,-0
-0.0027038,0.034317,-0
-0.0026904,0.034314,-0
-0.0026768,0.034311,-0
-0.0026582,0.034307,-0
-0.0026438,0.034304,-0
-0.0026288,0.034301,-0
-0.0026082,0.034297,-0
-0.0025922,0.034294,-0
-0.0025758,0.03429,-0
-0.0025536,0.034285,-0
-0.0025368,0.034282,-0
-0.0025197,0.034278,-0
-0.0025025,0.034275,-0
-0.0024791,0.03427,-0
-0.0024611,0.034266,-0
-0.0024427,0.034263,-0
-0.0024174,0.034258,-0
-0.0023976,0.034254,-0
-0.0023772,0.03425,-0
-0.0023491,0.034244,-0
-0.0023275,0.03424,-0
-0.0023054,0.034235,-0
-0.002283,0.034231,-0
-0.0022526,0.034225,-0
-0.0022294,0.034221,-0
-0.0022057,0.034216,-0
-0.0021734,0.03421,-0
-0.0021485,0.034206,-0
-0.0021229,0.034201,-0
-0.0020875,0.034195,-0
-0.0020601,0.03419,-0
-0.0020319,0.034185,-0
-0.002003,0.03418,-0
-0.0019636,0.034173,-0
-0.0019333,0.034168,-0
-0.0019026,0.034163,-0
-0.0018608,0.034156,-0
-0.0018287,0.034151,-0
-0.001796,0.034146,-0
-0.0017512,0.034139,-0
-0.0017166,0.034133,-0
-0.0016811,0.034128,-0
-0.0016447,0.034123,-0
-0.0015948,0.034116,-0
-0.0015564,0.03411,-0
-0.0015172,0.034105,-0
-0.0014639,0.034098,-0
-0.0014232,0.034093,-0
-0.0013818,0.034087,-0
-0.0013256,0.034081,-0
-0.0012825,0.034076,-0
-0.0012386,0.034071,-0
-0.0011939,0.034066,-0
-0.0011329,0.034059,-0
-0.0010861,0.034055,-0
-0.0010384,0.03405,-0
-0.00097372,0.034044,-0
-0.00092435,0.03404,-0
-0.00087436,0.034036,-0
-0.00080684,0.034031,-0
-0.00075554,0.034027,-0
-0.00070367,0.034024,-0
-0.00065124,0.03402,-0
-0.00058048,0.034016,-0
-0.00052678,0.034013,-0
-0.00047255,0.034011,-0
-0.00039945,0.034008,-0
-0.00034409,0.034006,-0
-0.00028835,0.034004,-0
-0.00021356,0.034002,-0
-0.0001572,0.034001,-0
-0.00010069,0.034001,-0
-4.4046e-05,0.034,-0
3.1645e-05,0.034,0
8.8479e-05,0.034,0
0.00014532,0.034,0
0.00022103,0.034002,0
0.00027771,0.034003,0
0.00033425,0.034004,0
0.00040936,0.034006,0
0.00046542,0.034008,0
0.00052121,0.034011,0
0.00057666,0.034013,0
0.00065001,0.034017,0
0.00070456,0.03402,0
0.00075868,0.034024,0
0.0008301,0.034029,0
0.00088304,0.034032,0
0.00093539,0.034037,0
0.0010042,0.034042,0
0.0010551,0.034047,0
0.0011053,0.034052,0
0.0011548,0.034056,0
0.0012197,0.034063,0
0.0012676,0.034068,0
0.0013148,0.034073,0
0.0013766,0.034081,0
0.0014221,0.034086,0
0.001467,0.034092,0
0.0015255,0.034099,0
0.0015684,0.034105,0
0.0016104,0.034111,0
0.0016516,0.034117,0
0.0017053,0.034125,0
0.0017445,0.034131,0
0.001783,0.034136,0
0.0018331,0.034144,0
0.0018699,0.03415,0
0.001906,0.034156,0
0.001953,0.034164,0
0.0019875,0.03417,0
0.0020212,0.034176,0
0.0020542,0.034181,0
0.0020969,0.034189,0
0.002128,0.034195,0
0.0021583,0.0342,0
0.0021977,0.034207,0
0.0022264,0.034213,0
0.0022545,0.034218,0
0.002291,0.034225,0
0.0023178,0.034231,0
0.0023441,0.034236,0
0.0023698,0.034241,0
0.0024031,0.034248,0
0.0024274,0.034253,0
0.0024511,0.034258,0
0.0024816,0.034264,0
0.0025037,0.034269,0
0.0025253,0.034273,0
0.0025533,0.034279,0
0.0025737,0.034283,0
0.0025937,0.034288,0
0.0026198,0.034293,0
0.0026389,0.034298,0
0.0026576,0.034302,0
0.0026759,0.034306,0
0.0026996,0.034311,0
0.0027167,0.034315,0
0.0027334,0.034318,0
0.0027548,0.034323,0
0.0027704,0.034327,0
0.0027855,0.03433,0
0.0028053,0.034335,0
0.0028197,0.034338,0
0.0028338,0.034341,0
0.0028477,0.034344,0
0.0028657,0.034349,0
0.0028789,0.034352,0
0.0028918,0.034355,0
0.0029087,0.034358,0
0.0029211,0.034361,0
0.0029333,0.034364,0
0.0029493,0.034368,0
0.002961,0.034371,0
0.0029726,0.034373,0
0.0029839,0.034376,0
0.0029988,0.034379,0
0.0030097,0.034382,0
0.0030205,0.034384,0
0.0030346,0.034388,0
0.0030449,0.03439,0
0.0030552,0.034393,0
0.0030686,0.034396,0
0.0030785,0.034398,0
0.0030883,0.0344,0
0.003098,0.034403,0
0.0031107,0.034406,0
0.00312,0.034408,0
0.0031293,0.03441,0
0.0031414,0.034413,0
0.0031504,0.034415,0
0.0031593,0.034417,0
0.0031711,0.03442,0
0.0031797,0.034422,0
0.0031883,0.034424,0
0.0031968,0.034426,0
0.003208,0.034428,0
0.0032163,0.03443,0
0.0032246,0.034432,0
0.0032354,0.034435,0
0.0032435,0.034437,0
0.0032515,0.034439,0
0.0032621,0.034441,0
0.0032699,0.034443,0
0.0032777,0.034445,0
0.0032854,0.034446,0
0.0032956,0.034449,0
0.0033032,0.034451,0
0.0033108,0.034452,0
0.0033208,0.034455,0
0.0033282,0.034456,0
0.0033356,0.034458,0
0.0033454,0.03446,0
0.0033527,0.034462,0
0.00336,0.034464,0
0.0033672,0.034465,0
0.0033768,0.034468,0
0.0033839,0.034469,0
0.0033911,0.034471,0
0.0034005,0.034473,0
0.0034075,0.034475,0
0.0034146,0.034476,0
0.0034239,0.034478,0
0.0034308,0.03448,0
0.0034378,0.034482,0
0.0034447,0.034483,0
0.0034539,0.034485,0
0.0034608,0.034487,0
0.0034676,0.034488,0
0.0034767,0.03449,0
0.0034836,0.034492,0
0.0034904,0.034493,0
0.0034994,0.034495,0
0.0035062,0.034497,0
0.0035129,0.034498,0
0.0035197,0.0345,0
0.0035287,0.034502,0
0.0035354,0.034504,0
0.0035421,0.034505,0
0.0035511,0.034507,0
0.0035578,0.034508,0
0.0035645,0.03451,0
0.0035734,0.034512,0
0.0035801,0.034513,0
0.0035868,0.034515,0
0.0035934,0.034516,0
0.0036023,0.034518,0
0.003609,0.03452,0
0.0036157,0.034521,0
0.0036246,0.034523,0
0.0036313,0.034525,0
0.0036379,0.034526,0
0.0036469,0.034528,0
0.0036535,0.034529,0
0.0036602,0.034531,0
0.0036669,0.034532,0
0.0036758,0.034534,0
0.0036825,0.034536,0
0.0036892,0.034537,0
0.0036982,0.034539,0
0.0037049,0.034541,0
0.0037116,0.034542,0
0.0037206,0.034544,0
0.0037273,0.034545,0
0.0037341,0.034547,0
0.0037408,0.034548,0
0.0037498,0.03455,0
0.0037566,0.034552,0
0.0037634,0.034553,0
0.0037724,0.034555,0
0.0037792,0.034556,0
0.003786,0.034558,0
0.0037951,0.03456,0
0.003802,0.034561,0
0.0038088,0.034563,0
0.0038157,0.034564,0
0.0038248,0.034566,0
0.0038317,0.034567,0
0.0038386,0.034569,0
0.0038478,0.034571,0
0.0038548,0.034572,0
0.0038617,0.034573,0
0.003871,0.034575,0
0.0038779,0.034577,0
0.0038849,0.034578,0
0.0038919,0.03458,0
0.0039012,0.034582,0
0.0039083,0.034583,0
0.0039153,0.034585,0
0.0039247,0.034586,0
0.0039318,0.034588,0
0.0039389,0.034589,0
0.0039483,0.034591,0
0.0039555,0.034593,0
0.0039626,0.034594,0
0.0039698,0.034596,0
0.0039793,0.034597,0
0.0039865,0.034599,0
0.0039937,0.0346,0
0.0040033,0.034602,0
0.0040106,0.034604,0
0.0040178,0.034605,0
0.0040275,0.034607,0
0.0040348,0.034609,0
0.0040422,0.03461,0
0.0040495,0.034612,0
0.0040593,0.034613,0
0.0040667,0.034615,0
0.004074,0.034616,0
0.0040839,0.034618,0
0.0040914,0.03462,0
0.0040988,0.034621,0
0.0041087,0.034623,0
0.0041162,0.034625,0
0.0041237,0.034626,0
0.0041313,0.034628,0
0.0041413,0.03463,0
0.0041489,0.034631,0
0.0041565,0.034633,0
0.0041666,0.034635,0
0.0041742,0.034636,0
0.0041819,0.034638,0
0.0041921,0.03464,0
0.0041998,0.034641,0
0.0042075,0.034643,0
0.0042152,0.034644,0
0.0042255,0.034646,0
0.0042333,0.034648,0
0.0042411,0.034649,0
0.0042515,0.034651,0
0.0042593,0.034653,0
0.0042671,0.034654,0
0.0042776,0.034656,0
0.0042855,0.034658,0
0.0042934,0.034659,0
0.0043014,0.034661,0
0.004312,0.034663,0
0.0043199,0.034664,0
0.0043279,0.034666,0
0.0043386,0.034668,0
0.0043467,0.034669,0
0.0043547,0.034671,0
0.0043655,0.034673,0
0.0043736,0.034674,0
0.0043817,0.034676,0
0.0043899,0.034677,0
0.0044007,0.034679,0
0.0044089,0.034681,0
0.0044171,0.034683,0
0.0044281,0.034685,0
0.0044364,0.034686,0
0.0044446,0.034688,0
0.0044557,0.03469,0
0.004464,0.034691,0
0.0044723,0.034693,0
0.0044807,0.034695,0
0.0044919,0.034697,0
0.0045003,0.034698,0
0.0045087,0.0347,0
0.0045199,0.034702,0
0.0045284,0.034703,0
0.0045369,0.034705,0
0.0045483,0.034707,0
0.0045568,0.034709,0
0.0045653,0.03471,0
0.0045739,0.034712,0
0.0045854,0.034714,0
0.004594,0.034716,0
0.0046026,0.034717,0
0.0046142,0.034719,0
0.0046229,0.034721,0
0.0046316,0.034723,0
0.0046432,0.034725,0
0.004652,0.034727,0
0.0046607,0.034728,0
0.0046695,0.03473,0
0.0046813,0.034732,0
0.0046901,0.034734,0
0.004699,0.034735,0
0.0047108,0.034737,0
0.0047197,0.034739,0
0.0047286,0.034741,0
0.0047405,0.034743,0
0.0047495,0.034745,0
0.0047585,0.034746,0
0.0047675,0.034748,0
0.0047795,0.03475,0
0.0047886,0.034752,0
0.0047977,0.034753,0
0.0048098,0.034756,0
0.0048189,0.034757,0
0.004828,0.034759,0
0.0048403,0.034761,0
0.0048494,0.034763,0
0.0048586,0.034765,0
0.0048679,0.034766,0
0.0048802,0.034769,0
0.0048895,0.03477,0
0.0048987,0.034772,0
0.0049112,0.034774,0
0.0049205,0.034776,0
0.0049298,0.034778,0
0.0049423,0.03478,0
0.0049517,0.034782,0
0.0049611,0.034784,0
0.0049706,0.034785,0
0.0049832,0.034788,0
0.0049927,0.03479,0
0.0050022,0.034791,0
0.0050149,0.034794,0
0.0050244,0.034795,0
0.005034,0.034797,0
0.0050467,0.0348,0
0.0050563,0.034801,0
0.005066,0.034803,0
0.0050756,0.034805,0
0.0050885,0.034807,0
0.0050982,0.034809,0
0.0051079,0.034811,0
0.0051209,0.034813,0
0.0051306,0.034815,0
0.0051404,0.034817,0
0.0051535,0.034819,0
0.0051633,0.034821,0
0.0051731,0.034823,0
0.0051829,0.034825,0
0.0051961,0.034827,0
0.005206,0.034829,0
0.0052158,0.034831,0
0.005229,0.034833,0
0.0052388,0.034835,0
0.0052486,0.034837,0
0.0052616,0.03484,0
0.0052713,0.034841,0
0.005281,0.034843,0
0.0052907,0.034845,0
0.0053036,0.034847,0
0.0053133,0.034849,0
0.0053229,0.034851,0
0.0053357,0.034853,0
0.0053453,0.034855,0
0.0053549,0.034857,0
0.0053676,0.034859,0
0.0053771,0.034861,0
0.0053867,0.034863,0
0.0053962,0.034865,0
0.0054088,0.034867,0
0.0054183,0.034869,0
0.0054278,0.034871,0
0.0054403,0.034873,0
0.0054498,0.034875,0
0.0054592,0.034877,0
0.0054717,0.034879,0
0.005481,0.034881,0
0.0054904,0.034883,0
0.0054997,0.034884,0
0.0055121,0.034887,0
0.0055214,0.034889,0
0.0055307,0.03489,0
0.0055431,0.034893,0
0.0055523,0.034894,0
0.0055616,0.034896,0
0.0055739,0.034898,0
0.0055831,0.0349,0
0.0055923,0.034902,0
0.0056014,0.034904,0
0.0056136,0.034906,0
0.0056228,0.034908,0
0.0056319,0.034909,0
0.0056441,0.034912,0
0.0056532,0.034914,0
0.0056622,0.034915,0
0.0056743,0.034918,0
0.0056834,0.034919,0
0.0056924,0.034921,0
0.0057014,0.034923,0
0.0057134,0.034925,0
0.0057224,0.034927,0
0.0057314,0.034928,0
0.0057434,0.034931,0
0.0057523,0.034932,0
0.0057613,0.034934,0
0.0057732,0.034936,0
0.0057821,0.034938,0
0.005791,0.03494,0
0.0057999,0.034941,0
0.0058117,0.034944,0
0.0058206,0.034945,0
0.0058295,0.034947,0
0.0058412,0.034949,0
0.0058501,0.034951,0
0.0058589,0.034953,0
0.0058706,0.034955,0
0.0058794,0.034956,0
0.0058882,0.034958,0
0.0058969,0.03496,0
0.0059086,0.034962,0
0.0059173,0.034964,0
0.0059261,0.034965,0
0.0059377,0.034968,0
0.0059464,0.034969,0
0.0059551,0.034971,0
0.0059666,0.034973,0
0.0059753,0.034975,0
0.005984,0.034976,0
0.0059926,0.034978,0
0.0060041,0.03498,0
0.0060128,0.034982,0
0.0060214,0.034983,0
0.0060329,0.034986,0
0.0060415,0.034987,0
0.00605,0.034989,0
0.0060615,0.034991,0
0.00607,0.034993,0
0.0060786,0.034994,0
0.0060871,0.034996,0
0.0060985,0.034998,0
0.006107,0.035,0
0.0061156,0.035001,0
0.0061269,0.035003,0
0.0061354,0.035005,0
0.0061439,0.035007,0
0.0061552,0.035009,0
0.0061636,0.03501,0
0.0061721,0.035012,0
0.0061805,0.035013,0
0.0061918,0.035016,0
0.0062002,0.035017,0
0.0062086,0.035019,0
0.0062199,0.035021,0
0.0062283,0.035022,0
0.0062367,0.035024,0
0.0062478,0.035026,0
0.0062562,0.035028,0
0.0062646,0.035029,0
0.0062729,0.035031,0
0.0062841,0.035033,0
0.0062924,0.035035,0
0.0063007,0.035036,0
0.0063118,0.035038,0
0.0063202,0.03504,0
0.0063285,0.035041,0
0.0063395,0.035043,0
0.0063478,0.035045,0
0.0063561,0.035046,0
0.0063644,0.035048,0
0.0063754,0.03505,0
0.0063837,0.035052,0
0.006392,0.035053,0
0.006403,0.035055,0
0.0064112,0.035057,0
0.0064194,0.035058,0
0.0064304,0.03506,0
0.0064386,0.035062,0
0.0064468,0.035063,0
0.006455,0.035065,0
0.006466,0.035067,0
0.0064741,0.035069,0
0.0064823,0.03507,0
0.0064932,0.035072,0
0.0065014,0.035074,0
0.0065095,0.035075,0
0.0065204,0.035077,0
0.0065286,0.035079,0
0.0065367,0.03508,0
0.0065448,0.035082,0
0.0065557,0.035084,0
0.0065638,0.035085,0
0.0065719,0.035087,0
0.0065827,0.035089,0
0.0065908,0.03509,0
0.0065989,0.035092,0
0.0066097,0.035094,0
0.0066178,0.035095,0
0.0066259,0.035097,0
0.006634,0.035098,0
0.0066447,0.0351,0
0.0066528,0.035102,0
0.0066608,0.035103,0
0.0066716,0.035105,0
0.0066796,0.035107,0
0.0066876,0.035108,0
0.0066984,0.03511,0
0.0067064,0.035111,0
0.0067144,0.035113,0
0.0067224,0.035114,0
0.0067331,0.035116,0
0.0067411,0.035118,0
0.0067491,0.035119,0
0.0067597,0.035121,0
0.0067677,0.035123,0
0.0067757,0.035124,0
0.0067864,0.035126,0
0.0067943,0.035127,0
0.0068023,0.035129,0
0.0068103,0.03513,0
0.0068209,0.035132,0
0.0068288,0.035134,0
0.0068368,0.035135,0
0.0068474,0.035137,0
0.0068553,0.035139,0
0.0068632,0.03514,0
0.0068738,0.035142,0
0.0068817,0.035143,0
0.0068897,0.035145,0
0.0068976,0.035146,0
0.0069081,0.035148,0
0.006916,0.03515,0
0.0069239,0.035151,0
0.0069344,0.035153,0
0.0069423,0.035154,0
0.0069502,0.035156,0
0.0069607,0.035158,0
0.0069686,0.035159,0
0.0069765,0.03516,0
0.0069843,0.035162,0
0.0069948,0.035164,0
0.0070027,0.035165,0
0.0070106,0.035166,0
0.007021,0.035168,0
0.0070289,0.03517,0
0.0070367,0.035171,0
0.0070472,0.035173,0
0.007055,0.035174,0
0.0070628,0.035176,0
0.0070707,0.035177,0
0.0070811,0.035179,0
0.0070889,0.03518,0
0.0070967,0.035182,0
0.0071072,0.035184,0
0.007115,0.035185,0
0.0071228,0.035186,0
0.0071332,0.035188,0
0.007141,0.03519,0
0.0071488,0.035191,0
0.0071566,0.035192,0
0.007167,0.035194,0
0.0071747,0.035196,0
0.0071825,0.035197,0
0.0071929,0.035199,0
0.0072007,0.0352,0
0.0072084,0.035202,0
0.0072188,0.035203,0
0.0072266,0.035205,0
0.0072343,0.035206,0
0.0072421,0.035207,0
0.0072524,0.035209,0
0.0072602,0.035211,0
0.0072679,0.035212,0
0.0072782,0.035214,0
0.007286,0.035215,0
0.0072937,0.035216,0
0.007304,0.035218,0
0.0073118,0.03522,0
0.0073195,0.035221,0
0.0073272,0.035222,0
0.0073375,0.035224,0
0.0073452,0.035225,0
0.007353,0.035227,0
0.0073633,0.035228,0
0.007371,0.03523,0
0.0073787,0.035231,0
0.007389,0.035233,0
0.0073967,0.035234,0
0.0074044,0.035236,0
0.0074121,0.035237,0
0.0074223,0.035239,0
0.00743,0.03524,0
0.0074377,0.035241,0
0.007448,0.035243,0
0.0074556,0.035244,0
0.0074633,0.035246,0
0.007471,0.035247,0
0.0074812,0.035249,0
0.0074889,0.03525,0
0.0074966,0.035251,0
0.0075068,0.035253,0
0.0075145,0.035254,0
0.0075222,0.035256,0
0.0075324,0.035257,0
0.00754,0.035259,0
0.0075477,0.03526,0
0.0075554,0.035261,0
0.0075656,0.035263,0
0.0075732,0.035264,0
0.0075809,0.035265,0
0.0075911,0.035267,0
0.0075987,0.035268,0
0.0076064,0.03527,0
0.0076165,0.035271,0
0.0076242,0.035273,0
0.0076318,0.035274,0
0.0076395,0.035275,0
0.0076496,0.035277,0
0.0076573,0.035278,0
0.0076649,0.03528,0
0.0076751,0.035281,0
0.0076827,0.035282,0
0.0076903,0.035284,0
0.0077005,0.035285,0
0.0077081,0.035287,0
0.0077157,0.035288,0
0.0077233,0.035289,0
0.0077335,0.035291,0
0.0077411,0.035292,0
0.0077487,0.035293,0
0.0077589,0.035295,0
0.0077665,0.035296,0
0.0077741,0.035298,0
0.0077842,0.035299,0
0.0077918,0.0353,0
0.0077994,0.035302,0
0.007807,0.035303,0
0.0078171,0.035305,0
0.0078247,0.035306,0
0.0078323,0.035307,0
0.0078424,0.035309,0
0.00785,0.03531,0
0.0078576,0.035311,0
0.0078677,0.035313,0
0.0078753,0.035314,0
0.0078829,0.035315,0
0.0078905,0.035316,0
0.0079006,0.035318,0
0.0079082,0.035319,0
0.0079158,0.03532,0
0.0079259,0.035322,0
0.0079334,0.035323,0
0.007941,0.035325,0
0.0079511,0.035326,0
0.0079587,0.035327,0
0.0079663,0.035329,0
0.0079738,0.03533,0
0.0079839,0.035331,0
0.0079915,0.035333,0
0.0079991,0.035334,0
0.0080091,0.035335,0
0.0080167,0.035337,0
0.0080243,0.035338,0
0.0080343,0.035339,0
0.0080419,0.035341,0
0.0080494,0.035342,0
0.008057,0.035343,0
0.0080671,0.035345,0
0.0080746,0.035346,0
0.0080822,0.035347,0
0.0080922,0.035348,0
0.0080998,0.03535,0
0.0081073,0.035351,0
0.0081174,0.035352,0
0.0081249,0.035354,0
0.0081325,0.035355,0
0.00814,0.035356,0
0.0081501,0.035357,0
0.0081576,0.035359,0
0.0081652,0.03536,0
0.0081752,0.035361,0
0.0081828,0.035363,0
0.0081903,0.035364,0
0.0082004,0.035365,0
0.0082079,0.035366,0
0.0082154,0.035368,0
0.008223,0.035369,0
0.008233,0.03537,0
0.0082405,0.035371,0
0.0082481,0.035373,0
0.0082581,0.035374,0
0.0082656,0.035375,0
0.0082732,0.035376,0
0.0082832,0.035378,0
0.0082907,0.035379,0
0.0082983,0.03538,0
0.0083058,0.035381,0
0.0083158,0.035383,0
0.0083233,0.035384,0
0.0083309,0.035385,0
0.0083409,0.035387,0
0.0083484,0.035388,0
0.0083559,0.035389,0
0.008366,0.03539,0
0.0083735,0.035392,0
0.008381,0.035393,0
0.0083885,0.035394,0
0.0083985,0.035395,0
0.0084061,0.035396,0
0.0084136,0.035398,0
0.0084236,0.035399,0
0.0084311,0.0354,0
0.0084386,0.035401,0
0.0084486,0.035403,0
0.0084562,0.035404,0
0.0084637,0.035405,0
0.0084712,0.035406,0
0.0084812,0.035408,0
0.0084887,0.035409,0
0.0084962,0.03541,0
0.0085062,0.035411,0
0.0085137,0.035412,0
0.0085212,0.035413,0
0.0085312,0.035415,0
0.0085387,0.035416,0
0.0085462,0.035417,0
0.0085538,0.035418,0
0.0085638,0.03542,0
0.0085713,0.035421,0
0.0085788,0.035422,0
0.0085888,0.035423,0
0.0085963,0.035424,0
0.0086038,0.035425,0
0.0086138,0.035427,0
0.0086213,0.035428,0
0.0086288,0.035429,0
0.0086363,0.03543,0
0.0086463,0.035431,0
0.0086538,0.035433,0
0.0086613,0.035434,0
0.0086713,0.035435,0
0.0086788,0.035436,0
0.0086863,0.035437,0
0.0086963,0.035439,0
0.0087038,0.03544,0
0.0087113,0.035441,0
0.0087188,0.035442,0
0.0087288,0.035443,0
0.0087362,0.035444,0
0.0087437,0.035445,0
0.0087537,0.035447,0
0.0087612,0.035448,0
0.0087687,0.035449,0
0.0087787,0.03545,0
0.0087862,0.035451,0
0.0087937,0.035452,0
0.0088012,0.035453,0
0.0088112,0.035455,0
0.0088187,0.035456,0
0.0088262,0.035457,0
0.0088361,0.035458,0
0.0088436,0.035459,0
0.0088511,0.03546,0
0.0088611,0.035462,0
0.0088686,0.035463,0
0.0088761,0.035464,0
0.0088836,0.035465,0
0.0088936,0.035466,0
0.0089011,0.035467,0
0.0089086,0.035468,0
0.0089185,0.035469,0
0.008926,0.03547,0
0.0089335,0.035471,0
0.0089435,0.035473,0
0.008951,0.035474,0
0.0089585,0.035475,0
0.008966,0.035476,0
0.0089759,0.035477,0
0.0089834,0.035478,0
0.0089909,0.035479,0
0.0090009,0.03548,0
0.0090084,0.035481,0
0.0090159,0.035482,0
0.0090258,0.035484,0
0.0090333,0.035485,0
0.0090408,0.035486,0
0.0090483,0.035487,0
0.0090583,0.035488,0
0.0090658,0.035489,0
0.0090732,0.03549,0
0.0090832,0.035491,0
0.0090907,0.035492,0
0.0090982,0.035493,0
0.0091082,0.035495,0
0.0091157,0.035496,0
0.0091231,0.035497,0
0.0091306,0.035498,0
0.0091406,0.035499,0
0.0091481,0.0355,0
0.0091556,0.035501,0
0.0091655,0.035502,0
0.009173,0.035503,0
0.0091805,0.035504,0
0.0091905,0.035505,0
0.009198,0.035506,0
0.0092055,0.035507,0
0.0092129,0.035508,0
0.0092229,0.035509,0
0.0092304,0.03551,0
0.0092379,0.035511,0
0.0092478,0.035513,0
0.0092553,0.035514,0
0.0092628,0.035515,0
0.0092728,0.035516,0
0.0092803,0.035517,0
0.0092878,0.035518,0
0.0092952,0.035519,0
0.0093052,0.03552,0
0.0093127,0.035521,0
0.0093202,0.035522,0
0.0093301,0.035523,0
0.0093376,0.035524,0
0.0093451,0.035525,0
0.0093551,0.035526,0
0.0093626,0.035527,0
0.00937,0.035528,0
0.0093775,0.035529,0
0.0093875,0.03553,0
0.009395,0.035531,0
0.0094025,0.035532,0
0.0094124,0.035533,0
0.0094199,0.035534,0
0.0094274,0.035535,0
0.0094374,0.035536,0
0.0094448,0.035537,0
0.0094523,0.035538,0
0.0094598,0.035539,0
0.0094698,0.03554,0
0.0094773,0.035541,0
0.0094847,0.035542,0
0.0094947,0.035543,0
0.0095022,0.035544,0
0.0095097,0.035545,0
0.0095196,0.035546,0
0.0095271,0.035547,0
0.0095346,0.035548,0
0.0095421,0.035549,0
0.0095521,0.03555,0
0.0095595,0.035551,0
0.009567,0.035552,0
0.009577,0.035553,0
0.0095845,0.035554,0
0.009592,0.035555,0
0.0096019,0.035556,0
0.0096094,0.035557,0
0.0096169,0.035558,0
0.0096244,0.035558,0
0.0096344,0.03556,0
0.0096418,0.03556,0
0.0096493,0.035561,0
0.0096593,0.035563,0
0.0096668,0.035563,0
0.0096743,0.035564,0
0.0096842,0.035565,0
0.0096917,0.035566,0
0.0096992,0.035567,0
0.0097067,0.035568,0
0.0097167,0.035569,0
0.0097241,0.03557,0
0.0097316,0.035571,0
0.0097416,0.035572,0
0.0097491,0.035573,0
0.0097566,0.035574,0
0.0097665,0.035575,0
0.009774,0.035576,0
0.0097815,0.035576,0
0.009789,0.035577,0
0.009799,0.035578,0
0.0098064,0.035579,0
0.0098139,0.03558,0
0.0098239,0.035581,0
0.0098314,0.035582,0
0.0098389,0.035583,0
0.0098489,0.035584,0
0.0098563,0.035585,0
0.0098638,0.035586,0
0.0098713,0.035586,0
0.0098813,0.035587,0
0.0098888,0.035588,0
0.0098962,0.035589,0
0.0099062,0.03559,0
0.0099137,0.035591,0
0.0099212,0.035592,0
0.0099312,0.035593,0
0.0099387,0.035594,0
0.0099461,0.035594,0
0.0099536,0.035595,0
0.0099636,0.035596,0
0.0099711,0.035597,0
0.0099786,0.035598,0
0.0099886,0.035599,0
0.009996,0.0356,0
0.010004,0.035601,0
0.010014,0.035602,0
0.010021,0.035602,0
0.010028,0.035603,0
0.010036,0.035604,0
0.010046,0.035605,0
0.010053,0.035606,0
0.010061,0.035607,0
0.010071,0.035608,0
0.010078,0.035608,0
0.010086,0.035609,0
0.010096,0.03561,0
0.010103,0.035611,0
0.010111,0.035612,0
0.010118,0.035613,0
0.010128,0.035614,0
0.010136,0.035614,0
0.010143,0.035615,0
0.010153,0.035616,0
0.010161,0.035617,0
0.010168,0.035618,0
0.010178,0.035619,0
0.010186,0.035619,0
0.010193,0.03562,0
0.010201,0.035621,0
0.010211,0.035622,0
0.010218,0.035623,0
0.010226,0.035623,0
0.010236,0.035624,0
0.010243,0.035625,0
0.010251,0.035626,0
0.010261,0.035627,0
0.010268,0.035628,0
0.010276,0.035628,0
0.010283,0.035629,0
0.010293,0.03563,0
0.010301,0.035631,0
0.010308,0.035631,0
0.010318,0.035632,0
0.010325,0.035633,0
0.010333,0.035634,0
0.010343,0.035635,0
0.01035,0.035636,0
0.010358,0.035636,0
0.010365,0.035637,0
0.010375,0.035638,0
0.010383,0.035639,0
0.01039,0.035639,0
0.0104,0.03564,0
0.010408,0.035641,0
0.010415,0.035642,0
0.010425,0.035643,0
0.010433,0.035643,0
0.01044,0.035644,0
0.010448,0.035645,0
0.010458,0.035646,0
0.010465,0.035646,0
0.010473,0.035647,0
0.010483,0.035648,0
0.01049,0.035649,0
0.010498,0.035649,0
0.010508,0.03565,0
0.010515,0.035651,0
0.010523,0.035652,0
0.01053,0.035652,0
0.01054,0.035653,0
0.010548,0.035654,0
0.010555,0.035654,0
0.010565,0.035655,0
0.010573,0.035656,0
0.01058,0.035657,0
0.01059,0.035658,0
0.010598,0.035658,0
0.010605,0.035659,0
0.010613,0.035659,0
0.010623,0.03566,0
0.01063,0.035661,0
0.010638,0.035662,0
0.010648,0.035663,0
0.010655,0.035663,0
0.010663,0.035664,0
0.010673,0.035665,0
0.01068,0.035665,0
0.010688,0.035666,0
0.010695,0.035667,0
0.010705,0.035667,0
0.010713,0.035668,0
0.01072,0.035669,0
0.01073,0.03567,0
0.010738,0.03567,0
0.010745,0.035671,0
0.010755,0.035672,0
0.010763,0.035672,0
0.01077,0.035673,0
0.010778,0.035673,0
0.010788,0.035674,0
0.010795,0.035675,0
0.010803,0.035676,0
0.010813,0.035676,0
0.01082,0.035677,0
0.010828,0.035678,0
0.010838,0.035678,0
0.010845,0.035679,0
0.010853,0.03568,0
0.01086,0.03568,0
0.01087,0.035681,0
0.010878,0.035682,0
0.010885,0.035682,0
0.010895,0.035683,0
0.010903,0.035684,0
0.01091,0.035684,0
0.01092,0.035685,0
0.010928,0.035685,0
0.010935,0.035686,0
0.010943,0.035687,0
0.010953,0.035687,0
0.01096,0.035688,0
0.010968,0.035689,0
0.010978,0.035689,0
0.010985,0.03569,0
0.010993,0.03569,0
0.011003,0.035691,0
0.011011,0.035692,0
0.011018,0.035692,0
0.011026,0.035693,0
0.011036,0.035694,0
0.011043,0.035694,0
0.011051,0.035695,0
0.011061,0.035695,0
0.011068,0.035696,0
0.011076,0.035697,0
0.011086,0.035697,0
0.011093,0.035698,0
0.011101,0.035698,0
0.011108,0.035699,0
0.011118,0.0357,0
0.011126,0.0357,0
0.011133,0.035701,0
0.011143,0.035701,0
0.011151,0.035702,0
0.011158,0.035702,0
0.011168,0.035703,0
0.011176,0.035704,0
0.011184,0.035704,0
0.011191,0.035705,0
0.011201,0.035705,0
0.011209,0.035706,0
0.011216,0.035706,0
0.011226,0.035707,0
0.011234,0.035708,0
0.011241,0.035708,0
0.011251,0.035709,0
0.011259,0.035709,0
0.011266,0.03571,0
0.011274,0.03571,0
0.011284,0.035711,0
0.011292,0.035711,0
0.011299,0.035712,0
0.011309,0.035713,0
0.011317,0.035713,0
0.011324,0.035714,0
0.011334,0.035714,0
0.011342,0.035715,0
0.011349,0.035715,0
0.011357,0.035716,0
0.011367,0.035716,0
0.011374,0.035717,0
0.011382,0.035717,0
0.011393,0.035718,0
0.011401,0.035718,0
0.011409,0.035719,0
0.01142,0.03572,0
0.011428,0.03572,0
0.011436,0.035721,0
0.011445,0.035721,0
0.011456,0.035722,0
0.011464,0.035722,0
0.011473,0.035723,0
0.011484,0.035724,0
0.011493,0.035724,0
0.011501,0.035725,0
0.011513,0.035725,0
0.011522,0.035726,0
0.011531,0.035726,0
0.011539,0.035727,0
0.011551,0.035728,0
0.01156,0.035728,0
0.011569,0.035729,0
0.011581,0.03573,0
0.01159,0.03573,0
0.011599,0.035731,0
0.011611,0.035732,0
0.01162,0.035732,0
0.011629,0.035733,0
0.011639,0.035733,0
0.011651,0.035734,0
0.01166,0.035735,0
0.011669,0.035736,0
0.011682,0.035736,0
0.011691,0.035737,0
0.0117,0.035738,0
0.011713,0.035739,0
0.011722,0.035739,0
0.011732,0.03574,0
0.011741,0.035741,0
0.011754,0.035742,0
0.011763,0.035742,0
0.011773,0.035743,0
0.011785,0.035744,0
0.011795,0.035745,0
0.011804,0.035745,0
0.011817,0.035746,0
0.011827,0.035747,0
0.011836,0.035748,0
0.011846,0.035749,0
0.011859,0.03575,0
0.011868,0.03575,0
0.011878,0.035751,0
0.011891,0.035752,0
0.0119,0.035753,0
0.01191,0.035754,0
0.011923,0.035755,0
0.011933,0.035756,0
0.011942,0.035756,0
0.011952,0.035757,0
0.011965,0.035758,0
0.011974,0.035759,0
0.011984,0.03576,0
0.011997,0.035761,0
0.012007,0.035762,0
0.012016,0.035763,0
0.012029,0.035764,0
0.012039,0.035765,0
0.012048,0.035766,0
0.012058,0.035767,0
0.012071,0.035768,0
0.01208,0.035769,0
0.01209,0.03577,0
0.012103,0.035771,0
0.012112,0.035772,0
0.012122,0.035773,0
0.012135,0.035774,0
0.012144,0.035775,0
0.012154,0.035776,0
0.012163,0.035777,0
0.012176,0.035779,0
0.012185,0.035779,0
0.012195,0.03578,0
0.012208,0.035782,0
0.012217,0.035783,0
0.012226,0.035784,0
0.012239,0.035785,0
0.012248,0.035786,0
0.012257,0.035787,0
0.012267,0.035788,0
0.012279,0.03579,0
0.012288,0.035791,0
0.012298,0.035792,0
0.01231,0.035793,0
0.012319,0.035794,0
0.012328,0.035795,0
0.01234,0.035796,0
0.012349,0.035797,0
0.012358,0.035798,0
0.012367,0.035799,0
0.012379,0.035801,0
0.012388,0.035802,0
0.012397,0.035803,0
0.012409,0.035804,0
0.012417,0.035805,0
0.012426,0.035806,0
0.012438,0.035808,0
0.012446,0.035809,0
0.012455,0.03581,0
0.012463,0.035811,0
0.012475,0.035812,0
0.012483,0.035813,0
0.012492,0.035814,0
0.012503,0.035816,0
0.012511,0.035817,0
0.012519,0.035818,0
0.01253,0.035819,0
0.012539,0.03582,0
0.012547,0.035821,0
0.012555,0.035822,0
0.012565,0.035824,0
0.012573,0.035825,0
0.012581,0.035826,0
0.012592,0.035827,0
0.0126,0.035828,0
0.012607,0.035829,0
0.012617,0.03583,0
0.012625,0.035831,0
0.012633,0.035832,0
0.01264,0.035833,0
0.01265,0.035834,0
0.012657,0.035835,0
0.012665,0.035836,0
0.012674,0.035837,0
0.012682,0.035838,0
0.012689,0.035839,0
0.012698,0.03584,0
0.012705,0.035841,0
0.012712,0.035842,0
0.012719,0.035843,0
0.012728,0.035844,0
0.012735,0.035845,0
0.012741,0.035846,0
0.01275,0.035847,0
0.012757,0.035848,0
0.012763,0.035849,0
0.012772,0.03585,0
0.012778,0.035851,0
0.012785,0.035851,0
0.012791,0.035852,0
0.012799,0.035853,0
0.012805,0.035854,0
0.012811,0.035855,0
0.012819,0.035856,0
0.012825,0.035856,0
0.012831,0.035857,0
0.012839,0.035858,0
0.012845,0.035859,0
0.012851,0.035859,0
0.012856,0.03586,0
0.012864,0.035861,0
0.012869,0.035862,0
0.012875,0.035862,0
0.012882,0.035863,0
0.012888,0.035864,0
0.012894,0.035864,0
0.012901,0.035865,0
0.012907,0.035866,0
0.012913,0.035866,0
0.012919,0.035867,0
0.012926,0.035868,0
0.012932,0.035869,0
0.012938,0.035869,0
0.012946,0.03587,0
0.012952,0.035871,0
0.012958,0.035871,0
0.012965,0.035872,0
0.012971,0.035873,0
0.012977,0.035873,0
0.012983,0.035874,0
0.012991,0.035875,0
0.012997,0.035875,0
0.013003,0.035876,0
0.013011,0.035877,0
0.013017,0.035877,0
0.013023,0.035878,0
0.013031,0.035879,0
0.013037,0.035879,0
0.013043,0.03588,0
0.013049,0.03588,0
0.013058,0.035881,0
0.013064,0.035882,0
0.01307,0.035882,0
0.013078,0.035883,0
0.013084,0.035884,0
0.01309,0.035884,0
0.013099,0.035885,0
0.013105,0.035885,0
0.013111,0.035886,0
0.013117,0.035887,0
0.013126,0.035887,0
0.013132,0.035888,0
0.013138,0.035888,0
0.013147,0.035889,0
0.013153,0.03589,0
0.013159,0.03589,0
0.013168,0.035891,0
0.013174,0.035891,0
0.013181,0.035892,0
0.013187,0.035892,0
0.013196,0.035893,0
0.013202,0.035893,0
0.013208,0.035894,0
0.013217,0.035895,0
0.013224,0.035895,0
0.01323,0.035896,0
0.013239,0.035896,0
0.013245,0.035897,0
0.013252,0.035897,0
0.013258,0.035898,0
0.013267,0.035898,0
0.013273,0.035899,0
0.01328,0.035899,0
0.013289,0.0359,0
0.013295,0.0359,0
0.013302,0.035901,0
0.013311,0.035901,0
0.013317,0.035902,0
0.013324,0.035902,0
0.013331,0.035903,0
0.01334,0.035903,0
0.013346,0.035904,0
0.013353,0.035904,0
0.013362,0.035905,0
0.013369,0.035905,0
0.013375,0.035905,0
0.013384,0.035906,0
0.013391,0.035906,0
0.013398,0.035907,0
0.013405,0.035907,0
0.013414,0.035908,0
0.013421,0.035908,0
0.013427,0.035908,0
0.013436,0.035909,0
0.013443,0.035909,0
0.01345,0.03591,0
0.013459,0.03591,0
0.013466,0.035911,0
0.013473,0.035911,0
0.01348,0.035911,0
0.013489,0.035912,0
0.013496,0.035912,0
0.013503,0.035912,0
0.013512,0.035913,0
0.013519,0.035913,0
0.013526,0.035914,0
0.013535,0.035914,0
0.013542,0.035914,0
0.013549,0.035915,0
0.013556,0.035915,0
0.013566,0.035915,0
0.013573,0.035916,0
0.01358,0.035916,0
0.013589,0.035916,0
0.013596,0.035917,0
0.013603,0.035917,0
0.013613,0.035917,0
0.01362,0.035918,0
0.013627,0.035918,0
0.013634,0.035918,0
0.013644,0.035918,0
0.013651,0.035919,0
0.013658,0.035919,0
0.013667,0.035919,0
0.013675,0.03592,0
0.013682,0.03592,0
0.013691,0.03592,0
0.013699,0.03592,0
0.013706,0.035921,0
0.013713,0.035921,0
0.013723,0.035921,0
0.01373,0.035921,0
0.013737,0.035922,0
0.013747,0.035922,0
0.013754,0.035922,0
0.013761,0.035922,0
0.013771,0.035923,0
0.013778,0.035923,0
0.013786,0.035923,0
0.013793,0.035923,0
0.013803,0.035923,0
0.01381,0.035924,0
0.013817,0.035924,0
0.013827,0.035924,0
0.013834,0.035924,0
0.013842,0.035924,0
0.013852,0.035924,0
0.013859,0.035925,0
0.013866,0.035925,0
0.013874,0.035925,0
0.013884,0.035925,0
0.013891,0.035925,0
0.013899,0.035925,0
0.013908,0.035926,0
0.013916,0.035926,0
0.013923,0.035926,0
0.013933,0.035926,0
0.013941,0.035926,0
0.013948,0.035926,0
0.013956,0.035926,0
0.013966,0.035926,0
0.013973,0.035926,0
0.013981,0.035926,0
0.013991,0.035927,0
0.013998,0.035927,0
0.014006,0.035927,0
0.014016,0.035927,0
0.014023,0.035927,0
0.014031,0.035927,0
0.014039,0.035927,0
0.014049,0.035927,0
0.014056,0.035927,0
0.014064,0.035927,0
0.014074,0.035927,0
0.014082,0.035927,0
0.014089,0.035927,0
0.014099,0.035927,0
0.014107,0.035927,0
0.014115,0.035927,0
0.014122,0.035927,0
0.014133,0.035927,0
0.01414,0.035927,0
0.014148,0.035927,0
0.014158,0.035927,0
0.014166,0.035927,0
0.014174,0.035927,0
0.014184,0.035927,0
0.014192,0.035927,0
0.014199,0.035927,0
0.014207,0.035927,0
0.014217,0.035927,0
0.014225,0.035927,0
0.014233,0.035927,0
0.014243,0.035927,0
0.014251,0.035927,0
0.014259,0.035927,0
0.014269,0.035927,0
0.014277,0.035927,0
0.014285,0.035927,0
0.014292,0.035927,0
0.014303,0.035926,0
0.014311,0.035926,0
0.014319,0.035926,0
0.014329,0.035926,0
0.014337,0.035926,0
0.014345,0.035926,0
0.014355,0.035926,0
0.014363,0.035926,0
0.014371,0.035925,0
0.014379,0.035925,0
0.014389,0.035925,0
0.014397,0.035925,0
0.014405,0.035925,0
0.014416,0.035925,0
0.014423,0.035925,0
0.014431,0.035924,0
0.014442,0.035924,0
0.01445,0.035924,0
0.014458,0.035924,0
0.014466,0.035924,0
0.014476,0.035923,0
0.014484,0.035923,0
0.014492,0.035923,0
0.014503,0.035923,0
0.014511,0.035923,0
0.014519,0.035922,0
0.014529,0.035922,0
0.014537,0.035922,0
0.014545,0.035922,0
0.014553,0.035921,0
0.014564,0.035921,0
0.014572,0.035921,0
0.01458,0.035921,0
0.014591,0.03592,0
0.014599,0.03592,0
0.014607,0.03592,0
0.014618,0.03592,0
0.014626,0.035919,0
0.014634,0.035919,0
0.014642,0.035919,0
0.014653,0.035918,0
0.014661,0.035918,0
0.014669,0.035918,0
0.01468,0.035917,0
0.014688,0.035917,0
0.014696,0.035917,0
0.014707,0.035917,0
0.014715,0.035916,0
0.014723,0.035916,0
0.014731,0.035916,0
0.014742,0.035915,0
0.01475,0.035915,0
0.014758,0.035915,0
0.014769,0.035914,0
0.014777,0.035914,0
0.014785,0.035913,0
0.014796,0.035913,0
0.014804,0.035913,0
0.014813,0.035912,0
0.014821,0.035912,0
0.014832,0.035911,0
0.01484,0.035911,0
0.014848,0.035911,0
0.014859,0.03591,0
0.014867,0.03591,0
0.014875,0.035909,0
0.014886,0.035909,0
0.014895,0.035908,0
0.014903,0.035908,0
0.014911,0.035908,0
0.014922,0.035907,0
0.01493,0.035907,0
0.014939,0.035906,0
0.01495,0.035906,0
0.014958,0.035905,0
0.014966,0.035905,0
0.014977,0.035904,0
0.014986,0.035904,0
0.014994,0.035903,0
0.015002,0.035903,0
0.015013,0.035902,0
0.015022,0.035902,0
0.01503,0.035901,0
0.015041,0.035901,0
0.015049,0.0359,0
0.015058,0.0359,0
0.015069,0.035899,0
0.015077,0.035899,0
0.015085,0.035898,0
0.015094,0.035898,0
0.015105,0.035897,0
0.015113,0.035897,0
0.015122,0.035896,0
0.015133,0.035895,0
0.015141,0.035895,0
0.015149,0.035894,0
0.015161,0.035894,0
0.015169,0.035893,0
0.015177,0.035893,0
0.015186,0.035892,0
0.015197,0.035891,0
0.015205,0.035891,0
0.015214,0.03589,0
0.015225,0.035889,0
0.015233,0.035889,0
0.015242,0.035888,0
0.015253,0.035887,0
0.015262,0.035887,0
0.01527,0.035886,0
0.015278,0.035886,0
0.01529,0.035885,0
0.015298,0.035884,0
0.015307,0.035884,0
0.015318,0.035883,0
0.015326,0.035882,0
0.015335,0.035882,0
0.015346,0.035881,0
0.015355,0.03588,0
0.015363,0.03588,0
0.015372,0.035879,0
0.015383,0.035878,0
0.015391,0.035877,0
0.0154,0.035877,0
0.015411,0.035876,0
0.01542,0.035875,0
0.015428,0.035875,0
0.01544,0.035874,0
0.015448,0.035873,0
0.015457,0.035872,0
0.015465,0.035872,0
0.015477,0.035871,0
0.015485,0.03587,0
0.015494,0.035869,0
0.015505,0.035868,0
0.015514,0.035868,0
0.015522,0.035867,0
0.015534,0.035866,0
0.015542,0.035865,0
0.015551,0.035865,0
0.015559,0.035864,0
0.015571,0.035863,0
0.015579,0.035862,0
0.015588,0.035861,0
0.015599,0.03586,0
0.015608,0.03586,0
0.015617,0.035859,0
0.015628,0.035858,0
0.015637,0.035857,0
0.015645,0.035856,0
0.015654,0.035856,0
0.015665,0.035855,0
0.015674,0.035854,0
0.015683,0.035853,0
0.015694,0.035852,0
0.015703,0.035851,0
0.015711,0.03585,0
0.015723,0.035849,0
0.015732,0.035848,0
0.01574,0.035848,0
0.015749,0.035847,0
0.01576,0.035846,0
0.015769,0.035845,0
0.015778,0.035844,0
0.015789,0.035843,0
0.015798,0.035842,0
0.015807,0.035841,0
0.015818,0.03584,0
0.015827,0.035839,0
0.015836,0.035838,0
0.015844,0.035838,0
0.015856,0.035836,0
0.015865,0.035836,0
0.015873,0.035835,0
0.015885,0.035833,0
0.015894,0.035833,0
0.015902,0.035832,0
0.015914,0.03583,0
0.015923,0.03583,0
0.015931,0.035829,0
0.01594,0.035828,0
0.015952,0.035827,0
0.015961,0.035826,0
0.015969,0.035825,0
0.015981,0.035823,0
0.01599,0.035822,0
0.015998,0.035822,0
0.01601,0.03582,0
0.016019,0.035819,0
0.016028,0.035818,0
0.016036,0.035817,0
0.016048,0.035816,0
0.016057,0.035815,0
0.016066,0.035814,0
0.016077,0.035813,0
0.016086,0.035812,0
0.016095,0.035811,0
0.016107,0.03581,0
0.016115,0.035809,0
0.016124,0.035808,0
0.016133,0.035807,0
0.016145,0.035805,0
0.016153,0.035804,0
0.016162,0.035803,0
0.016174,0.035802,0
0.016183,0.035801,0
0.016192,0.0358,0
0.016203,0.035798,0
0.016212,0.035797,0
0.016221,0.035796,0
0.01623,0.035795,0
0.016242,0.035794,0
0.016251,0.035793,0
0.016259,0.035792,0
0.016271,0.03579,0
0.01628,0.035789,0
0.016289,0.035788,0
0.016301,0.035787,0
0.016309,0.035786,0
0.016318,0.035785,0
0.016327,0.035784,0
0.016339,0.035782,0
0.016348,0.035781,0
0.016357,0.03578,0
0.016369,0.035778,0
0.016377,0.035777,0
0.016386,0.035776,0
0.016398,0.035775,0
0.016407,0.035773,0
0.016416,0.035772,0
0.016425,0.035771,0
0.016437,0.03577,0
0.016446,0.035769,0
0.016454,0.035767,0
0.016466,0.035766,0
0.016475,0.035765,0
0.016484,0.035764,0
0.016496,0.035762,0
0.016505,0.035761,0
0.016514,0.03576,0
0.016523,0.035758,0
0.016535,0.035757,0
0.016544,0.035756,0
0.016553,0.035754,0
0.016564,0.035753,0
0.016573,0.035752,0
0.016582,0.03575,0
0.016594,0.035749,0
0.016603,0.035748,0
0.016612,0.035746,0
0.016621,0.035745,0
0.016633,0.035743,0
0.016642,0.035742,0
0.016651,0.035741,0
0.016663,0.035739,0
0.016672,0.035738,0
0.016681,0.035737,0
0.016693,0.035735,0
0.016702,0.035734,0
0.016711,0.035733,0
0.01672,0.035731,0
0.016732,0.03573,0
0.016741,0.035728,0
0.01675,0.035727,0
0.016762,0.035725,0
0.016771,0.035724,0
0.01678,0.035723,0
0.016791,0.035721,0
0.0168,0.03572,0
0.016809,0.035718,0
0.016818,0.035717,0
0.01683,0.035715,0
0.016839,0.035714,0
0.016848,0.035713,0
0.016861,0.035711,0
0.01687,0.035709,0
0.016879,0.035708,0
0.016891,0.035706,0
0.0169,0.035705,0
0.016909,0.035704,0
0.016918,0.035702,0
0.01693,0.0357,0
0.016939,0.035699,0
0.016948,0.035698,0
0.01696,0.035696,0
0.016969,0.035694,0
0.016978,0.035693,0
0.01699,0.035691,0
0.016999,0.03569,0
0.017008,0.035688,0
0.017017,0.035687,0
0.017029,0.035685,0
0.017038,0.035684,0
0.017047,0.035682,0
0.017059,0.03568,0
0.017068,0.035679,0
0.017077,0.035678,0
0.017089,0.035676,0
0.017099,0.035674,0
0.017108,0.035673,0
0.017117,0.035671,0
0.017129,0.035669,0
0.017138,0.035668,0
0.017147,0.035666,0
0.017159,0.035664,0
0.017168,0.035663,0
0.017177,0.035661,0
0.017189,0.03566,0
0.017198,0.035658,0
0.017207,0.035657,0
0.017217,0.035655,0
0.017229,0.035653,0
0.017238,0.035652,0
0.017247,0.03565,0
0.017259,0.035648,0
0.017268,0.035646,0
0.017277,0.035645,0
0.017289,0.035643,0
0.017298,0.035641,0
0.017308,0.03564,0
0.017317,0.035638,0
0.017329,0.035636,0
0.017338,0.035635,0
0.017347,0.035633,0
0.017359,0.035631,0
0.017368,0.03563,0
0.017377,0.035628,0
0.01739,0.035626,0
0.017399,0.035624,0
0.017408,0.035623,0
0.017417,0.035621,0
0.017429,0.035619,0
0.017438,0.035617,0
0.017447,0.035616,0
0.01746,0.035614,0
0.017469,0.035612,0
0.017478,0.03561,0
0.01749,0.035608,0
0.017499,0.035607,0
0.017508,0.035605,0
0.017518,0.035603,0
0.01753,0.035601,0
0.017539,0.0356,0
0.017548,0.035598,0
0.01756,0.035596,0
0.017569,0.035594,0
0.017579,0.035593,0
0.017591,0.03559,0
0.0176,0.035589,0
0.017609,0.035587,0
0.017618,0.035585,0
0.017631,0.035583,0
0.01764,0.035581,0
0.017649,0.03558,0
0.017661,0.035577,0
0.01767,0.035576,0
0.017679,0.035574,0
0.017692,0.035572,0
0.017701,0.03557,0
0.01771,0.035568,0
0.017719,0.035567,0
0.017731,0.035564,0
0.017741,0.035563,0
0.01775,0.035561,0
0.017762,0.035559,0
0.017771,0.035557,0
0.017781,0.035555,0
0.017793,0.035553,0
0.017802,0.035551,0
0.017811,0.035549,0
0.01782,0.035548,0
0.017833,0.035545,0
0.017842,0.035543,0
0.017851,0.035542,0
0.017863,0.035539,0
0.017873,0.035538,0
0.017882,0.035536,0
0.017894,0.035533,0
0.017903,0.035532,0
0.017912,0.03553,0
0.017922,0.035528,0
0.017934,0.035526,0
0.017943,0.035524,0
0.017952,0.035522,0
0.017965,0.03552,0
0.017974,0.035518,0
0.017983,0.035516,0
0.017995,0.035514,0
0.018005,0.035512,0
0.018014,0.03551,0
0.018023,0.035508,0
0.018035,0.035506,0
0.018045,0.035504,0
0.018054,0.035502,0
0.018066,0.035499,0
0.018076,0.035497,0
0.018085,0.035496,0
0.018097,0.035493,0
0.018106,0.035491,0
0.018116,0.035489,0
0.018125,0.035487,0
0.018137,0.035485,0
0.018146,0.035483,0
0.018156,0.035481,0
0.018168,0.035479,0
0.018177,0.035477,0
0.018186,0.035475,0
0.018199,0.035472,0
0.018208,0.03547,0
0.018217,0.035468,0
0.018227,0.035467,0
0.018239,0.035464,0
0.018248,0.035462,0
0.018257,0.03546,0
0.01827,0.035457,0
0.018279,0.035456,0
0.018288,0.035454,0
0.018302,0.035451,0
